#
# A fatal error has been detected by the Java Runtime Environment:
#
#  SIGSEGV (0xb) at pc=0x00007d39bc974080, pid=36, tid=161
#
# JRE version: OpenJDK Runtime Environment (17.0.19+10) (build 17.0.19+10-1-deb12u2-Debian)
# Java VM: OpenJDK 64-Bit Server VM (17.0.19+10-1-deb12u2-Debian, mixed mode, sharing, tiered, compressed oops, compressed class ptrs, g1 gc, linux-amd64)
# Problematic frame:
# V  [libjvm.so+0x59ece2]  CodeBuffer::relocate_code_to(CodeBuffer*) const+0x222
#
# Core dump will be written. Default location: Core dumps may be processed with "/wsl-capture-crash %t %E %p %s" (or dumping to /app/core.36)
#
# If you would like to submit a bug report, please visit:
#   https://bugs.debian.org/openjdk-17
#

---------------  S U M M A R Y ------------

Command Line: -Xmx1g -XX:+IgnoreUnrecognizedVMOptions --add-modules=jdk.incubator.vector --add-opens=java.base/java.lang=ALL-UNNAMED --add-opens=java.base/java.lang.invoke=ALL-UNNAMED --add-opens=java.base/java.lang.reflect=ALL-UNNAMED --add-opens=java.base/java.io=ALL-UNNAMED --add-opens=java.base/java.net=ALL-UNNAMED --add-opens=java.base/java.nio=ALL-UNNAMED --add-opens=java.base/java.util=ALL-UNNAMED --add-opens=java.base/java.util.concurrent=ALL-UNNAMED --add-opens=java.base/java.util.concurrent.atomic=ALL-UNNAMED --add-opens=java.base/jdk.internal.ref=ALL-UNNAMED --add-opens=java.base/sun.nio.ch=ALL-UNNAMED --add-opens=java.base/sun.nio.cs=ALL-UNNAMED --add-opens=java.base/sun.security.action=ALL-UNNAMED --add-opens=java.base/sun.util.calendar=ALL-UNNAMED --add-opens=java.security.jgss/sun.security.krb5=ALL-UNNAMED -Djdk.reflect.useDirectMethodHandle=false -Dio.netty.tryReflectionSetAccessible=true -Dio.netty.allocator.type=pooled -Dio.netty.handler.ssl.defaultEndpointVerificationAlgorithm=NONE --enable-native-access=ALL-UNNAMED -Dderby.connection.requireAuthentication=false org.apache.spark.deploy.SparkSubmit --conf spark.master=local[*] --conf spark.jars.packages=org.apache.spark:spark-sql-kafka-0-10_2.13:4.1.0-preview2 --conf spark.app.name=VentasStreamingKafka --conf spark.sql.shuffle.partitions=4 pyspark-shell

Host: AMD Ryzen 7 5700X 8-Core Processor, 16 cores, 7G, Debian GNU/Linux 12 (bookworm)
Time: Tue May 12 21:53:26 2026 UTC elapsed time: 16.451016 seconds (0d 0h 0m 16s)

---------------  T H R E A D  ---------------

Current thread (0x00007d39302240d0):  JavaThread "C1 CompilerThread1" daemon [_thread_in_vm, id=161, stack(0x00007d39a5900000,0x00007d39a5a00000)]


Current CompileTask:
C1:16453 5340       1       org.apache.logging.log4j.core.config.Node::getType (5 bytes)

Stack: [0x00007d39a5900000,0x00007d39a5a00000],  sp=0x00007d39a59fde60,  free space=1015k
Native frames: (J=compiled Java code, j=interpreted, Vv=VM code, C=native code)
V  [libjvm.so+0x59ece2]  CodeBuffer::relocate_code_to(CodeBuffer*) const+0x222
V  [libjvm.so+0x59f78a]  CodeBuffer::copy_code_to(CodeBlob*)+0x17a
V  [libjvm.so+0xbedcd4]  nmethod::nmethod(Method*, CompilerType, int, int, int, CodeOffsets*, int, DebugInformationRecorder*, Dependencies*, CodeBuffer*, int, OopMapSet*, ExceptionHandlerTable*, ImplicitExceptionTable*, AbstractCompiler*, int, GrowableArrayView<RuntimeStub*> const&, char*, int, int)+0x3a4
V  [libjvm.so+0xbee05c]  nmethod::new_nmethod(methodHandle const&, int, int, CodeOffsets*, int, DebugInformationRecorder*, Dependencies*, CodeBuffer*, int, OopMapSet*, ExceptionHandlerTable*, ImplicitExceptionTable*, AbstractCompiler*, int, GrowableArrayView<RuntimeStub*> const&, char*, int, int, char const*, FailedSpeculation**)+0x1cc
V  [libjvm.so+0x5405cb]  ciEnv::register_method(ciMethod*, int, CodeOffsets*, int, CodeBuffer*, int, OopMapSet*, ExceptionHandlerTable*, ImplicitExceptionTable*, AbstractCompiler*, bool, bool, RTMState, GrowableArrayView<RuntimeStub*> const&)+0x3eb
V  [libjvm.so+0x461e47]  Compilation::install_code(int)+0xa7
V  [libjvm.so+0x46304d]  Compilation::compile_method()+0x27d
V  [libjvm.so+0x4632ac]  Compilation::Compilation(AbstractCompiler*, ciEnv*, ciMethod*, int, BufferBlob*, bool, DirectiveSet*)+0x20c
V  [libjvm.so+0x463e06]  Compiler::compile_method(ciEnv*, ciMethod*, int, bool, DirectiveSet*)+0xb6
V  [libjvm.so+0x5d7ef3]  CompileBroker::invoke_compiler_on_method(CompileTask*)+0xe93
V  [libjvm.so+0x5d8e18]  CompileBroker::compiler_thread_loop()+0x728
V  [libjvm.so+0xea016f]  JavaThread::thread_main_inner()+0x1af
V  [libjvm.so+0xea3995]  Thread::call_run()+0xa5
V  [libjvm.so+0xc2c423]  thread_native_entry(Thread*)+0xe3


siginfo: si_signo: 11 (SIGSEGV), si_code: 2 (SEGV_ACCERR), si_addr: 0x00007d39bc974080

Registers:
RAX=0x00007d39bd3b5640, RBX=0x00007d39a59fdf60, RCX=0x00007d39d497b718, RDX=0x0000000000000000
RSP=0x00007d39a59fde58, RBP=0x00007d39a59fdf50, RSI=0x0000000000000001, RDI=0x00007d39bd3b5640
R8 =0x0000000000000001, R9 =0x0000000000000000, R10=0x00007d39ccf8f68c, R11=0x0000000000000000
R12=0x00007d39a59fe6e0, R13=0x0000000000000058, R14=0x00007d39a59fde80, R15=0x00007d39bd3b56ea
RIP=0x00007d39bc974080, EFLAGS=0x0000000000010202, CSGSFS=0x002b000000000033, ERR=0x0000000000000014
  TRAPNO=0x000000000000000e

XMM[0]=0x0000000000000000 0x0000000000000000
XMM[1]=0x4818468b30ec8348 0x55fffec000248489
XMM[2]=0x5897894d00007d39 0xbca78e34ba49c300
XMM[3]=0xd887c74900000000 0x000003d087c74900
XMM[4]=0x4800000000000003 0xd887c74900000000
XMM[5]=0xfff538a8e9000003 0x5897894d00007d39
XMM[6]=0x40a73b495d30c483 0x4818468b30ec8348
XMM[7]=0xcf66850fd03b4cd3 0x034d00007d395700
XMM[8]=0x6de8ffffffff2404 0xc748082454894c00
XMM[9]=0x000000000000000d 0x000000000000000c
XMM[10]=0x000000000000000b 0x000000000000000a
XMM[11]=0x0000000000000009 0x0000000000000008
XMM[12]=0x0000000000000007 0x0000000000000006
XMM[13]=0x0000000000000005 0x0000000000000004
XMM[14]=0x0000000000000003 0x0000000000000002
XMM[15]=0x0000000000000000 0x0000000000000000
  MXCSR=0x00001fa0


Register to memory mapping:

RAX=0x00007d39bd3b5640 is at entry_point+32 in (nmethod*)0x00007d39bd3b5490
Compiled method (c1) 16470 5340       1       org.apache.logging.log4j.core.config.Node::getType (5 bytes)
 total in heap  [0x00007d39bd3b5490,0x00007d39bd3b5728] = 664
 relocation     [0x00007d39bd3b55f0,0x00007d39bd3b5618] = 40
 main code      [0x00007d39bd3b5620,0x00007d39bd3b56c0] = 160
 stub code      [0x00007d39bd3b56c0,0x00007d39bd3b56f0] = 48
 oops           [0x00007d39bd3b56f0,0x00007d39bd3b56f8] = 8
 scopes data    [0x00007d39bd3b56f8,0x00007d39bd3b5700] = 8
 scopes pcs     [0x00007d39bd3b5700,0x00007d39bd3b5720] = 32
 dependencies   [0x00007d39bd3b5720,0x00007d39bd3b5728] = 8
0x00007d39bd3b5640:   89 84 24 00 c0 fe ff 55 48 83 ec 30 8b 46 18 48
0x00007d39bd3b5650:   83 c4 30 5d 
RBX=0x00007d39a59fdf60 is pointing into the stack for thread: 0x00007d39302240d0
RCX=0x00007d39d497b718: <offset 0x0000000000cc5718> in /usr/lib/jvm/java-17-openjdk-amd64/lib/server/libjvm.so at 0x00007d39d3cb6000
RDX=0x0 is NULL
RSP=0x00007d39a59fde58 is pointing into the stack for thread: 0x00007d39302240d0
RBP=0x00007d39a59fdf50 is pointing into the stack for thread: 0x00007d39302240d0
RSI=0x0000000000000001 is an unknown value
RDI=0x00007d39bd3b5640 is at entry_point+32 in (nmethod*)0x00007d39bd3b5490
Compiled method (c1) 16482 5340       1       org.apache.logging.log4j.core.config.Node::getType (5 bytes)
 total in heap  [0x00007d39bd3b5490,0x00007d39bd3b5728] = 664
 relocation     [0x00007d39bd3b55f0,0x00007d39bd3b5618] = 40
 main code      [0x00007d39bd3b5620,0x00007d39bd3b56c0] = 160
 stub code      [0x00007d39bd3b56c0,0x00007d39bd3b56f0] = 48
 oops           [0x00007d39bd3b56f0,0x00007d39bd3b56f8] = 8
 scopes data    [0x00007d39bd3b56f8,0x00007d39bd3b5700] = 8
 scopes pcs     [0x00007d39bd3b5700,0x00007d39bd3b5720] = 32
 dependencies   [0x00007d39bd3b5720,0x00007d39bd3b5728] = 8
0x00007d39bd3b5640:   89 84 24 00 c0 fe ff 55 48 83 ec 30 8b 46 18 48
0x00007d39bd3b5650:   83 c4 30 5d 
R8 =0x0000000000000001 is an unknown value
R9 =0x0 is NULL
R10=0x00007d39ccf8f68c points into unknown readable memory: 39 7d 00 00
R11=0x0 is NULL
R12=0x00007d39a59fe6e0 is pointing into the stack for thread: 0x00007d39302240d0
R13=0x0000000000000058 is an unknown value
R14=0x00007d39a59fde80 is pointing into the stack for thread: 0x00007d39302240d0
R15=0x00007d39bd3b56ea is at entry_point+202 in (nmethod*)0x00007d39bd3b5490
Compiled method (c1) 16492 5340       1       org.apache.logging.log4j.core.config.Node::getType (5 bytes)
 total in heap  [0x00007d39bd3b5490,0x00007d39bd3b5728] = 664
 relocation     [0x00007d39bd3b55f0,0x00007d39bd3b5618] = 40
 main code      [0x00007d39bd3b5620,0x00007d39bd3b56c0] = 160
 stub code      [0x00007d39bd3b56c0,0x00007d39bd3b56f0] = 48
 oops           [0x00007d39bd3b56f0,0x00007d39bd3b56f8] = 8
 scopes data    [0x00007d39bd3b56f8,0x00007d39bd3b5700] = 8
 scopes pcs     [0x00007d39bd3b5700,0x00007d39bd3b5720] = 32
 dependencies   [0x00007d39bd3b5720,0x00007d39bd3b5728] = 8
0x00007d39bd3b569c:   e9 ff dd fe ff f4 f4 f4 f4 f4 f4 f4 f4 f4 f4 f4
0x00007d39bd3b56ac:   f4 f4 f4 f4 f4 f4 f4 f4 f4 f4 f4 f4 f4 f4 f4 f4
0x00007d39bd3b56bc:   f4 f4 f4 f4 e8 7b 06 f7 ff 48 bf 4a 26 c7 d4 39
0x00007d39bd3b56cc:   7d 00 00 48 83 e4 f0 e8 28 61 cc 17 f4 49 ba 19
0x00007d39bd3b56dc:   8d af bc 39 7d 00 00 41 52 e9 76 2c ed ff e9 71
0x00007d39bd3b56ec:   2c ed ff 00 


Top of Stack: (sp=0x00007d39a59fde58)
0x00007d39a59fde58:   00007d39d4254ce2 fffffffffffffff8
0x00007d39a59fde68:   00007d39a59fe058 000000d03cfdccb0
0x00007d39a59fde78:   00007d39bd3b5620 0000000000000000
0x00007d39a59fde88:   00007d39ccf8f688 00007d39ccf8f68c
0x00007d39a59fde98:   0000000000000000 00007d39bd3b5673
0x00007d39a59fdea8:   00007d39a59f000e 00007d39a59fdea8
0x00007d39a59fdeb8:   00007d39d48d0000 00007d39bd3b5620
0x00007d39a59fdec8:   00007d39bd3b5620 00007d39bd3b56c0
0x00007d39a59fded8:   00007d39bd3b5620 00007d39bd3b56a1
0x00007d39a59fdee8:   00007d39bd3b56ea 00007d39d4ef5670
0x00007d39a59fdef8:   00007d39a59fde80 0000000900000006
0x00007d39a59fdf08:   00007d39bd3b5654 00007d39ffffffff
0x00007d39a59fdf18:   00007d3928166fb0 00007d39ccf8cff0
0x00007d39a59fdf28:   00007d39a59fdf60 00007d39a59fe6e0
0x00007d39a59fdf38:   00007d39bd3b5490 00007d39a59fe6c0
0x00007d39a59fdf48:   00007d39081ac590 00007d39a59fe110
0x00007d39a59fdf58:   00007d39d425578a 00007d39d4cd6a19
0x00007d39a59fdf68:   00007d39bd3b5620 0000000000000000
0x00007d39a59fdf78:   00007d39bd3b5620 00007d39bd3b5620
0x00007d39a59fdf88:   0000000000000000 0000000000000000
0x00007d39a59fdf98:   0000000000000000 00007d39bd3b5620
0x00007d39a59fdfa8:   00007d39cc000000 00007d39a59fdf60
0x00007d39a59fdfb8:   00007d39bd3b5620 0000000000000000
0x00007d39a59fdfc8:   00007d39bd3b56a1 00007d39bd3b56c0
0x00007d39a59fdfd8:   00007d39ccf8f680 00007d39ccf8f68c
0x00007d39a59fdfe8:   00007d39ccf8f68c 00007d39bd3b569c
0x00007d39a59fdff8:   00007d39d4010000 00007d39a59fdf60
0x00007d39a59fe008:   00007d39bd3b56c0 0000000000000000
0x00007d39a59fe018:   00007d39bd3b56ea 00007d39bd3b56ea
0x00007d39a59fe028:   00007d39ccf8f880 00007d39ccf8f896
0x00007d39a59fe038:   00007d39ccf8f896 00007d39bd3b56e5
0x00007d39a59fe048:   00007d39bd020000 00007d39a59fdf60 

Instructions: (pc=0x00007d39d4254ce2)
0x00007d39d4254be2:   70 66 48 0f 6e c0 66 0f 6c c0 41 0f 11 45 28 49
0x00007d39d4254bf2:   8b 46 38 49 2b 06 48 98 49 03 45 00 49 89 45 38
0x00007d39d4254c02:   49 29 f9 4d 63 c9 4c 01 cf 49 39 ff 4c 0f 42 ff
0x00007d39d4254c12:   49 83 c5 50 49 83 c6 50 4d 39 e8 0f 85 ea fe ff
0x00007d39d4254c22:   ff 41 bd 08 00 00 00 4c 8d b5 30 ff ff ff 4b 8b
0x00007d39d4254c32:   44 2c 10 4b 39 04 2c 75 35 49 83 c5 50 49 81 fd
0x00007d39d4254c42:   f8 00 00 00 75 e8 48 83 bb 00 01 00 00 00 75 09
0x00007d39d4254c52:   4d 85 ff 0f 85 45 01 00 00 48 81 c4 c8 00 00 00
0x00007d39d4254c62:   5b 41 5c 41 5d 41 5e 41 5f 5d c3 0f 1f 00 31 d2
0x00007d39d4254c72:   4a 8d 34 2b 31 c9 4c 89 f7 e8 50 66 72 00 48 8b
0x00007d39d4254c82:   95 38 ff ff ff 48 8d 42 02 48 89 85 38 ff ff ff
0x00007d39d4254c92:   48 39 85 40 ff ff ff 75 66 eb 9e 0f 1f 00 0f b7
0x00007d39d4254ca2:   00 48 8b 95 30 ff ff ff 25 ff 03 00 00 48 03 85
0x00007d39d4254cb2:   50 ff ff ff 48 89 85 50 ff ff ff 48 39 d0 72 09
0x00007d39d4254cc2:   48 85 d2 0f 85 70 ff ff ff 4c 89 f7 e8 0d 69 72
0x00007d39d4254cd2:   00 48 89 da 4c 89 e6 48 89 c7 48 8b 00 ff 50 38
0x00007d39d4254ce2:   48 8b 95 38 ff ff ff 48 8d 42 02 48 89 85 38 ff
0x00007d39d4254cf2:   ff ff 48 3b 85 40 ff ff ff 0f 84 3a ff ff ff 31
0x00007d39d4254d02:   c9 66 89 8d 68 ff ff ff 0f b7 52 02 66 c1 ea 0c
0x00007d39d4254d12:   66 83 fa 0f 75 88 4c 89 f7 e8 50 68 72 00 48 8b
0x00007d39d4254d22:   85 38 ff ff ff e9 74 ff ff ff 0f 1f 40 00 49 8b
0x00007d39d4254d32:   45 20 e9 a3 fe ff ff 0f 1f 80 00 00 00 00 4c 89
0x00007d39d4254d42:   85 18 ff ff ff e8 e4 ca e3 ff 49 8b 7d 10 49 8b
0x00007d39d4254d52:   55 18 0f b6 f0 48 29 fa 48 63 d2 e8 fe 25 cb ff
0x00007d39d4254d62:   4c 8b 85 18 ff ff ff 48 8d 0d 58 d3 a2 00 e9 17
0x00007d39d4254d72:   fe ff ff 48 63 d2 4c 89 85 18 ff ff ff 48 c1 e2
0x00007d39d4254d82:   03 e8 f8 22 cb ff 4c 8b 85 18 ff ff ff 48 8d 0d
0x00007d39d4254d92:   32 d3 a2 00 e9 e3 fd ff ff 0f 1f 44 00 00 e8 8b
0x00007d39d4254da2:   ca e3 ff 48 8b 95 28 ff ff ff 4c 89 ff 89 c6 48
0x00007d39d4254db2:   63 85 24 ff ff ff 48 81 c4 c8 00 00 00 5b 40 0f
0x00007d39d4254dc2:   b6 f6 41 5c 48 01 c2 41 5d 41 5e 4c 29 fa 41 5f
0x00007d39d4254dd2:   5d e9 88 25 cb ff 0f 1f 84 00 00 00 00 00 41 89 


Stack slot to memory mapping:
stack at sp + 0 slots: 0xfffffffffffffff8 is an unknown value
stack at sp + 1 slots: 0x00007d39a59fe058 is pointing into the stack for thread: 0x00007d39302240d0
stack at sp + 2 slots: 0x000000d03cfdccb0 is an unknown value
stack at sp + 3 slots: 0x00007d39bd3b5620 is at entry_point+0 in (nmethod*)0x00007d39bd3b5490
Compiled method (c1) 16642 5340       1       org.apache.logging.log4j.core.config.Node::getType (5 bytes)
 total in heap  [0x00007d39bd3b5490,0x00007d39bd3b5728] = 664
 relocation     [0x00007d39bd3b55f0,0x00007d39bd3b5618] = 40
 main code      [0x00007d39bd3b5620,0x00007d39bd3b56c0] = 160
 stub code      [0x00007d39bd3b56c0,0x00007d39bd3b56f0] = 48
 oops           [0x00007d39bd3b56f0,0x00007d39bd3b56f8] = 8
 scopes data    [0x00007d39bd3b56f8,0x00007d39bd3b5700] = 8
 scopes pcs     [0x00007d39bd3b5700,0x00007d39bd3b5720] = 32
 dependencies   [0x00007d39bd3b5720,0x00007d39bd3b5728] = 8
0x00007d39bd3b5620:   44 8b 56 08 49 bb 00 00 00 57 39 7d 00 00 4d 03
0x00007d39bd3b5630:   d3 4c 3b d0 
stack at sp + 4 slots: 0x0 is NULL
stack at sp + 5 slots: 0x00007d39ccf8f688 points into unknown readable memory: 0x00007d3964296411 | 11 64 29 64 39 7d 00 00
stack at sp + 6 slots: 0x00007d39ccf8f68c points into unknown readable memory: 39 7d 00 00
stack at sp + 7 slots: 0x0 is NULL


---------------  P R O C E S S  ---------------

Threads class SMR info:
_java_thread_list=0x00007d39cd79c400, length=20, elements={
0x00007d39cc01f260, 0x00007d39cc11ff00, 0x00007d39cc1212e0, 0x00007d39cc125d80,
0x00007d39cc127130, 0x00007d39cc128540, 0x00007d39cc129f70, 0x00007d39cc12b4a0,
0x00007d39cc12c910, 0x00007d39cc13c3c0, 0x00007d39cc16a410, 0x00007d39cd5714f0,
0x00007d39302240d0, 0x00007d3930239440, 0x00007d39302399f0, 0x00007d39140c09b0,
0x00007d3914065990, 0x00007d390808ab20, 0x00007d39cd691c00, 0x00007d39cd79b850
}

Java Threads: ( => current thread )
  0x00007d39cc01f260 JavaThread "main" [_thread_blocked, id=65, stack(0x00007d39d389c000,0x00007d39d399c000)]
  0x00007d39cc11ff00 JavaThread "Reference Handler" daemon [_thread_blocked, id=72, stack(0x00007d39b41e1000,0x00007d39b42e1000)]
  0x00007d39cc1212e0 JavaThread "Finalizer" daemon [_thread_blocked, id=73, stack(0x00007d39b40e1000,0x00007d39b41e1000)]
  0x00007d39cc125d80 JavaThread "Signal Dispatcher" daemon [_thread_blocked, id=74, stack(0x00007d39a5f00000,0x00007d39a6000000)]
  0x00007d39cc127130 JavaThread "Service Thread" daemon [_thread_blocked, id=75, stack(0x00007d39a5e00000,0x00007d39a5f00000)]
  0x00007d39cc128540 JavaThread "Monitor Deflation Thread" daemon [_thread_blocked, id=76, stack(0x00007d39a5d00000,0x00007d39a5e00000)]
  0x00007d39cc129f70 JavaThread "C2 CompilerThread0" daemon [_thread_in_vm, id=77, stack(0x00007d39a5c00000,0x00007d39a5d00000)]
  0x00007d39cc12b4a0 JavaThread "C1 CompilerThread0" daemon [_thread_blocked, id=78, stack(0x00007d39a5b00000,0x00007d39a5c00000)]
  0x00007d39cc12c910 JavaThread "Sweeper thread" daemon [_thread_blocked, id=79, stack(0x00007d39a5a00000,0x00007d39a5b00000)]
  0x00007d39cc13c3c0 JavaThread "Common-Cleaner" daemon [_thread_blocked, id=81, stack(0x00007d39a5800000,0x00007d39a5900000)]
  0x00007d39cc16a410 JavaThread "Notification Thread" daemon [_thread_blocked, id=83, stack(0x00007d39a5600000,0x00007d39a5700000)]
  0x00007d39cd5714f0 JavaThread "Keep-Alive-Timer" daemon [_thread_blocked, id=100, stack(0x00007d39a4ffd000,0x00007d39a50fd000)]
=>0x00007d39302240d0 JavaThread "C1 CompilerThread1" daemon [_thread_in_vm, id=161, stack(0x00007d39a5900000,0x00007d39a5a00000)]
  0x00007d3930239440 JavaThread "C1 CompilerThread2" daemon [_thread_blocked, id=162, stack(0x00007d39a51fd000,0x00007d39a52fd000)]
  0x00007d39302399f0 JavaThread "C1 CompilerThread3" daemon [_thread_blocked, id=163, stack(0x00007d39a5700000,0x00007d39a5800000)]
  0x00007d39140c09b0 JavaThread "C2 CompilerThread1" daemon [_thread_in_vm, id=164, stack(0x00007d39a46f5000,0x00007d39a47f5000)]
  0x00007d3914065990 JavaThread "C2 CompilerThread2" daemon [_thread_in_vm, id=165, stack(0x00007d39a50fd000,0x00007d39a51fd000)]
  0x00007d390808ab20 JavaThread "C2 CompilerThread3" daemon [_thread_in_vm, id=166, stack(0x00007d39a45f5000,0x00007d39a46f5000)]
  0x00007d39cd691c00 JavaThread "process reaper" daemon [_thread_blocked, id=168, stack(0x00007d39b401a000,0x00007d39b403c000)]
  0x00007d39cd79b850 JavaThread "org.apache.hadoop.fs.FileSystem$Statistics$StatisticsDataReferenceCleaner" daemon [_thread_blocked, id=170, stack(0x00007d39a44f5000,0x00007d39a45f5000)]

Other Threads:
  0x00007d39cc11be00 VMThread "VM Thread" [stack: 0x00007d39b42e2000,0x00007d39b43e2000] [id=71]
  0x00007d39cc16bd50 WatcherThread [stack: 0x00007d39a5500000,0x00007d39a5600000] [id=84]
  0x00007d39cc05e0e0 GCTaskThread "GC Thread#0" [stack: 0x00007d39d0215000,0x00007d39d0315000] [id=66]
  0x00007d3950006bf0 GCTaskThread "GC Thread#1" [stack: 0x00007d39a53ff000,0x00007d39a54ff000] [id=85]
  0x00007d3950007600 GCTaskThread "GC Thread#2" [stack: 0x00007d39a52fe000,0x00007d39a53fe000] [id=86]
  0x00007d3950009150 GCTaskThread "GC Thread#3" [stack: 0x00007d39a4efd000,0x00007d39a4ffd000] [id=90]
  0x00007d3950009a40 GCTaskThread "GC Thread#4" [stack: 0x00007d39a4dfc000,0x00007d39a4efc000] [id=91]
  0x00007d395000dc40 GCTaskThread "GC Thread#5" [stack: 0x00007d39a4cfb000,0x00007d39a4dfb000] [id=92]
  0x00007d395000e540 GCTaskThread "GC Thread#6" [stack: 0x00007d39a4bfa000,0x00007d39a4cfa000] [id=93]
  0x00007d395000cbf0 GCTaskThread "GC Thread#7" [stack: 0x00007d39a4af9000,0x00007d39a4bf9000] [id=94]
  0x00007d395000d3e0 GCTaskThread "GC Thread#8" [stack: 0x00007d39a49f8000,0x00007d39a4af8000] [id=95]
  0x00007d3950012620 GCTaskThread "GC Thread#9" [stack: 0x00007d39a43f5000,0x00007d39a44f5000] [id=115]
  0x00007d3950012b20 GCTaskThread "GC Thread#10" [stack: 0x00007d39a42f4000,0x00007d39a43f4000] [id=116]
  0x00007d3950013100 GCTaskThread "GC Thread#11" [stack: 0x00007d39a41f3000,0x00007d39a42f3000] [id=117]
  0x00007d39500137f0 GCTaskThread "GC Thread#12" [stack: 0x00007d39a40f2000,0x00007d39a41f2000] [id=118]
  0x00007d39cc067710 ConcurrentGCThread "G1 Main Marker" [stack: 0x00007d39d0114000,0x00007d39d0214000] [id=67]
  0x00007d39cc068680 ConcurrentGCThread "G1 Conc#0" [stack: 0x00007d39d0013000,0x00007d39d0113000] [id=68]
  0x00007d39a8000ea0 ConcurrentGCThread "G1 Conc#1" [stack: 0x00007d39a48f7000,0x00007d39a49f7000] [id=96]
  0x00007d39a80018f0 ConcurrentGCThread "G1 Conc#2" [stack: 0x00007d39a47f6000,0x00007d39a48f6000] [id=97]
  0x00007d39cc0f3750 ConcurrentGCThread "G1 Refine#0" [stack: 0x00007d39b4709000,0x00007d39b4809000] [id=69]
  0x00007d39cc0f4650 ConcurrentGCThread "G1 Service" [stack: 0x00007d39b4608000,0x00007d39b4708000] [id=70]

Threads with active compile tasks:
C2 CompilerThread0  16698 5321       4       java.util.zip.ZipFile::getZipEntry (322 bytes)
C1 CompilerThread1  16699 5340       1       org.apache.logging.log4j.core.config.Node::getType (5 bytes)
C2 CompilerThread1  16701 5325       4       jdk.internal.reflect.ClassFileAssembler::emitShort (24 bytes)
C2 CompilerThread2  16702 5187   !   4       jdk.internal.loader.BuiltinClassLoader::loadClassOrNull (143 bytes)
C2 CompilerThread3  16703 5323       4       jdk.internal.reflect.ClassFileAssembler::emitConstantPoolUTF8 (50 bytes)

VM state: not at safepoint (normal execution)

VM Mutex/Monitor currently owned by a thread:  ([mutex/lock_event])
[0x00007d39cc01b0f0] CodeCache_lock - owner thread: 0x00007d39302240d0
[0x00007d39cc01d3b0] Compile_lock - owner thread: 0x00007d39302240d0
[0x00007d39cc01d5c0] MethodCompileQueue_lock - owner thread: 0x00007d39302240d0

Heap address: 0x00000000c0000000, size: 1024 MB, Compressed Oops mode: 32-bit

CDS archive(s) mapped at: [0x00007d3957000000-0x00007d3957bc7000-0x00007d3957bc7000), size 12349440, SharedBaseAddress: 0x00007d3957000000, ArchiveRelocationMode: 1.
Compressed class space mapped at: 0x00007d3958000000-0x00007d3998000000, reserved size: 1073741824
Narrow klass base: 0x00007d3957000000, Narrow klass shift: 0, Narrow klass range: 0x100000000

GC Precious Log:
 CPUs: 16 total, 16 available
 Memory: 7884M
 Large Page Support: Disabled
 NUMA Support: Disabled
 Compressed Oops: Enabled (32-bit)
 Heap Region Size: 1M
 Heap Min Capacity: 8M
 Heap Initial Capacity: 124M
 Heap Max Capacity: 1G
 Pre-touch: Disabled
 Parallel Workers: 13
 Concurrent Workers: 3
 Concurrent Refinement Workers: 13
 Periodic GC: Disabled

Heap:
 garbage-first heap   total 112640K, used 47297K [0x00000000c0000000, 0x0000000100000000)
  region size 1024K, 12 young (12288K), 5 survivors (5120K)
 Metaspace       used 36907K, committed 37248K, reserved 1114112K
  class space    used 4195K, committed 4352K, reserved 1048576K

Heap Regions: E=young(eden), S=young(survivor), O=old, HS=humongous(starts), HC=humongous(continues), CS=collection set, F=free, OA=open archive, CA=closed archive, TAMS=top-at-mark-start (previous, next)
|   0|0x00000000c0000000, 0x00000000c0100000, 0x00000000c0100000|100%|HS|  |TAMS 0x00000000c0100000, 0x00000000c0000000| Complete 
|   1|0x00000000c0100000, 0x00000000c0200000, 0x00000000c0200000|100%|HS|  |TAMS 0x00000000c0200000, 0x00000000c0100000| Complete 
|   2|0x00000000c0200000, 0x00000000c0300000, 0x00000000c0300000|100%|HS|  |TAMS 0x00000000c0300000, 0x00000000c0200000| Complete 
|   3|0x00000000c0300000, 0x00000000c0400000, 0x00000000c0400000|100%|HC|  |TAMS 0x00000000c0400000, 0x00000000c0300000| Complete 
|   4|0x00000000c0400000, 0x00000000c0500000, 0x00000000c0500000|100%|HS|  |TAMS 0x00000000c0500000, 0x00000000c0400000| Complete 
|   5|0x00000000c0500000, 0x00000000c0600000, 0x00000000c0600000|100%|HC|  |TAMS 0x00000000c0600000, 0x00000000c0500000| Complete 
|   6|0x00000000c0600000, 0x00000000c0700000, 0x00000000c0700000|100%|HC|  |TAMS 0x00000000c0700000, 0x00000000c0600000| Complete 
|   7|0x00000000c0700000, 0x00000000c0800000, 0x00000000c0800000|100%|HS|  |TAMS 0x00000000c0800000, 0x00000000c0700000| Complete 
|   8|0x00000000c0800000, 0x00000000c0900000, 0x00000000c0900000|100%|HS|  |TAMS 0x00000000c0900000, 0x00000000c0800000| Complete 
|   9|0x00000000c0900000, 0x00000000c0a00000, 0x00000000c0a00000|100%|HS|  |TAMS 0x00000000c0a00000, 0x00000000c0900000| Complete 
|  10|0x00000000c0a00000, 0x00000000c0b00000, 0x00000000c0b00000|100%|HS|  |TAMS 0x00000000c0b00000, 0x00000000c0a00000| Complete 
|  11|0x00000000c0b00000, 0x00000000c0c00000, 0x00000000c0c00000|100%| O|  |TAMS 0x00000000c0c00000, 0x00000000c0b00000| Untracked 
|  12|0x00000000c0c00000, 0x00000000c0d00000, 0x00000000c0d00000|100%| O|  |TAMS 0x00000000c0d00000, 0x00000000c0c00000| Untracked 
|  13|0x00000000c0d00000, 0x00000000c0e00000, 0x00000000c0e00000|100%| O|  |TAMS 0x00000000c0e00000, 0x00000000c0d00000| Untracked 
|  14|0x00000000c0e00000, 0x00000000c0f00000, 0x00000000c0f00000|100%| O|  |TAMS 0x00000000c0f00000, 0x00000000c0e00000| Untracked 
|  15|0x00000000c0f00000, 0x00000000c1000000, 0x00000000c1000000|100%| O|  |TAMS 0x00000000c1000000, 0x00000000c0f00000| Untracked 
|  16|0x00000000c1000000, 0x00000000c1100000, 0x00000000c1100000|100%| O|  |TAMS 0x00000000c1100000, 0x00000000c1000000| Untracked 
|  17|0x00000000c1100000, 0x00000000c1200000, 0x00000000c1200000|100%| O|  |TAMS 0x00000000c1200000, 0x00000000c1100000| Untracked 
|  18|0x00000000c1200000, 0x00000000c1300000, 0x00000000c1300000|100%| O|  |TAMS 0x00000000c1300000, 0x00000000c1200000| Untracked 
|  19|0x00000000c1300000, 0x00000000c1400000, 0x00000000c1400000|100%| O|  |TAMS 0x00000000c1400000, 0x00000000c1300000| Untracked 
|  20|0x00000000c1400000, 0x00000000c1500000, 0x00000000c1500000|100%| O|  |TAMS 0x00000000c1500000, 0x00000000c1400000| Untracked 
|  21|0x00000000c1500000, 0x00000000c1600000, 0x00000000c1600000|100%| O|  |TAMS 0x00000000c1600000, 0x00000000c1500000| Untracked 
|  22|0x00000000c1600000, 0x00000000c1700000, 0x00000000c1700000|100%| O|  |TAMS 0x00000000c1700000, 0x00000000c1600000| Untracked 
|  23|0x00000000c1700000, 0x00000000c1800000, 0x00000000c1800000|100%| O|  |TAMS 0x00000000c1800000, 0x00000000c1700000| Untracked 
|  24|0x00000000c1800000, 0x00000000c1900000, 0x00000000c1900000|100%| O|  |TAMS 0x00000000c1900000, 0x00000000c1800000| Untracked 
|  25|0x00000000c1900000, 0x00000000c195ee00, 0x00000000c1a00000| 37%| O|  |TAMS 0x00000000c195ee00, 0x00000000c1900000| Untracked 
|  26|0x00000000c1a00000, 0x00000000c1b00000, 0x00000000c1b00000|100%| O|  |TAMS 0x00000000c1b00000, 0x00000000c1a00000| Untracked 
|  27|0x00000000c1b00000, 0x00000000c1c00000, 0x00000000c1c00000|100%| O|  |TAMS 0x00000000c1c00000, 0x00000000c1b00000| Untracked 
|  28|0x00000000c1c00000, 0x00000000c1d00000, 0x00000000c1d00000|100%| O|  |TAMS 0x00000000c1d00000, 0x00000000c1c00000| Untracked 
|  29|0x00000000c1d00000, 0x00000000c1e00000, 0x00000000c1e00000|100%| O|  |TAMS 0x00000000c1e00000, 0x00000000c1d00000| Untracked 
|  30|0x00000000c1e00000, 0x00000000c1f00000, 0x00000000c1f00000|100%| O|  |TAMS 0x00000000c1f00000, 0x00000000c1e00000| Untracked 
|  31|0x00000000c1f00000, 0x00000000c2000000, 0x00000000c2000000|100%| O|  |TAMS 0x00000000c2000000, 0x00000000c1f00000| Untracked 
|  32|0x00000000c2000000, 0x00000000c2100000, 0x00000000c2100000|100%| O|  |TAMS 0x00000000c2100000, 0x00000000c2000000| Untracked 
|  33|0x00000000c2100000, 0x00000000c2200000, 0x00000000c2200000|100%| O|  |TAMS 0x00000000c2200000, 0x00000000c2100000| Untracked 
|  34|0x00000000c2200000, 0x00000000c2300000, 0x00000000c2300000|100%| O|  |TAMS 0x00000000c2300000, 0x00000000c2200000| Untracked 
|  35|0x00000000c2300000, 0x00000000c232b800, 0x00000000c2400000| 16%| O|  |TAMS 0x00000000c232b800, 0x00000000c2300000| Untracked 
|  36|0x00000000c2400000, 0x00000000c2400000, 0x00000000c2500000|  0%| F|  |TAMS 0x00000000c2400000, 0x00000000c2400000| Untracked 
|  37|0x00000000c2500000, 0x00000000c2500000, 0x00000000c2600000|  0%| F|  |TAMS 0x00000000c2500000, 0x00000000c2500000| Untracked 
|  38|0x00000000c2600000, 0x00000000c2600000, 0x00000000c2700000|  0%| F|  |TAMS 0x00000000c2600000, 0x00000000c2600000| Untracked 
|  39|0x00000000c2700000, 0x00000000c2700000, 0x00000000c2800000|  0%| F|  |TAMS 0x00000000c2700000, 0x00000000c2700000| Untracked 
|  40|0x00000000c2800000, 0x00000000c2800000, 0x00000000c2900000|  0%| F|  |TAMS 0x00000000c2800000, 0x00000000c2800000| Untracked 
|  41|0x00000000c2900000, 0x00000000c2900000, 0x00000000c2a00000|  0%| F|  |TAMS 0x00000000c2900000, 0x00000000c2900000| Untracked 
|  42|0x00000000c2a00000, 0x00000000c2a00000, 0x00000000c2b00000|  0%| F|  |TAMS 0x00000000c2a00000, 0x00000000c2a00000| Untracked 
|  43|0x00000000c2b00000, 0x00000000c2b00000, 0x00000000c2c00000|  0%| F|  |TAMS 0x00000000c2b00000, 0x00000000c2b00000| Untracked 
|  44|0x00000000c2c00000, 0x00000000c2c00000, 0x00000000c2d00000|  0%| F|  |TAMS 0x00000000c2c00000, 0x00000000c2c00000| Untracked 
|  45|0x00000000c2d00000, 0x00000000c2d00000, 0x00000000c2e00000|  0%| F|  |TAMS 0x00000000c2d00000, 0x00000000c2d00000| Untracked 
|  46|0x00000000c2e00000, 0x00000000c2e00000, 0x00000000c2f00000|  0%| F|  |TAMS 0x00000000c2e00000, 0x00000000c2e00000| Untracked 
|  47|0x00000000c2f00000, 0x00000000c2f00000, 0x00000000c3000000|  0%| F|  |TAMS 0x00000000c2f00000, 0x00000000c2f00000| Untracked 
|  48|0x00000000c3000000, 0x00000000c3000000, 0x00000000c3100000|  0%| F|  |TAMS 0x00000000c3000000, 0x00000000c3000000| Untracked 
|  49|0x00000000c3100000, 0x00000000c3100000, 0x00000000c3200000|  0%| F|  |TAMS 0x00000000c3100000, 0x00000000c3100000| Untracked 
|  50|0x00000000c3200000, 0x00000000c3200000, 0x00000000c3300000|  0%| F|  |TAMS 0x00000000c3200000, 0x00000000c3200000| Untracked 
|  51|0x00000000c3300000, 0x00000000c3300000, 0x00000000c3400000|  0%| F|  |TAMS 0x00000000c3300000, 0x00000000c3300000| Untracked 
|  52|0x00000000c3400000, 0x00000000c3400000, 0x00000000c3500000|  0%| F|  |TAMS 0x00000000c3400000, 0x00000000c3400000| Untracked 
|  53|0x00000000c3500000, 0x00000000c3500000, 0x00000000c3600000|  0%| F|  |TAMS 0x00000000c3500000, 0x00000000c3500000| Untracked 
|  54|0x00000000c3600000, 0x00000000c3600000, 0x00000000c3700000|  0%| F|  |TAMS 0x00000000c3600000, 0x00000000c3600000| Untracked 
|  55|0x00000000c3700000, 0x00000000c3700000, 0x00000000c3800000|  0%| F|  |TAMS 0x00000000c3700000, 0x00000000c3700000| Untracked 
|  56|0x00000000c3800000, 0x00000000c3800000, 0x00000000c3900000|  0%| F|  |TAMS 0x00000000c3800000, 0x00000000c3800000| Untracked 
|  57|0x00000000c3900000, 0x00000000c3900000, 0x00000000c3a00000|  0%| F|  |TAMS 0x00000000c3900000, 0x00000000c3900000| Untracked 
|  58|0x00000000c3a00000, 0x00000000c3a00000, 0x00000000c3b00000|  0%| F|  |TAMS 0x00000000c3a00000, 0x00000000c3a00000| Untracked 
|  59|0x00000000c3b00000, 0x00000000c3b00000, 0x00000000c3c00000|  0%| F|  |TAMS 0x00000000c3b00000, 0x00000000c3b00000| Untracked 
|  60|0x00000000c3c00000, 0x00000000c3c00000, 0x00000000c3d00000|  0%| F|  |TAMS 0x00000000c3c00000, 0x00000000c3c00000| Untracked 
|  61|0x00000000c3d00000, 0x00000000c3d00000, 0x00000000c3e00000|  0%| F|  |TAMS 0x00000000c3d00000, 0x00000000c3d00000| Untracked 
|  62|0x00000000c3e00000, 0x00000000c3eb8f20, 0x00000000c3f00000| 72%| S|CS|TAMS 0x00000000c3e00000, 0x00000000c3e00000| Complete 
|  63|0x00000000c3f00000, 0x00000000c4000000, 0x00000000c4000000|100%| S|CS|TAMS 0x00000000c3f00000, 0x00000000c3f00000| Complete 
|  64|0x00000000c4000000, 0x00000000c4100000, 0x00000000c4100000|100%| S|CS|TAMS 0x00000000c4000000, 0x00000000c4000000| Complete 
|  65|0x00000000c4100000, 0x00000000c4100000, 0x00000000c4200000|  0%| F|  |TAMS 0x00000000c4100000, 0x00000000c4100000| Untracked 
|  66|0x00000000c4200000, 0x00000000c4200000, 0x00000000c4300000|  0%| F|  |TAMS 0x00000000c4200000, 0x00000000c4200000| Untracked 
|  67|0x00000000c4300000, 0x00000000c4300000, 0x00000000c4400000|  0%| F|  |TAMS 0x00000000c4300000, 0x00000000c4300000| Untracked 
|  68|0x00000000c4400000, 0x00000000c4500000, 0x00000000c4500000|100%| S|CS|TAMS 0x00000000c4400000, 0x00000000c4400000| Complete 
|  69|0x00000000c4500000, 0x00000000c4600000, 0x00000000c4600000|100%| S|CS|TAMS 0x00000000c4500000, 0x00000000c4500000| Complete 
|  70|0x00000000c4600000, 0x00000000c4600000, 0x00000000c4700000|  0%| F|  |TAMS 0x00000000c4600000, 0x00000000c4600000| Untracked 
|  71|0x00000000c4700000, 0x00000000c4700000, 0x00000000c4800000|  0%| F|  |TAMS 0x00000000c4700000, 0x00000000c4700000| Untracked 
|  72|0x00000000c4800000, 0x00000000c4800000, 0x00000000c4900000|  0%| F|  |TAMS 0x00000000c4800000, 0x00000000c4800000| Untracked 
|  73|0x00000000c4900000, 0x00000000c4900000, 0x00000000c4a00000|  0%| F|  |TAMS 0x00000000c4900000, 0x00000000c4900000| Untracked 
|  74|0x00000000c4a00000, 0x00000000c4a00000, 0x00000000c4b00000|  0%| F|  |TAMS 0x00000000c4a00000, 0x00000000c4a00000| Untracked 
|  75|0x00000000c4b00000, 0x00000000c4b00000, 0x00000000c4c00000|  0%| F|  |TAMS 0x00000000c4b00000, 0x00000000c4b00000| Untracked 
|  76|0x00000000c4c00000, 0x00000000c4c00000, 0x00000000c4d00000|  0%| F|  |TAMS 0x00000000c4c00000, 0x00000000c4c00000| Untracked 
|  77|0x00000000c4d00000, 0x00000000c4d00000, 0x00000000c4e00000|  0%| F|  |TAMS 0x00000000c4d00000, 0x00000000c4d00000| Untracked 
|  78|0x00000000c4e00000, 0x00000000c4e00000, 0x00000000c4f00000|  0%| F|  |TAMS 0x00000000c4e00000, 0x00000000c4e00000| Untracked 
|  79|0x00000000c4f00000, 0x00000000c4f00000, 0x00000000c5000000|  0%| F|  |TAMS 0x00000000c4f00000, 0x00000000c4f00000| Untracked 
|  80|0x00000000c5000000, 0x00000000c5000000, 0x00000000c5100000|  0%| F|  |TAMS 0x00000000c5000000, 0x00000000c5000000| Untracked 
|  81|0x00000000c5100000, 0x00000000c5100000, 0x00000000c5200000|  0%| F|  |TAMS 0x00000000c5100000, 0x00000000c5100000| Untracked 
|  82|0x00000000c5200000, 0x00000000c5200000, 0x00000000c5300000|  0%| F|  |TAMS 0x00000000c5200000, 0x00000000c5200000| Untracked 
|  83|0x00000000c5300000, 0x00000000c5300000, 0x00000000c5400000|  0%| F|  |TAMS 0x00000000c5300000, 0x00000000c5300000| Untracked 
|  84|0x00000000c5400000, 0x00000000c5400000, 0x00000000c5500000|  0%| F|  |TAMS 0x00000000c5400000, 0x00000000c5400000| Untracked 
|  85|0x00000000c5500000, 0x00000000c5500000, 0x00000000c5600000|  0%| F|  |TAMS 0x00000000c5500000, 0x00000000c5500000| Untracked 
|  86|0x00000000c5600000, 0x00000000c5600000, 0x00000000c5700000|  0%| F|  |TAMS 0x00000000c5600000, 0x00000000c5600000| Untracked 
|  87|0x00000000c5700000, 0x00000000c5700000, 0x00000000c5800000|  0%| F|  |TAMS 0x00000000c5700000, 0x00000000c5700000| Untracked 
|  88|0x00000000c5800000, 0x00000000c5800000, 0x00000000c5900000|  0%| F|  |TAMS 0x00000000c5800000, 0x00000000c5800000| Untracked 
|  89|0x00000000c5900000, 0x00000000c5900000, 0x00000000c5a00000|  0%| F|  |TAMS 0x00000000c5900000, 0x00000000c5900000| Untracked 
|  90|0x00000000c5a00000, 0x00000000c5a00000, 0x00000000c5b00000|  0%| F|  |TAMS 0x00000000c5a00000, 0x00000000c5a00000| Untracked 
|  91|0x00000000c5b00000, 0x00000000c5b00000, 0x00000000c5c00000|  0%| F|  |TAMS 0x00000000c5b00000, 0x00000000c5b00000| Untracked 
|  92|0x00000000c5c00000, 0x00000000c5c00000, 0x00000000c5d00000|  0%| F|  |TAMS 0x00000000c5c00000, 0x00000000c5c00000| Untracked 
|  93|0x00000000c5d00000, 0x00000000c5d00000, 0x00000000c5e00000|  0%| F|  |TAMS 0x00000000c5d00000, 0x00000000c5d00000| Untracked 
|  94|0x00000000c5e00000, 0x00000000c5e00000, 0x00000000c5f00000|  0%| F|  |TAMS 0x00000000c5e00000, 0x00000000c5e00000| Untracked 
|  95|0x00000000c5f00000, 0x00000000c5f00000, 0x00000000c6000000|  0%| F|  |TAMS 0x00000000c5f00000, 0x00000000c5f00000| Untracked 
|  96|0x00000000c6000000, 0x00000000c6000000, 0x00000000c6100000|  0%| F|  |TAMS 0x00000000c6000000, 0x00000000c6000000| Untracked 
|  97|0x00000000c6100000, 0x00000000c6100000, 0x00000000c6200000|  0%| F|  |TAMS 0x00000000c6100000, 0x00000000c6100000| Untracked 
|  98|0x00000000c6200000, 0x00000000c6200000, 0x00000000c6300000|  0%| F|  |TAMS 0x00000000c6200000, 0x00000000c6200000| Untracked 
|  99|0x00000000c6300000, 0x00000000c6300000, 0x00000000c6400000|  0%| F|  |TAMS 0x00000000c6300000, 0x00000000c6300000| Untracked 
| 100|0x00000000c6400000, 0x00000000c6400000, 0x00000000c6500000|  0%| F|  |TAMS 0x00000000c6400000, 0x00000000c6400000| Untracked 
| 101|0x00000000c6500000, 0x00000000c6580000, 0x00000000c6600000| 50%| E|  |TAMS 0x00000000c6500000, 0x00000000c6500000| Complete 
| 102|0x00000000c6600000, 0x00000000c6700000, 0x00000000c6700000|100%| E|CS|TAMS 0x00000000c6600000, 0x00000000c6600000| Complete 
| 103|0x00000000c6700000, 0x00000000c6800000, 0x00000000c6800000|100%| E|CS|TAMS 0x00000000c6700000, 0x00000000c6700000| Complete 
| 104|0x00000000c6800000, 0x00000000c6900000, 0x00000000c6900000|100%| E|CS|TAMS 0x00000000c6800000, 0x00000000c6800000| Complete 
| 105|0x00000000c6900000, 0x00000000c6a00000, 0x00000000c6a00000|100%| E|CS|TAMS 0x00000000c6900000, 0x00000000c6900000| Complete 
| 106|0x00000000c6a00000, 0x00000000c6b00000, 0x00000000c6b00000|100%| E|CS|TAMS 0x00000000c6a00000, 0x00000000c6a00000| Complete 
| 123|0x00000000c7b00000, 0x00000000c7c00000, 0x00000000c7c00000|100%| E|CS|TAMS 0x00000000c7b00000, 0x00000000c7b00000| Complete 
|1022|0x00000000ffe00000, 0x00000000ffe75000, 0x00000000fff00000| 45%|OA|  |TAMS 0x00000000ffe75000, 0x00000000ffe00000| Untracked 
|1023|0x00000000fff00000, 0x00000000fff78000, 0x0000000100000000| 46%|CA|  |TAMS 0x00000000fff78000, 0x00000000fff00000| Untracked 

Card table byte_map: [0x00007d39d2578000,0x00007d39d2778000] _byte_map_base: 0x00007d39d1f78000

Marking Bits (Prev, Next): (CMBitMap*) 0x00007d39cc05eb70, (CMBitMap*) 0x00007d39cc05ebb0
 Prev Bits: [0x00007d39d1378000, 0x00007d39d2378000)
 Next Bits: [0x00007d39d0378000, 0x00007d39d1378000)

Polling page: 0x00007d39d5235000

Metaspace:

Usage:
  Non-class:     31.94 MB used.
      Class:      4.10 MB used.
       Both:     36.04 MB used.

Virtual space:
  Non-class space:       64.00 MB reserved,      32.12 MB ( 50%) committed,  1 nodes.
      Class space:        1.00 GB reserved,       4.25 MB ( <1%) committed,  1 nodes.
             Both:        1.06 GB reserved,      36.38 MB (  3%) committed. 

Chunk freelists:
   Non-Class:  15.79 MB
       Class:  11.67 MB
        Both:  27.46 MB

MaxMetaspaceSize: unlimited
CompressedClassSpaceSize: 1.00 GB
Initial GC threshold: 21.00 MB
Current GC threshold: 58.75 MB
CDS: on
MetaspaceReclaimPolicy: balanced
 - commit_granule_bytes: 65536.
 - commit_granule_words: 8192.
 - virtual_space_node_default_size: 8388608.
 - enlarge_chunks_in_place: 1.
 - new_chunks_are_fully_committed: 0.
 - uncommit_free_chunks: 1.
 - use_allocation_guard: 0.
 - handle_deallocations: 1.


Internal statistics:

num_allocs_failed_limit: 6.
num_arena_births: 382.
num_arena_deaths: 0.
num_vsnodes_births: 2.
num_vsnodes_deaths: 0.
num_space_committed: 582.
num_space_uncommitted: 0.
num_chunks_returned_to_freelist: 6.
num_chunks_taken_from_freelist: 1321.
num_chunk_merges: 6.
num_chunk_splits: 954.
num_chunks_enlarged: 731.
num_inconsistent_stats: 0.

CodeHeap 'non-profiled nmethods': size=119168Kb used=3069Kb max_used=3069Kb free=116098Kb
 bounds [0x00007d39bd0b6000, 0x00007d39bd3b6000, 0x00007d39c4516000]
CodeHeap 'profiled nmethods': size=119164Kb used=9697Kb max_used=10476Kb free=109466Kb
 bounds [0x00007d39b5516000, 0x00007d39b5f56000, 0x00007d39bc975000]
CodeHeap 'non-nmethods': size=7428Kb used=2986Kb max_used=3011Kb free=4441Kb
 bounds [0x00007d39bc975000, 0x00007d39bcc75000, 0x00007d39bd0b6000]
 total_blobs=5197 nmethods=4576 adapters=529
 compilation: enabled
              stopped_count=0, restarted_count=0
 full_count=0

Compilation events (20 events):
Event: 16.425 Thread 0x00007d39302240d0 5330       3       java.lang.reflect.AccessibleObject::isAnnotationPresent (6 bytes)
Event: 16.425 Thread 0x00007d39302399f0 5332       3       java.lang.reflect.Executable::getAnnotation (23 bytes)
Event: 16.425 Thread 0x00007d39140c09b0 nmethod 5322 0x00007d39bd3b4b10 code [0x00007d39bd3b4cc0, 0x00007d39bd3b50f8]
Event: 16.425 Thread 0x00007d39140c09b0 5325       4       jdk.internal.reflect.ClassFileAssembler::emitShort (24 bytes)
Event: 16.425 Thread 0x00007d39302240d0 nmethod 5330 0x00007d39b5c8d890 code [0x00007d39b5c8da40, 0x00007d39b5c8dcc0]
Event: 16.425 Thread 0x00007d39cc12b4a0 5333       3       jdk.internal.reflect.ReflectionFactory::copyField (11 bytes)
Event: 16.425 Thread 0x00007d39302399f0 nmethod 5332 0x00007d39b5c8ce10 code [0x00007d39b5c8d020, 0x00007d39b5c8d6a0]
Event: 16.425 Thread 0x00007d39302399f0 5334       3       java.lang.reflect.ReflectAccess::copyField (5 bytes)
Event: 16.425 Thread 0x00007d39302240d0 5337       3       jdk.internal.reflect.UnsafeFieldAccessorImpl::ensureObj (23 bytes)
Event: 16.425 Thread 0x00007d3930239440 nmethod 5331 0x00007d39b5c8c290 code [0x00007d39b5c8c4c0, 0x00007d39b5c8cba0]
Event: 16.425 Thread 0x00007d39302399f0 nmethod 5334 0x00007d39b5c8bd10 code [0x00007d39b5c8bec0, 0x00007d39b5c8c000]
Event: 16.425 Thread 0x00007d39302399f0 5335       3       java.lang.reflect.Field::copy (80 bytes)
Event: 16.425 Thread 0x00007d3930239440 5336       3       java.lang.reflect.Field::<init> (50 bytes)
Event: 16.426 Thread 0x00007d39cc12b4a0 nmethod 5333 0x00007d39b5a3dd10 code [0x00007d39b5a3dec0, 0x00007d39b5a3e0a0]
Event: 16.426 Thread 0x00007d39302399f0 nmethod 5335 0x00007d39b5a3d610 code [0x00007d39b5a3d7e0, 0x00007d39b5a3dbf0]
Event: 16.426 Thread 0x00007d3930239440 nmethod 5336 0x00007d39b5a3cf90 code [0x00007d39b5a3d140, 0x00007d39b5a3d4f0]
Event: 16.426 Thread 0x00007d39302399f0 5339       3       jdk.internal.reflect.ClassFileAssembler::append (30 bytes)
Event: 16.426 Thread 0x00007d39302240d0 nmethod 5337 0x00007d39b5a3c710 code [0x00007d39b5a3c900, 0x00007d39b5a3cde0]
Event: 16.426 Thread 0x00007d39302399f0 nmethod 5339 0x00007d39b5a3bd90 code [0x00007d39b5a3bf80, 0x00007d39b5a3c450]
Event: 16.426 Thread 0x00007d39302240d0 5340       1       org.apache.logging.log4j.core.config.Node::getType (5 bytes)

GC Heap History (14 events):
Event: 0.432 GC heap before
{Heap before GC invocations=0 (full 0):
 garbage-first heap   total 129024K, used 34740K [0x00000000c0000000, 0x0000000100000000)
  region size 1024K, 23 young (23552K), 0 survivors (0K)
 Metaspace       used 2248K, committed 2368K, reserved 1114112K
  class space    used 137K, committed 192K, reserved 1048576K
}
Event: 0.439 GC heap after
{Heap after GC invocations=1 (full 0):
 garbage-first heap   total 129024K, used 24604K [0x00000000c0000000, 0x0000000100000000)
  region size 1024K, 3 young (3072K), 3 survivors (3072K)
 Metaspace       used 2248K, committed 2368K, reserved 1114112K
  class space    used 137K, committed 192K, reserved 1048576K
}
Event: 0.733 GC heap before
{Heap before GC invocations=1 (full 0):
 garbage-first heap   total 129024K, used 42012K [0x00000000c0000000, 0x0000000100000000)
  region size 1024K, 21 young (21504K), 3 survivors (3072K)
 Metaspace       used 8031K, committed 8128K, reserved 1114112K
  class space    used 865K, committed 896K, reserved 1048576K
}
Event: 0.735 GC heap after
{Heap after GC invocations=2 (full 0):
 garbage-first heap   total 129024K, used 27059K [0x00000000c0000000, 0x0000000100000000)
  region size 1024K, 2 young (2048K), 2 survivors (2048K)
 Metaspace       used 8031K, committed 8128K, reserved 1114112K
  class space    used 865K, committed 896K, reserved 1048576K
}
Event: 1.253 GC heap before
{Heap before GC invocations=2 (full 0):
 garbage-first heap   total 129024K, used 65971K [0x00000000c0000000, 0x0000000100000000)
  region size 1024K, 40 young (40960K), 2 survivors (2048K)
 Metaspace       used 16834K, committed 17088K, reserved 1114112K
  class space    used 2024K, committed 2176K, reserved 1048576K
}
Event: 1.258 GC heap after
{Heap after GC invocations=3 (full 0):
 garbage-first heap   total 129024K, used 29602K [0x00000000c0000000, 0x0000000100000000)
  region size 1024K, 5 young (5120K), 5 survivors (5120K)
 Metaspace       used 16834K, committed 17088K, reserved 1114112K
  class space    used 2024K, committed 2176K, reserved 1048576K
}
Event: 1.503 GC heap before
{Heap before GC invocations=3 (full 0):
 garbage-first heap   total 129024K, used 48034K [0x00000000c0000000, 0x0000000100000000)
  region size 1024K, 24 young (24576K), 5 survivors (5120K)
 Metaspace       used 21240K, committed 21504K, reserved 1114112K
  class space    used 2540K, committed 2688K, reserved 1048576K
}
Event: 1.508 GC heap after
{Heap after GC invocations=4 (full 0):
 garbage-first heap   total 129024K, used 30456K [0x00000000c0000000, 0x0000000100000000)
  region size 1024K, 4 young (4096K), 4 survivors (4096K)
 Metaspace       used 21240K, committed 21504K, reserved 1114112K
  class space    used 2540K, committed 2688K, reserved 1048576K
}
Event: 4.952 GC heap before
{Heap before GC invocations=5 (full 0):
 garbage-first heap   total 112640K, used 87800K [0x00000000c0000000, 0x0000000100000000)
  region size 1024K, 60 young (61440K), 4 survivors (4096K)
 Metaspace       used 31105K, committed 31360K, reserved 1114112K
  class space    used 3564K, committed 3712K, reserved 1048576K
}
Event: 4.964 GC heap after
{Heap after GC invocations=6 (full 0):
 garbage-first heap   total 112640K, used 36287K [0x00000000c0000000, 0x0000000100000000)
  region size 1024K, 8 young (8192K), 8 survivors (8192K)
 Metaspace       used 31105K, committed 31360K, reserved 1114112K
  class space    used 3564K, committed 3712K, reserved 1048576K
}
Event: 7.921 GC heap before
{Heap before GC invocations=6 (full 0):
 garbage-first heap   total 112640K, used 77247K [0x00000000c0000000, 0x0000000100000000)
  region size 1024K, 48 young (49152K), 8 survivors (8192K)
 Metaspace       used 31514K, committed 31808K, reserved 1114112K
  class space    used 3565K, committed 3712K, reserved 1048576K
}
Event: 7.931 GC heap after
{Heap after GC invocations=7 (full 0):
 garbage-first heap   total 112640K, used 39389K [0x00000000c0000000, 0x0000000100000000)
  region size 1024K, 3 young (3072K), 3 survivors (3072K)
 Metaspace       used 31514K, committed 31808K, reserved 1114112K
  class space    used 3565K, committed 3712K, reserved 1048576K
}
Event: 16.335 GC heap before
{Heap before GC invocations=7 (full 0):
 garbage-first heap   total 112640K, used 77277K [0x00000000c0000000, 0x0000000100000000)
  region size 1024K, 41 young (41984K), 3 survivors (3072K)
 Metaspace       used 35683K, committed 35968K, reserved 1114112K
  class space    used 4036K, committed 4160K, reserved 1048576K
}
Event: 16.339 GC heap after
{Heap after GC invocations=8 (full 0):
 garbage-first heap   total 112640K, used 41153K [0x00000000c0000000, 0x0000000100000000)
  region size 1024K, 5 young (5120K), 5 survivors (5120K)
 Metaspace       used 35683K, committed 35968K, reserved 1114112K
  class space    used 4036K, committed 4160K, reserved 1048576K
}

Dll operation events (11 events):
Event: 0.003 Loaded shared library /usr/lib/jvm/java-17-openjdk-amd64/lib/libjava.so
Event: 0.019 Loaded shared library /usr/lib/jvm/java-17-openjdk-amd64/lib/libjsvml.so
Event: 0.085 Loaded shared library /usr/lib/jvm/java-17-openjdk-amd64/lib/libnio.so
Event: 0.088 Loaded shared library /usr/lib/jvm/java-17-openjdk-amd64/lib/libzip.so
Event: 0.596 Loaded shared library /usr/lib/jvm/java-17-openjdk-amd64/lib/libjimage.so
Event: 0.838 Loaded shared library /usr/lib/jvm/java-17-openjdk-amd64/lib/libmanagement.so
Event: 0.844 Loaded shared library /usr/lib/jvm/java-17-openjdk-amd64/lib/libmanagement_ext.so
Event: 1.009 Loaded shared library /usr/lib/jvm/java-17-openjdk-amd64/lib/libnet.so
Event: 1.501 Loaded shared library /usr/lib/jvm/java-17-openjdk-amd64/lib/libverify.so
Event: 1.987 Loaded shared library /usr/lib/jvm/java-17-openjdk-amd64/lib/libextnet.so
Event: 16.317 Loaded shared library /usr/lib/jvm/java-17-openjdk-amd64/lib/libjaas.so

Deoptimization events (20 events):
Event: 16.371 Thread 0x00007d39cc01f260 DEOPT PACKING pc=0x00007d39b5b1a08c sp=0x00007d39d3998d20
Event: 16.371 Thread 0x00007d39cc01f260 DEOPT UNPACKING pc=0x00007d39bc9cbe2f sp=0x00007d39d3998200 mode 0
Event: 16.372 Thread 0x00007d39cc01f260 DEOPT PACKING pc=0x00007d39b5945b0d sp=0x00007d39d3998e60
Event: 16.372 Thread 0x00007d39cc01f260 DEOPT UNPACKING pc=0x00007d39bc9cbe2f sp=0x00007d39d3998300 mode 0
Event: 16.372 Thread 0x00007d39cc01f260 DEOPT PACKING pc=0x00007d39b5b1a08c sp=0x00007d39d3998d20
Event: 16.372 Thread 0x00007d39cc01f260 DEOPT UNPACKING pc=0x00007d39bc9cbe2f sp=0x00007d39d3998200 mode 0
Event: 16.390 Thread 0x00007d39cc01f260 Uncommon trap: trap_request=0xffffff6e fr.pc=0x00007d39bd13a350 relative=0x00000000000001b0
Event: 16.390 Thread 0x00007d39cc01f260 Uncommon trap: reason=loop_limit_check action=maybe_recompile pc=0x00007d39bd13a350 method=java.lang.StringLatin1.lastIndexOf([BII)I @ 19 c2
Event: 16.390 Thread 0x00007d39cc01f260 DEOPT PACKING pc=0x00007d39bd13a350 sp=0x00007d39d3999290
Event: 16.390 Thread 0x00007d39cc01f260 DEOPT UNPACKING pc=0x00007d39bc9cb699 sp=0x00007d39d3999168 mode 2
Event: 16.393 Thread 0x00007d39cc01f260 Uncommon trap: trap_request=0xffffff6e fr.pc=0x00007d39bd0ef68c relative=0x000000000000016c
Event: 16.393 Thread 0x00007d39cc01f260 Uncommon trap: reason=loop_limit_check action=maybe_recompile pc=0x00007d39bd0ef68c method=java.lang.StringLatin1.lastIndexOf([BII)I @ 19 c2
Event: 16.393 Thread 0x00007d39cc01f260 DEOPT PACKING pc=0x00007d39bd0ef68c sp=0x00007d39d39991d0
Event: 16.393 Thread 0x00007d39cc01f260 DEOPT UNPACKING pc=0x00007d39bc9cb699 sp=0x00007d39d3999170 mode 2
Event: 16.398 Thread 0x00007d39cc01f260 DEOPT PACKING pc=0x00007d39b5c6eba3 sp=0x00007d39d3998fc0
Event: 16.398 Thread 0x00007d39cc01f260 DEOPT UNPACKING pc=0x00007d39bc9cbe2f sp=0x00007d39d3998518 mode 0
Event: 16.415 Thread 0x00007d39cc01f260 Uncommon trap: trap_request=0xffffff45 fr.pc=0x00007d39bd32d1a4 relative=0x0000000000000084
Event: 16.415 Thread 0x00007d39cc01f260 Uncommon trap: reason=unstable_if action=reinterpret pc=0x00007d39bd32d1a4 method=java.util.regex.Pattern$LastNode.match(Ljava/util/regex/Matcher;ILjava/lang/CharSequence;)Z @ 13 c2
Event: 16.415 Thread 0x00007d39cc01f260 DEOPT PACKING pc=0x00007d39bd32d1a4 sp=0x00007d39d3999460
Event: 16.415 Thread 0x00007d39cc01f260 DEOPT UNPACKING pc=0x00007d39bc9cb699 sp=0x00007d39d39993f8 mode 2

Classes loaded (20 events):
Event: 16.313 Loading class java/security/UnrecoverableEntryException done
Event: 16.313 Loading class java/security/UnrecoverableKeyException done
Event: 16.314 Loading class javax/naming/InvalidNameException
Event: 16.314 Loading class javax/naming/InvalidNameException done
Event: 16.314 Loading class javax/naming/ldap/LdapContext
Event: 16.314 Loading class javax/naming/directory/DirContext
Event: 16.315 Loading class javax/naming/directory/DirContext done
Event: 16.315 Loading class javax/naming/ldap/LdapContext done
Event: 16.315 Loading class com/sun/jmx/remote/security/FileLoginModule
Event: 16.316 Loading class com/sun/jmx/remote/security/FileLoginModule done
Event: 16.317 Loading class javax/security/auth/Subject$SecureSet$1
Event: 16.317 Loading class javax/security/auth/Subject$SecureSet$1 done
Event: 16.318 Loading class javax/security/auth/Subject$ClassSet
Event: 16.318 Loading class javax/security/auth/Subject$ClassSet done
Event: 16.329 Loading class java/io/ObjectInputValidation
Event: 16.329 Loading class java/io/ObjectInputValidation done
Event: 16.360 Loading class java/text/CharacterIterator
Event: 16.360 Loading class java/text/CharacterIterator done
Event: 16.360 Loading class java/nio/charset/MalformedInputException
Event: 16.360 Loading class java/nio/charset/MalformedInputException done

Classes unloaded (0 events):
No events

Classes redefined (0 events):
No events

Internal exceptions (20 events):
Event: 16.067 Thread 0x00007d39cc01f260 Exception <a 'sun/nio/fs/UnixException'{0x00000000c56d2920}> (0x00000000c56d2920) 
thrown [./src/hotspot/share/prims/jni.cpp, line 516]
Event: 16.071 Thread 0x00007d39cc01f260 Exception <a 'java/lang/NoSuchMethodError'{0x00000000c5532890}: 'java.lang.Object java.lang.invoke.DirectMethodHandle$Holder.invokeSpecial(java.lang.Object, java.lang.Object, long, java.lang.Object, java.lang.Object, java.lang.Object, java.lang.Object, java.lang.Object, java.lang.Object)'> (0x00000000c5532890) 
thrown [./src/hotspot/share/interpreter/linkResolver.cpp, line 758]
Event: 16.071 Thread 0x00007d39cc01f260 Exception <a 'java/lang/NoSuchMethodError'{0x00000000c5537110}: 'java.lang.Object java.lang.invoke.DelegatingMethodHandle$Holder.reinvoke_L(java.lang.Object, long, java.lang.Object, java.lang.Object, java.lang.Object, java.lang.Object, java.lang.Object, java.lang.Object)'> (0x00000000c5537110) 
thrown [./src/hotspot/share/interpreter/linkResolver.cpp, line 758]
Event: 16.072 Thread 0x00007d39cc01f260 Exception <a 'java/lang/NoSuchMethodError'{0x00000000c5543c58}: 'java.lang.Object java.lang.invoke.Invokers$Holder.linkToTargetMethod(java.lang.Object, java.lang.Object, java.lang.Object, java.lang.Object, java.lang.Object, java.lang.Object, java.lang.Object)'> (0x00000000c5543c58) 
thrown [./src/hotspot/share/interpreter/linkResolver.cpp, line 758]
Event: 16.144 Thread 0x00007d39cc01f260 Exception <a 'java/lang/NoSuchMethodError'{0x00000000c5195780}: 'void java.lang.invoke.DirectMethodHandle$Holder.invokeStaticInit(java.lang.Object)'> (0x00000000c5195780) 
thrown [./src/hotspot/share/interpreter/linkResolver.cpp, line 758]
Event: 16.146 Thread 0x00007d39cc01f260 Exception <a 'java/lang/NoSuchMethodError'{0x00000000c51fe420}: 'void java.lang.invoke.DirectMethodHandle$Holder.invokeStatic(java.lang.Object, java.lang.Object, int)'> (0x00000000c51fe420) 
thrown [./src/hotspot/share/interpreter/linkResolver.cpp, line 758]
Event: 16.147 Thread 0x00007d39cc01f260 Exception <a 'java/lang/NoSuchMethodError'{0x00000000c50091f0}: 'void java.lang.invoke.DirectMethodHandle$Holder.invokeStatic(java.lang.Object, java.lang.Object, int, long)'> (0x00000000c50091f0) 
thrown [./src/hotspot/share/interpreter/linkResolver.cpp, line 758]
Event: 16.171 Thread 0x00007d39cc01f260 Exception <a 'java/lang/NoSuchMethodError'{0x00000000c50d5518}: 'java.lang.Object java.lang.invoke.DirectMethodHandle$Holder.invokeStatic(java.lang.Object, java.lang.Object, long, java.lang.Object)'> (0x00000000c50d5518) 
thrown [./src/hotspot/share/interpreter/linkResolver.cpp, line 758]
Event: 16.172 Thread 0x00007d39cc01f260 Exception <a 'java/lang/NoSuchMethodError'{0x00000000c50d8fb0}: 'java.lang.Object java.lang.invoke.DirectMethodHandle$Holder.invokeStaticInit(java.lang.Object, java.lang.Object, long, java.lang.Object)'> (0x00000000c50d8fb0) 
thrown [./src/hotspot/share/interpreter/linkResolver.cpp, line 758]
Event: 16.172 Thread 0x00007d39cc01f260 Exception <a 'java/lang/NoSuchMethodError'{0x00000000c50df5c0}: 'java.lang.Object java.lang.invoke.DirectMethodHandle$Holder.newInvokeSpecial(java.lang.Object, java.lang.Object, long)'> (0x00000000c50df5c0) 
thrown [./src/hotspot/share/interpreter/linkResolver.cpp, line 758]
Event: 16.172 Thread 0x00007d39cc01f260 Exception <a 'java/lang/NoSuchMethodError'{0x00000000c50e3130}: 'java.lang.Object java.lang.invoke.Invokers$Holder.linkToTargetMethod(java.lang.Object, long, java.lang.Object)'> (0x00000000c50e3130) 
thrown [./src/hotspot/share/interpreter/linkResolver.cpp, line 758]
Event: 16.174 Thread 0x00007d39cc01f260 Exception <a 'java/lang/NoSuchMethodError'{0x00000000c50ea010}: 'java.lang.Object java.lang.invoke.DirectMethodHandle$Holder.newInvokeSpecial(java.lang.Object, java.lang.Object, java.lang.Object, int)'> (0x00000000c50ea010) 
thrown [./src/hotspot/share/interpreter/linkResolver.cpp, line 758]
Event: 16.174 Thread 0x00007d39cc01f260 Exception <a 'java/lang/NoSuchMethodError'{0x00000000c50ee3f0}: 'java.lang.Object java.lang.invoke.DirectMethodHandle$Holder.invokeSpecial(java.lang.Object, java.lang.Object, java.lang.Object, java.lang.Object, int)'> (0x00000000c50ee3f0) 
thrown [./src/hotspot/share/interpreter/linkResolver.cpp, line 758]
Event: 16.174 Thread 0x00007d39cc01f260 Exception <a 'java/lang/NoSuchMethodError'{0x00000000c50f1fb8}: 'java.lang.Object java.lang.invoke.Invokers$Holder.linkToTargetMethod(java.lang.Object, java.lang.Object, int, java.lang.Object)'> (0x00000000c50f1fb8) 
thrown [./src/hotspot/share/interpreter/linkResolver.cpp, line 758]
Event: 16.282 Thread 0x00007d39cc01f260 Exception <a 'java/lang/NoSuchMethodError'{0x00000000c4999d60}: 'void java.lang.invoke.DirectMethodHandle$Holder.invokeStaticInit(java.lang.Object, java.lang.Object, java.lang.Object, java.lang.Object)'> (0x00000000c4999d60) 
thrown [./src/hotspot/share/interpreter/linkResolver.cpp, line 758]
Event: 16.302 Thread 0x00007d39cc01f260 Implicit null exception at 0x00007d39bd39c364 to 0x00007d39bd39c7e8
Event: 16.303 Thread 0x00007d39cc01f260 Exception <a 'java/lang/NoSuchMethodError'{0x00000000c475cd08}: 'void java.lang.invoke.DelegatingMethodHandle$Holder.delegate(java.lang.Object, java.lang.Object, int, java.lang.Object)'> (0x00000000c475cd08) 
thrown [./src/hotspot/share/interpreter/linkResolver.cpp, line 758]
Event: 16.305 Thread 0x00007d39cc01f260 Exception <a 'java/lang/ClassNotFoundException'{0x00000000c47788c0}: sun/security/util/spi/ResourcesProvider> (0x00000000c47788c0) 
thrown [./src/hotspot/share/classfile/systemDictionary.cpp, line 256]
Event: 16.408 Thread 0x00007d39cc01f260 Exception <a 'java/lang/NoSuchMethodError'{0x00000000c660e258}: 'java.lang.Object java.lang.invoke.DirectMethodHandle$Holder.invokeSpecial(java.lang.Object, java.lang.Object, int, int, java.lang.Object, java.lang.Object)'> (0x00000000c660e258) 
thrown [./src/hotspot/share/interpreter/linkResolver.cpp, line 758]
Event: 16.416 Thread 0x00007d39cc01f260 Exception <a 'java/lang/NoSuchMethodError'{0x00000000c66a3b58}: 'int java.lang.invoke.DirectMethodHandle$Holder.invokeStatic(java.lang.Object, java.lang.Object, java.lang.Object, int)'> (0x00000000c66a3b58) 
thrown [./src/hotspot/share/interpreter/linkResolver.cpp, line 758]

VM Operations (20 events):
Event: 16.116 Executing VM operation: HandshakeAllThreads
Event: 16.116 Executing VM operation: HandshakeAllThreads done
Event: 16.116 Executing VM operation: HandshakeAllThreads
Event: 16.116 Executing VM operation: HandshakeAllThreads done
Event: 16.175 Executing VM operation: HandshakeAllThreads
Event: 16.175 Executing VM operation: HandshakeAllThreads done
Event: 16.175 Executing VM operation: HandshakeAllThreads
Event: 16.175 Executing VM operation: HandshakeAllThreads done
Event: 16.175 Executing VM operation: HandshakeAllThreads
Event: 16.175 Executing VM operation: HandshakeAllThreads done
Event: 16.242 Executing VM operation: HandshakeAllThreads
Event: 16.242 Executing VM operation: HandshakeAllThreads done
Event: 16.335 Executing VM operation: CollectForMetadataAllocation
Event: 16.339 Executing VM operation: CollectForMetadataAllocation done
Event: 16.344 Executing VM operation: G1PauseRemark
Event: 16.348 Executing VM operation: G1PauseRemark done
Event: 16.350 Executing VM operation: G1PauseCleanup
Event: 16.350 Executing VM operation: G1PauseCleanup done
Event: 16.383 Executing VM operation: HandshakeAllThreads
Event: 16.383 Executing VM operation: HandshakeAllThreads done

Memory protections (20 events):
Event: 6.960 Protecting memory [0x00007d39a5700000,0x00007d39a5704000] with protection modes 0
Event: 7.242 Protecting memory [0x00007d39a5700000,0x00007d39a5704000] with protection modes 0
Event: 7.242 Protecting memory [0x00007d39a46f5000,0x00007d39a46f9000] with protection modes 0
Event: 7.418 Protecting memory [0x00007d39a46f5000,0x00007d39a46f9000] with protection modes 0
Event: 7.788 Protecting memory [0x00007d39a5700000,0x00007d39a5704000] with protection modes 0
Event: 7.934 Protecting memory [0x00007d39a46f5000,0x00007d39a46f9000] with protection modes 0
Event: 7.934 Protecting memory [0x00007d39a45f5000,0x00007d39a45f9000] with protection modes 0
Event: 9.499 Protecting memory [0x00007d39a5700000,0x00007d39a5704000] with protection modes 0
Event: 9.499 Protecting memory [0x00007d39a46f5000,0x00007d39a46f9000] with protection modes 0
Event: 10.959 Protecting memory [0x00007d39a5700000,0x00007d39a5704000] with protection modes 0
Event: 10.959 Protecting memory [0x00007d39a46f5000,0x00007d39a46f9000] with protection modes 0
Event: 15.981 Protecting memory [0x00007d39a5900000,0x00007d39a5904000] with protection modes 0
Event: 16.134 Protecting memory [0x00007d39a51fd000,0x00007d39a5201000] with protection modes 0
Event: 16.134 Protecting memory [0x00007d39a5700000,0x00007d39a5704000] with protection modes 0
Event: 16.137 Protecting memory [0x00007d39a46f5000,0x00007d39a46f9000] with protection modes 0
Event: 16.139 Protecting memory [0x00007d39a50fd000,0x00007d39a5101000] with protection modes 0
Event: 16.157 Protecting memory [0x00007d39a45f5000,0x00007d39a45f9000] with protection modes 0
Event: 16.178 Protecting memory [0x00007d39b401a000,0x00007d39b401e000] with protection modes 0
Event: 16.179 Protecting memory [0x00007d39a44f5000,0x00007d39a44f9000] with protection modes 0
Event: 16.374 Protecting memory [0x00007d39a44f5000,0x00007d39a44f9000] with protection modes 0

Nmethod flushes (20 events):
Event: 8.120 Thread 0x00007d39cc12c910 flushing  nmethod 0x00007d39b5d0d590
Event: 8.120 Thread 0x00007d39cc12c910 flushing  nmethod 0x00007d39b5d2c690
Event: 8.120 Thread 0x00007d39cc12c910 flushing  nmethod 0x00007d39b5d72590
Event: 8.120 Thread 0x00007d39cc12c910 flushing  nmethod 0x00007d39b5d72890
Event: 8.120 Thread 0x00007d39cc12c910 flushing osr nmethod 0x00007d39b5da6390
Event: 8.120 Thread 0x00007d39cc12c910 flushing  nmethod 0x00007d39b5da8e10
Event: 8.120 Thread 0x00007d39cc12c910 flushing  nmethod 0x00007d39b5dba690
Event: 8.120 Thread 0x00007d39cc12c910 flushing  nmethod 0x00007d39b5dd9090
Event: 8.120 Thread 0x00007d39cc12c910 flushing  nmethod 0x00007d39b5ddf610
Event: 8.120 Thread 0x00007d39cc12c910 flushing  nmethod 0x00007d39b5de0810
Event: 8.120 Thread 0x00007d39cc12c910 flushing  nmethod 0x00007d39b5de2890
Event: 8.120 Thread 0x00007d39cc12c910 flushing  nmethod 0x00007d39b5de6790
Event: 8.120 Thread 0x00007d39cc12c910 flushing  nmethod 0x00007d39b5deb710
Event: 8.120 Thread 0x00007d39cc12c910 flushing  nmethod 0x00007d39b5def910
Event: 8.120 Thread 0x00007d39cc12c910 flushing  nmethod 0x00007d39b5e20510
Event: 8.120 Thread 0x00007d39cc12c910 flushing  nmethod 0x00007d39b5e22990
Event: 8.120 Thread 0x00007d39cc12c910 flushing  nmethod 0x00007d39b5e27c10
Event: 8.120 Thread 0x00007d39cc12c910 flushing  nmethod 0x00007d39b5e4c910
Event: 8.120 Thread 0x00007d39cc12c910 flushing  nmethod 0x00007d39b5e53290
Event: 8.120 Thread 0x00007d39cc12c910 flushing  nmethod 0x00007d39b5e66e90

Events (20 events):
Event: 9.499 Thread 0x00007d39cc129f70 Thread added: 0x00007d393c64ee30
Event: 9.641 Thread 0x00007d393c64ee30 Thread exited: 0x00007d393c64ee30
Event: 9.707 Thread 0x00007d39140b57a0 Thread exited: 0x00007d39140b57a0
Event: 10.959 Thread 0x00007d39cc129f70 Thread added: 0x00007d393c13a500
Event: 10.959 Thread 0x00007d39cc129f70 Thread added: 0x00007d393c672460
Event: 10.990 Thread 0x00007d39301ac7b0 Thread exited: 0x00007d39301ac7b0
Event: 11.150 Thread 0x00007d393c672460 Thread exited: 0x00007d393c672460
Event: 11.375 Thread 0x00007d393c13a500 Thread exited: 0x00007d393c13a500
Event: 12.076 Thread 0x00007d39301ab6e0 Thread exited: 0x00007d39301ab6e0
Event: 12.076 Thread 0x00007d393005d390 Thread exited: 0x00007d393005d390
Event: 15.981 Thread 0x00007d39cc12b4a0 Thread added: 0x00007d39302240d0
Event: 16.134 Thread 0x00007d39cc12b4a0 Thread added: 0x00007d3930239440
Event: 16.134 Thread 0x00007d39cc12b4a0 Thread added: 0x00007d39302399f0
Event: 16.137 Thread 0x00007d3930239440 Thread added: 0x00007d39140c09b0
Event: 16.139 Thread 0x00007d3930239440 Thread added: 0x00007d3914065990
Event: 16.157 Thread 0x00007d3914065990 Thread added: 0x00007d390808ab20
Event: 16.178 Thread 0x00007d39cc01f260 Thread added: 0x00007d39cd691c00
Event: 16.179 Thread 0x00007d39cc01f260 Thread added: 0x00007d39cd692cf0
Event: 16.180 Thread 0x00007d39cd692cf0 Thread exited: 0x00007d39cd692cf0
Event: 16.374 Thread 0x00007d39cc01f260 Thread added: 0x00007d39cd79b850


Dynamic libraries:
c0000000-c6b00000 rw-p 00000000 00:00 0 
c6b00000-c7b00000 ---p 00000000 00:00 0 
c7b00000-c7c00000 rw-p 00000000 00:00 0 
c7c00000-ffe00000 ---p 00000000 00:00 0 
ffe00000-ffe75000 rw-p 00c77000 08:30 79866                              /usr/lib/jvm/java-17-openjdk-amd64/lib/server/classes.jsa
ffe75000-fff00000 rw-p 00000000 00:00 0 
fff00000-fff78000 rw-p 00bff000 08:30 79866                              /usr/lib/jvm/java-17-openjdk-amd64/lib/server/classes.jsa
fff78000-100000000 rw-p 00000000 00:00 0 
5f7b61414000-5f7b61415000 r--p 00000000 08:30 79515                      /usr/lib/jvm/java-17-openjdk-amd64/bin/java
5f7b61415000-5f7b61416000 r-xp 00001000 08:30 79515                      /usr/lib/jvm/java-17-openjdk-amd64/bin/java
5f7b61416000-5f7b61417000 r--p 00002000 08:30 79515                      /usr/lib/jvm/java-17-openjdk-amd64/bin/java
5f7b61417000-5f7b61418000 r--p 00002000 08:30 79515                      /usr/lib/jvm/java-17-openjdk-amd64/bin/java
5f7b61418000-5f7b61419000 rw-p 00003000 08:30 79515                      /usr/lib/jvm/java-17-openjdk-amd64/bin/java
5f7b61f37000-5f7b61f7e000 rw-p 00000000 00:00 0                          [heap]
7d38c8000000-7d38c8021000 rw-p 00000000 00:00 0 
7d38c8021000-7d38cc000000 ---p 00000000 00:00 0 
7d38cc000000-7d38cc021000 rw-p 00000000 00:00 0 
7d38cc021000-7d38d0000000 ---p 00000000 00:00 0 
7d38d0000000-7d38d0529000 rw-p 00000000 00:00 0 
7d38d0529000-7d38d4000000 ---p 00000000 00:00 0 
7d38d4000000-7d38d4313000 rw-p 00000000 00:00 0 
7d38d4313000-7d38d8000000 ---p 00000000 00:00 0 
7d38d8000000-7d38d83c4000 rw-p 00000000 00:00 0 
7d38d83c4000-7d38dc000000 ---p 00000000 00:00 0 
7d38dc000000-7d38dc3ac000 rw-p 00000000 00:00 0 
7d38dc3ac000-7d38e0000000 ---p 00000000 00:00 0 
7d38e0000000-7d38e04a4000 rw-p 00000000 00:00 0 
7d38e04a4000-7d38e4000000 ---p 00000000 00:00 0 
7d38e4000000-7d38e458d000 rw-p 00000000 00:00 0 
7d38e458d000-7d38e8000000 ---p 00000000 00:00 0 
7d38e8000000-7d38e8021000 rw-p 00000000 00:00 0 
7d38e8021000-7d38ec000000 ---p 00000000 00:00 0 
7d38ec000000-7d38ec021000 rw-p 00000000 00:00 0 
7d38ec021000-7d38f0000000 ---p 00000000 00:00 0 
7d38f0000000-7d38f0021000 rw-p 00000000 00:00 0 
7d38f0021000-7d38f4000000 ---p 00000000 00:00 0 
7d38f4000000-7d38f4021000 rw-p 00000000 00:00 0 
7d38f4021000-7d38f8000000 ---p 00000000 00:00 0 
7d38f8000000-7d38f8021000 rw-p 00000000 00:00 0 
7d38f8021000-7d38fc000000 ---p 00000000 00:00 0 
7d38fc000000-7d38fc021000 rw-p 00000000 00:00 0 
7d38fc021000-7d3900000000 ---p 00000000 00:00 0 
7d3900000000-7d3900021000 rw-p 00000000 00:00 0 
7d3900021000-7d3904000000 ---p 00000000 00:00 0 
7d3904000000-7d3904021000 rw-p 00000000 00:00 0 
7d3904021000-7d3908000000 ---p 00000000 00:00 0 
7d3908000000-7d3908e1d000 rw-p 00000000 00:00 0 
7d3908e1d000-7d390c000000 ---p 00000000 00:00 0 
7d390c000000-7d390c541000 rw-p 00000000 00:00 0 
7d390c541000-7d3910000000 ---p 00000000 00:00 0 
7d3910000000-7d3910021000 rw-p 00000000 00:00 0 
7d3910021000-7d3914000000 ---p 00000000 00:00 0 
7d3914000000-7d3914162000 rw-p 00000000 00:00 0 
7d3914162000-7d3918000000 ---p 00000000 00:00 0 
7d3918000000-7d3918021000 rw-p 00000000 00:00 0 
7d3918021000-7d391c000000 ---p 00000000 00:00 0 
7d391c000000-7d391c021000 rw-p 00000000 00:00 0 
7d391c021000-7d3920000000 ---p 00000000 00:00 0 
7d3920000000-7d3921050000 rw-p 00000000 00:00 0 
7d3921050000-7d3924000000 ---p 00000000 00:00 0 
7d3924000000-7d3924021000 rw-p 00000000 00:00 0 
7d3924021000-7d3928000000 ---p 00000000 00:00 0 
7d3928000000-7d3928319000 rw-p 00000000 00:00 0 
7d3928319000-7d392c000000 ---p 00000000 00:00 0 
7d392c000000-7d392c021000 rw-p 00000000 00:00 0 
7d392c021000-7d3930000000 ---p 00000000 00:00 0 
7d3930000000-7d3930247000 rw-p 00000000 00:00 0 
7d3930247000-7d3934000000 ---p 00000000 00:00 0 
7d3934000000-7d3934021000 rw-p 00000000 00:00 0 
7d3934021000-7d3938000000 ---p 00000000 00:00 0 
7d3938000000-7d3938021000 rw-p 00000000 00:00 0 
7d3938021000-7d393c000000 ---p 00000000 00:00 0 
7d393c000000-7d393d4e6000 rw-p 00000000 00:00 0 
7d393d4e6000-7d3940000000 ---p 00000000 00:00 0 
7d3940000000-7d3940021000 rw-p 00000000 00:00 0 
7d3940021000-7d3944000000 ---p 00000000 00:00 0 
7d3944000000-7d3944021000 rw-p 00000000 00:00 0 
7d3944021000-7d3948000000 ---p 00000000 00:00 0 
7d3948000000-7d3948021000 rw-p 00000000 00:00 0 
7d3948021000-7d394c000000 ---p 00000000 00:00 0 
7d394c000000-7d394c021000 rw-p 00000000 00:00 0 
7d394c021000-7d3950000000 ---p 00000000 00:00 0 
7d3950000000-7d3950021000 rw-p 00000000 00:00 0 
7d3950021000-7d3954000000 ---p 00000000 00:00 0 
7d3956d73000-7d3957000000 rw-p 00000000 00:00 0 
7d3957000000-7d3957454000 rw-p 00001000 08:30 79866                      /usr/lib/jvm/java-17-openjdk-amd64/lib/server/classes.jsa
7d3957454000-7d3957bc7000 rw-p 00455000 08:30 79866                      /usr/lib/jvm/java-17-openjdk-amd64/lib/server/classes.jsa
7d3957bc7000-7d3958000000 ---p 00000000 00:00 0 
7d3958000000-7d3958030000 rw-p 00000000 00:00 0 
7d3958030000-7d3958070000 rw-p 00000000 00:00 0 
7d3958070000-7d3958230000 rw-p 00000000 00:00 0 
7d3958230000-7d3958270000 rw-p 00000000 00:00 0 
7d3958270000-7d39582b0000 rw-p 00000000 00:00 0 
7d39582b0000-7d3958310000 rw-p 00000000 00:00 0 
7d3958310000-7d3958330000 rw-p 00000000 00:00 0 
7d3958330000-7d39583b0000 rw-p 00000000 00:00 0 
7d39583b0000-7d39583e0000 rw-p 00000000 00:00 0 
7d39583e0000-7d3958400000 ---p 00000000 00:00 0 
7d3958400000-7d3958460000 rw-p 00000000 00:00 0 
7d3958460000-7d3998000000 ---p 00000000 00:00 0 
7d3998000000-7d3998021000 rw-p 00000000 00:00 0 
7d3998021000-7d399c000000 ---p 00000000 00:00 0 
7d399c000000-7d399c3f0000 rw-p 00000000 00:00 0 
7d399c3f0000-7d399d170000 rw-p 00000000 00:00 0 
7d399d170000-7d399d290000 rw-p 00000000 00:00 0 
7d399d290000-7d399d2b0000 rw-p 00000000 00:00 0 
7d399d2b0000-7d399d2f0000 rw-p 00000000 00:00 0 
7d399d2f0000-7d399d4f0000 rw-p 00000000 00:00 0 
7d399d4f0000-7d399d530000 rw-p 00000000 00:00 0 
7d399d530000-7d399d570000 rw-p 00000000 00:00 0 
7d399d570000-7d399d6f0000 rw-p 00000000 00:00 0 
7d399d6f0000-7d399d730000 rw-p 00000000 00:00 0 
7d399d730000-7d399d770000 rw-p 00000000 00:00 0 
7d399d770000-7d399d830000 rw-p 00000000 00:00 0 
7d399d830000-7d399d870000 rw-p 00000000 00:00 0 
7d399d870000-7d399d8f0000 rw-p 00000000 00:00 0 
7d399d8f0000-7d399daf0000 rw-p 00000000 00:00 0 
7d399daf0000-7d399db70000 rw-p 00000000 00:00 0 
7d399db70000-7d399dbf0000 rw-p 00000000 00:00 0 
7d399dbf0000-7d399dd70000 rw-p 00000000 00:00 0 
7d399dd70000-7d399dde0000 rw-p 00000000 00:00 0 
7d399dde0000-7d399de00000 ---p 00000000 00:00 0 
7d399de00000-7d399e040000 rw-p 00000000 00:00 0 
7d399e040000-7d39a0000000 ---p 00000000 00:00 0 
7d39a0000000-7d39a0021000 rw-p 00000000 00:00 0 
7d39a0021000-7d39a4000000 ---p 00000000 00:00 0 
7d39a40f1000-7d39a40f2000 ---p 00000000 00:00 0 
7d39a40f2000-7d39a41f2000 rw-p 00000000 00:00 0 
7d39a41f2000-7d39a41f3000 ---p 00000000 00:00 0 
7d39a41f3000-7d39a42f3000 rw-p 00000000 00:00 0 
7d39a42f3000-7d39a42f4000 ---p 00000000 00:00 0 
7d39a42f4000-7d39a43f4000 rw-p 00000000 00:00 0 
7d39a43f4000-7d39a43f5000 ---p 00000000 00:00 0 
7d39a43f5000-7d39a44f5000 rw-p 00000000 00:00 0 
7d39a44f5000-7d39a44f9000 ---p 00000000 00:00 0 
7d39a44f9000-7d39a45f5000 rw-p 00000000 00:00 0 
7d39a45f5000-7d39a45f9000 ---p 00000000 00:00 0 
7d39a45f9000-7d39a46f5000 rw-p 00000000 00:00 0 
7d39a46f5000-7d39a46f9000 ---p 00000000 00:00 0 
7d39a46f9000-7d39a47f5000 rw-p 00000000 00:00 0 
7d39a47f5000-7d39a47f6000 ---p 00000000 00:00 0 
7d39a47f6000-7d39a48f6000 rw-p 00000000 00:00 0 
7d39a48f6000-7d39a48f7000 ---p 00000000 00:00 0 
7d39a48f7000-7d39a49f7000 rw-p 00000000 00:00 0 
7d39a49f7000-7d39a49f8000 ---p 00000000 00:00 0 
7d39a49f8000-7d39a4af8000 rw-p 00000000 00:00 0 
7d39a4af8000-7d39a4af9000 ---p 00000000 00:00 0 
7d39a4af9000-7d39a4bf9000 rw-p 00000000 00:00 0 
7d39a4bf9000-7d39a4bfa000 ---p 00000000 00:00 0 
7d39a4bfa000-7d39a4cfa000 rw-p 00000000 00:00 0 
7d39a4cfa000-7d39a4cfb000 ---p 00000000 00:00 0 
7d39a4cfb000-7d39a4dfb000 rw-p 00000000 00:00 0 
7d39a4dfb000-7d39a4dfc000 ---p 00000000 00:00 0 
7d39a4dfc000-7d39a4efc000 rw-p 00000000 00:00 0 
7d39a4efc000-7d39a4efd000 ---p 00000000 00:00 0 
7d39a4efd000-7d39a4ffd000 rw-p 00000000 00:00 0 
7d39a4ffd000-7d39a5001000 ---p 00000000 00:00 0 
7d39a5001000-7d39a50fd000 rw-p 00000000 00:00 0 
7d39a50fd000-7d39a5101000 ---p 00000000 00:00 0 
7d39a5101000-7d39a51fd000 rw-p 00000000 00:00 0 
7d39a51fd000-7d39a5201000 ---p 00000000 00:00 0 
7d39a5201000-7d39a52fd000 rw-p 00000000 00:00 0 
7d39a52fd000-7d39a52fe000 ---p 00000000 00:00 0 
7d39a52fe000-7d39a53fe000 rw-p 00000000 00:00 0 
7d39a53fe000-7d39a53ff000 ---p 00000000 00:00 0 
7d39a53ff000-7d39a54ff000 rw-p 00000000 00:00 0 
7d39a54ff000-7d39a5500000 ---p 00000000 00:00 0 
7d39a5500000-7d39a5600000 rw-p 00000000 00:00 0 
7d39a5600000-7d39a5604000 ---p 00000000 00:00 0 
7d39a5604000-7d39a5700000 rw-p 00000000 00:00 0 
7d39a5700000-7d39a5704000 ---p 00000000 00:00 0 
7d39a5704000-7d39a5800000 rw-p 00000000 00:00 0 
7d39a5800000-7d39a5804000 ---p 00000000 00:00 0 
7d39a5804000-7d39a5900000 rw-p 00000000 00:00 0 
7d39a5900000-7d39a5904000 ---p 00000000 00:00 0 
7d39a5904000-7d39a5a00000 rw-p 00000000 00:00 0 
7d39a5a00000-7d39a5a04000 ---p 00000000 00:00 0 
7d39a5a04000-7d39a5b00000 rw-p 00000000 00:00 0 
7d39a5b00000-7d39a5b04000 ---p 00000000 00:00 0 
7d39a5b04000-7d39a5c00000 rw-p 00000000 00:00 0 
7d39a5c00000-7d39a5c04000 ---p 00000000 00:00 0 
7d39a5c04000-7d39a5d00000 rw-p 00000000 00:00 0 
7d39a5d00000-7d39a5d04000 ---p 00000000 00:00 0 
7d39a5d04000-7d39a5e00000 rw-p 00000000 00:00 0 
7d39a5e00000-7d39a5e04000 ---p 00000000 00:00 0 
7d39a5e04000-7d39a5f00000 rw-p 00000000 00:00 0 
7d39a5f00000-7d39a5f04000 ---p 00000000 00:00 0 
7d39a5f04000-7d39a8000000 rw-p 00000000 00:00 0 
7d39a8000000-7d39a8021000 rw-p 00000000 00:00 0 
7d39a8021000-7d39ac000000 ---p 00000000 00:00 0 
7d39ac000000-7d39ac021000 rw-p 00000000 00:00 0 
7d39ac021000-7d39b0000000 ---p 00000000 00:00 0 
7d39b0000000-7d39b0062000 rw-p 00000000 00:00 0 
7d39b0062000-7d39b4000000 ---p 00000000 00:00 0 
7d39b4015000-7d39b4016000 r--p 00000000 08:30 79834                      /usr/lib/jvm/java-17-openjdk-amd64/lib/libjaas.so
7d39b4016000-7d39b4017000 r-xp 00001000 08:30 79834                      /usr/lib/jvm/java-17-openjdk-amd64/lib/libjaas.so
7d39b4017000-7d39b4018000 r--p 00002000 08:30 79834                      /usr/lib/jvm/java-17-openjdk-amd64/lib/libjaas.so
7d39b4018000-7d39b4019000 r--p 00002000 08:30 79834                      /usr/lib/jvm/java-17-openjdk-amd64/lib/libjaas.so
7d39b4019000-7d39b401a000 rw-p 00003000 08:30 79834                      /usr/lib/jvm/java-17-openjdk-amd64/lib/libjaas.so
7d39b401a000-7d39b401e000 ---p 00000000 00:00 0 
7d39b401e000-7d39b403c000 rw-p 00000000 00:00 0 
7d39b403c000-7d39b403d000 r--p 00000000 08:30 79828                      /usr/lib/jvm/java-17-openjdk-amd64/lib/libextnet.so
7d39b403d000-7d39b403e000 r-xp 00001000 08:30 79828                      /usr/lib/jvm/java-17-openjdk-amd64/lib/libextnet.so
7d39b403e000-7d39b403f000 r--p 00002000 08:30 79828                      /usr/lib/jvm/java-17-openjdk-amd64/lib/libextnet.so
7d39b403f000-7d39b4040000 r--p 00002000 08:30 79828                      /usr/lib/jvm/java-17-openjdk-amd64/lib/libextnet.so
7d39b4040000-7d39b4041000 rw-p 00003000 08:30 79828                      /usr/lib/jvm/java-17-openjdk-amd64/lib/libextnet.so
7d39b4041000-7d39b4045000 r--p 00000000 08:30 79855                      /usr/lib/jvm/java-17-openjdk-amd64/lib/libverify.so
7d39b4045000-7d39b404c000 r-xp 00004000 08:30 79855                      /usr/lib/jvm/java-17-openjdk-amd64/lib/libverify.so
7d39b404c000-7d39b404e000 r--p 0000b000 08:30 79855                      /usr/lib/jvm/java-17-openjdk-amd64/lib/libverify.so
7d39b404e000-7d39b4050000 r--p 0000c000 08:30 79855                      /usr/lib/jvm/java-17-openjdk-amd64/lib/libverify.so
7d39b4050000-7d39b4051000 rw-p 0000e000 08:30 79855                      /usr/lib/jvm/java-17-openjdk-amd64/lib/libverify.so
7d39b4051000-7d39b4053000 r--p 00000000 08:30 79846                      /usr/lib/jvm/java-17-openjdk-amd64/lib/libmanagement_ext.so
7d39b4053000-7d39b4056000 r-xp 00002000 08:30 79846                      /usr/lib/jvm/java-17-openjdk-amd64/lib/libmanagement_ext.so
7d39b4056000-7d39b4057000 r--p 00005000 08:30 79846                      /usr/lib/jvm/java-17-openjdk-amd64/lib/libmanagement_ext.so
7d39b4057000-7d39b4058000 r--p 00006000 08:30 79846                      /usr/lib/jvm/java-17-openjdk-amd64/lib/libmanagement_ext.so
7d39b4058000-7d39b4059000 rw-p 00007000 08:30 79846                      /usr/lib/jvm/java-17-openjdk-amd64/lib/libmanagement_ext.so
7d39b4059000-7d39b408a000 rw-p 00000000 00:00 0 
7d39b408a000-7d39b40e1000 r--p 00000000 08:30 69574                      /usr/lib/locale/C.utf8/LC_CTYPE
7d39b40e1000-7d39b40e5000 ---p 00000000 00:00 0 
7d39b40e5000-7d39b41e1000 rw-p 00000000 00:00 0 
7d39b41e1000-7d39b41e5000 ---p 00000000 00:00 0 
7d39b41e5000-7d39b42e1000 rw-p 00000000 00:00 0 
7d39b42e1000-7d39b42e2000 ---p 00000000 00:00 0 
7d39b42e2000-7d39b43e2000 rw-p 00000000 00:00 0 
7d39b43e2000-7d39b43e7000 r--p 00000000 08:30 79842                      /usr/lib/jvm/java-17-openjdk-amd64/lib/libjsvml.so
7d39b43e7000-7d39b4428000 r-xp 00005000 08:30 79842                      /usr/lib/jvm/java-17-openjdk-amd64/lib/libjsvml.so
7d39b4428000-7d39b44b1000 r--p 00046000 08:30 79842                      /usr/lib/jvm/java-17-openjdk-amd64/lib/libjsvml.so
7d39b44b1000-7d39b44b2000 r--p 000ce000 08:30 79842                      /usr/lib/jvm/java-17-openjdk-amd64/lib/libjsvml.so
7d39b44b2000-7d39b44b3000 rw-p 000cf000 08:30 79842                      /usr/lib/jvm/java-17-openjdk-amd64/lib/libjsvml.so
7d39b44b3000-7d39b45d0000 rw-p 00000000 00:00 0 
7d39b45d4000-7d39b45d6000 r--p 00000000 08:30 79844                      /usr/lib/jvm/java-17-openjdk-amd64/lib/libmanagement.so
7d39b45d6000-7d39b45d7000 r-xp 00002000 08:30 79844                      /usr/lib/jvm/java-17-openjdk-amd64/lib/libmanagement.so
7d39b45d7000-7d39b45d8000 r--p 00003000 08:30 79844                      /usr/lib/jvm/java-17-openjdk-amd64/lib/libmanagement.so
7d39b45d8000-7d39b45d9000 r--p 00003000 08:30 79844                      /usr/lib/jvm/java-17-openjdk-amd64/lib/libmanagement.so
7d39b45d9000-7d39b45da000 rw-p 00004000 08:30 79844                      /usr/lib/jvm/java-17-openjdk-amd64/lib/libmanagement.so
7d39b45da000-7d39b45de000 r--p 00000000 08:30 79848                      /usr/lib/jvm/java-17-openjdk-amd64/lib/libnet.so
7d39b45de000-7d39b45ec000 r-xp 00004000 08:30 79848                      /usr/lib/jvm/java-17-openjdk-amd64/lib/libnet.so
7d39b45ec000-7d39b45f0000 r--p 00012000 08:30 79848                      /usr/lib/jvm/java-17-openjdk-amd64/lib/libnet.so
7d39b45f0000-7d39b45f1000 r--p 00015000 08:30 79848                      /usr/lib/jvm/java-17-openjdk-amd64/lib/libnet.so
7d39b45f1000-7d39b45f2000 rw-p 00016000 08:30 79848                      /usr/lib/jvm/java-17-openjdk-amd64/lib/libnet.so
7d39b45f2000-7d39b45f8000 r--p 00000000 08:30 79849                      /usr/lib/jvm/java-17-openjdk-amd64/lib/libnio.so
7d39b45f8000-7d39b4601000 r-xp 00006000 08:30 79849                      /usr/lib/jvm/java-17-openjdk-amd64/lib/libnio.so
7d39b4601000-7d39b4605000 r--p 0000f000 08:30 79849                      /usr/lib/jvm/java-17-openjdk-amd64/lib/libnio.so
7d39b4605000-7d39b4606000 r--p 00013000 08:30 79849                      /usr/lib/jvm/java-17-openjdk-amd64/lib/libnio.so
7d39b4606000-7d39b4607000 rw-p 00014000 08:30 79849                      /usr/lib/jvm/java-17-openjdk-amd64/lib/libnio.so
7d39b4607000-7d39b4608000 ---p 00000000 00:00 0 
7d39b4608000-7d39b4708000 rw-p 00000000 00:00 0 
7d39b4708000-7d39b4709000 ---p 00000000 00:00 0 
7d39b4709000-7d39b5516000 rw-p 00000000 00:00 0 
7d39b5516000-7d39b5f56000 rwxp 00000000 00:00 0 
7d39b5f56000-7d39bc975000 ---p 00000000 00:00 0 
7d39bc975000-7d39bcc75000 rwxp 00000000 00:00 0 
7d39bcc75000-7d39bd0b6000 ---p 00000000 00:00 0 
7d39bd0b6000-7d39bd3b6000 rwxp 00000000 00:00 0 
7d39bd3b6000-7d39c4516000 ---p 00000000 00:00 0 
7d39c4516000-7d39cc000000 r--s 00000000 08:30 79857                      /usr/lib/jvm/java-17-openjdk-amd64/lib/modules
7d39cc000000-7d39cd7e1000 rw-p 00000000 00:00 0 
7d39cd7e1000-7d39d0000000 ---p 00000000 00:00 0 
7d39d0001000-7d39d0003000 r--p 00000000 08:30 79856                      /usr/lib/jvm/java-17-openjdk-amd64/lib/libzip.so
7d39d0003000-7d39d0007000 r-xp 00002000 08:30 79856                      /usr/lib/jvm/java-17-openjdk-amd64/lib/libzip.so
7d39d0007000-7d39d0009000 r--p 00006000 08:30 79856                      /usr/lib/jvm/java-17-openjdk-amd64/lib/libzip.so
7d39d0009000-7d39d000a000 r--p 00007000 08:30 79856                      /usr/lib/jvm/java-17-openjdk-amd64/lib/libzip.so
7d39d000a000-7d39d000b000 rw-p 00008000 08:30 79856                      /usr/lib/jvm/java-17-openjdk-amd64/lib/libzip.so
7d39d000b000-7d39d0012000 r--s 00000000 08:30 70308                      /usr/lib/x86_64-linux-gnu/gconv/gconv-modules.cache
7d39d0012000-7d39d0013000 ---p 00000000 00:00 0 
7d39d0013000-7d39d0113000 rw-p 00000000 00:00 0 
7d39d0113000-7d39d0114000 ---p 00000000 00:00 0 
7d39d0114000-7d39d0214000 rw-p 00000000 00:00 0 
7d39d0214000-7d39d0215000 ---p 00000000 00:00 0 
7d39d0215000-7d39d0524000 rw-p 00000000 00:00 0 
7d39d0524000-7d39d0564000 ---p 00000000 00:00 0 
7d39d0564000-7d39d0568000 rw-p 00000000 00:00 0 
7d39d0568000-7d39d1370000 ---p 00000000 00:00 0 
7d39d1370000-7d39d1524000 rw-p 00000000 00:00 0 
7d39d1524000-7d39d1564000 ---p 00000000 00:00 0 
7d39d1564000-7d39d1568000 rw-p 00000000 00:00 0 
7d39d1568000-7d39d2370000 ---p 00000000 00:00 0 
7d39d2370000-7d39d23ae000 rw-p 00000000 00:00 0 
7d39d23ae000-7d39d23b5000 ---p 00000000 00:00 0 
7d39d23b5000-7d39d23b6000 rw-p 00000000 00:00 0 
7d39d23b6000-7d39d2577000 ---p 00000000 00:00 0 
7d39d2577000-7d39d25ae000 rw-p 00000000 00:00 0 
7d39d25ae000-7d39d25b5000 ---p 00000000 00:00 0 
7d39d25b5000-7d39d25b6000 rw-p 00000000 00:00 0 
7d39d25b6000-7d39d2777000 ---p 00000000 00:00 0 
7d39d2777000-7d39d27ae000 rw-p 00000000 00:00 0 
7d39d27ae000-7d39d27b5000 ---p 00000000 00:00 0 
7d39d27b5000-7d39d27b6000 rw-p 00000000 00:00 0 
7d39d27b6000-7d39d2977000 ---p 00000000 00:00 0 
7d39d2977000-7d39d368b000 rw-p 00000000 00:00 0 
7d39d368b000-7d39d376e000 ---p 00000000 00:00 0 
7d39d376e000-7d39d3783000 rw-p 00000000 00:00 0 
7d39d3783000-7d39d3857000 ---p 00000000 00:00 0 
7d39d3857000-7d39d385d000 rw-p 00000000 00:00 0 
7d39d385d000-7d39d3866000 ---p 00000000 00:00 0 
7d39d3866000-7d39d3872000 r--p 00000000 08:30 79835                      /usr/lib/jvm/java-17-openjdk-amd64/lib/libjava.so
7d39d3872000-7d39d3883000 r-xp 0000c000 08:30 79835                      /usr/lib/jvm/java-17-openjdk-amd64/lib/libjava.so
7d39d3883000-7d39d3889000 r--p 0001d000 08:30 79835                      /usr/lib/jvm/java-17-openjdk-amd64/lib/libjava.so
7d39d3889000-7d39d388a000 r--p 00022000 08:30 79835                      /usr/lib/jvm/java-17-openjdk-amd64/lib/libjava.so
7d39d388a000-7d39d388b000 rw-p 00023000 08:30 79835                      /usr/lib/jvm/java-17-openjdk-amd64/lib/libjava.so
7d39d388b000-7d39d388c000 rw-p 00000000 00:00 0 
7d39d388c000-7d39d3894000 rw-s 00000000 08:30 110638                     /tmp/hsperfdata_root/36
7d39d3894000-7d39d3896000 r--p 00000000 08:30 79838                      /usr/lib/jvm/java-17-openjdk-amd64/lib/libjimage.so
7d39d3896000-7d39d3899000 r-xp 00002000 08:30 79838                      /usr/lib/jvm/java-17-openjdk-amd64/lib/libjimage.so
7d39d3899000-7d39d389a000 r--p 00005000 08:30 79838                      /usr/lib/jvm/java-17-openjdk-amd64/lib/libjimage.so
7d39d389a000-7d39d389b000 r--p 00006000 08:30 79838                      /usr/lib/jvm/java-17-openjdk-amd64/lib/libjimage.so
7d39d389b000-7d39d389c000 rw-p 00007000 08:30 79838                      /usr/lib/jvm/java-17-openjdk-amd64/lib/libjimage.so
7d39d389c000-7d39d38a0000 ---p 00000000 00:00 0 
7d39d38a0000-7d39d399c000 rw-p 00000000 00:00 0 
7d39d399c000-7d39d399f000 r--p 00000000 08:30 70414                      /usr/lib/x86_64-linux-gnu/libgcc_s.so.1
7d39d399f000-7d39d39b6000 r-xp 00003000 08:30 70414                      /usr/lib/x86_64-linux-gnu/libgcc_s.so.1
7d39d39b6000-7d39d39ba000 r--p 0001a000 08:30 70414                      /usr/lib/x86_64-linux-gnu/libgcc_s.so.1
7d39d39ba000-7d39d39bb000 r--p 0001d000 08:30 70414                      /usr/lib/x86_64-linux-gnu/libgcc_s.so.1
7d39d39bb000-7d39d39bc000 rw-p 0001e000 08:30 70414                      /usr/lib/x86_64-linux-gnu/libgcc_s.so.1
7d39d39bc000-7d39d39cc000 r--p 00000000 08:30 70446                      /usr/lib/x86_64-linux-gnu/libm.so.6
7d39d39cc000-7d39d3a40000 r-xp 00010000 08:30 70446                      /usr/lib/x86_64-linux-gnu/libm.so.6
7d39d3a40000-7d39d3a9a000 r--p 00084000 08:30 70446                      /usr/lib/x86_64-linux-gnu/libm.so.6
7d39d3a9a000-7d39d3a9b000 r--p 000dd000 08:30 70446                      /usr/lib/x86_64-linux-gnu/libm.so.6
7d39d3a9b000-7d39d3a9c000 rw-p 000de000 08:30 70446                      /usr/lib/x86_64-linux-gnu/libm.so.6
7d39d3a9c000-7d39d3b35000 r--p 00000000 08:30 70577                      /usr/lib/x86_64-linux-gnu/libstdc++.so.6.0.30
7d39d3b35000-7d39d3c36000 r-xp 00099000 08:30 70577                      /usr/lib/x86_64-linux-gnu/libstdc++.so.6.0.30
7d39d3c36000-7d39d3ca5000 r--p 0019a000 08:30 70577                      /usr/lib/x86_64-linux-gnu/libstdc++.so.6.0.30
7d39d3ca5000-7d39d3cb0000 r--p 00209000 08:30 70577                      /usr/lib/x86_64-linux-gnu/libstdc++.so.6.0.30
7d39d3cb0000-7d39d3cb3000 rw-p 00214000 08:30 70577                      /usr/lib/x86_64-linux-gnu/libstdc++.so.6.0.30
7d39d3cb3000-7d39d3cb6000 rw-p 00000000 00:00 0 
7d39d3cb6000-7d39d3f07000 r--p 00000000 08:30 79869                      /usr/lib/jvm/java-17-openjdk-amd64/lib/server/libjvm.so
7d39d3f07000-7d39d4c59000 r-xp 00251000 08:30 79869                      /usr/lib/jvm/java-17-openjdk-amd64/lib/server/libjvm.so
7d39d4c59000-7d39d4edb000 r--p 00fa3000 08:30 79869                      /usr/lib/jvm/java-17-openjdk-amd64/lib/server/libjvm.so
7d39d4edb000-7d39d4f93000 r--p 01224000 08:30 79869                      /usr/lib/jvm/java-17-openjdk-amd64/lib/server/libjvm.so
7d39d4f93000-7d39d4fc8000 rw-p 012dc000 08:30 79869                      /usr/lib/jvm/java-17-openjdk-amd64/lib/server/libjvm.so
7d39d4fc8000-7d39d5024000 rw-p 00000000 00:00 0 
7d39d5024000-7d39d504a000 r--p 00000000 08:30 70367                      /usr/lib/x86_64-linux-gnu/libc.so.6
7d39d504a000-7d39d51a0000 r-xp 00026000 08:30 70367                      /usr/lib/x86_64-linux-gnu/libc.so.6
7d39d51a0000-7d39d51f3000 r--p 0017c000 08:30 70367                      /usr/lib/x86_64-linux-gnu/libc.so.6
7d39d51f3000-7d39d51f7000 r--p 001cf000 08:30 70367                      /usr/lib/x86_64-linux-gnu/libc.so.6
7d39d51f7000-7d39d51f9000 rw-p 001d3000 08:30 70367                      /usr/lib/x86_64-linux-gnu/libc.so.6
7d39d51f9000-7d39d5206000 rw-p 00000000 00:00 0 
7d39d5206000-7d39d5208000 r--p 00000000 08:30 79839                      /usr/lib/jvm/java-17-openjdk-amd64/lib/libjli.so
7d39d5208000-7d39d5211000 r-xp 00002000 08:30 79839                      /usr/lib/jvm/java-17-openjdk-amd64/lib/libjli.so
7d39d5211000-7d39d5214000 r--p 0000b000 08:30 79839                      /usr/lib/jvm/java-17-openjdk-amd64/lib/libjli.so
7d39d5214000-7d39d5215000 r--p 0000d000 08:30 79839                      /usr/lib/jvm/java-17-openjdk-amd64/lib/libjli.so
7d39d5215000-7d39d5216000 rw-p 0000e000 08:30 79839                      /usr/lib/jvm/java-17-openjdk-amd64/lib/libjli.so
7d39d5216000-7d39d5219000 r--p 00000000 08:30 70615                      /usr/lib/x86_64-linux-gnu/libz.so.1.2.13
7d39d5219000-7d39d522c000 r-xp 00003000 08:30 70615                      /usr/lib/x86_64-linux-gnu/libz.so.1.2.13
7d39d522c000-7d39d5233000 r--p 00016000 08:30 70615                      /usr/lib/x86_64-linux-gnu/libz.so.1.2.13
7d39d5233000-7d39d5234000 r--p 0001c000 08:30 70615                      /usr/lib/x86_64-linux-gnu/libz.so.1.2.13
7d39d5234000-7d39d5235000 rw-p 0001d000 08:30 70615                      /usr/lib/x86_64-linux-gnu/libz.so.1.2.13
7d39d5235000-7d39d5236000 ---p 00000000 00:00 0 
7d39d5236000-7d39d5237000 r--p 00000000 00:00 0 
7d39d5237000-7d39d5238000 ---p 00000000 00:00 0 
7d39d5238000-7d39d523a000 rw-p 00000000 00:00 0 
7d39d523a000-7d39d523b000 r--p 00000000 08:30 70326                      /usr/lib/x86_64-linux-gnu/ld-linux-x86-64.so.2
7d39d523b000-7d39d5261000 r-xp 00001000 08:30 70326                      /usr/lib/x86_64-linux-gnu/ld-linux-x86-64.so.2
7d39d5261000-7d39d526b000 r--p 00027000 08:30 70326                      /usr/lib/x86_64-linux-gnu/ld-linux-x86-64.so.2
7d39d526b000-7d39d526d000 r--p 00031000 08:30 70326                      /usr/lib/x86_64-linux-gnu/ld-linux-x86-64.so.2
7d39d526d000-7d39d526f000 rw-p 00033000 08:30 70326                      /usr/lib/x86_64-linux-gnu/ld-linux-x86-64.so.2
7ffd144a6000-7ffd144c7000 rw-p 00000000 00:00 0                          [stack]
7ffd14534000-7ffd14538000 r--p 00000000 00:00 0                          [vvar]
7ffd14538000-7ffd1453a000 r-xp 00000000 00:00 0                          [vdso]


VM Arguments:
jvm_args: -Xmx1g -XX:+IgnoreUnrecognizedVMOptions --add-modules=jdk.incubator.vector --add-opens=java.base/java.lang=ALL-UNNAMED --add-opens=java.base/java.lang.invoke=ALL-UNNAMED --add-opens=java.base/java.lang.reflect=ALL-UNNAMED --add-opens=java.base/java.io=ALL-UNNAMED --add-opens=java.base/java.net=ALL-UNNAMED --add-opens=java.base/java.nio=ALL-UNNAMED --add-opens=java.base/java.util=ALL-UNNAMED --add-opens=java.base/java.util.concurrent=ALL-UNNAMED --add-opens=java.base/java.util.concurrent.atomic=ALL-UNNAMED --add-opens=java.base/jdk.internal.ref=ALL-UNNAMED --add-opens=java.base/sun.nio.ch=ALL-UNNAMED --add-opens=java.base/sun.nio.cs=ALL-UNNAMED --add-opens=java.base/sun.security.action=ALL-UNNAMED --add-opens=java.base/sun.util.calendar=ALL-UNNAMED --add-opens=java.security.jgss/sun.security.krb5=ALL-UNNAMED -Djdk.reflect.useDirectMethodHandle=false -Dio.netty.tryReflectionSetAccessible=true -Dio.netty.allocator.type=pooled -Dio.netty.handler.ssl.defaultEndpointVerificationAlgorithm=NONE --enable-native-access=ALL-UNNAMED -Dderby.connection.requireAuthentication=false 
java_command: org.apache.spark.deploy.SparkSubmit --conf spark.master=local[*] --conf spark.jars.packages=org.apache.spark:spark-sql-kafka-0-10_2.13:4.1.0-preview2 --conf spark.app.name=VentasStreamingKafka --conf spark.sql.shuffle.partitions=4 pyspark-shell
java_class_path (initial): /usr/local/lib/python3.13/site-packages/pyspark/conf:/usr/local/lib/python3.13/site-packages/pyspark/jars/slf4j-api-2.0.17.jar:/usr/local/lib/python3.13/site-packages/pyspark/jars/xbean-asm9-shaded-4.28.jar:/usr/local/lib/python3.13/site-packages/pyspark/jars/jersey-hk2-3.0.18.jar:/usr/local/lib/python3.13/site-packages/pyspark/jars/rocksdbjni-9.8.4.jar:/usr/local/lib/python3.13/site-packages/pyspark/jars/kubernetes-model-rbac-7.4.0.jar:/usr/local/lib/python3.13/site-packages/pyspark/jars/netty-transport-classes-epoll-4.2.7.Final.jar:/usr/local/lib/python3.13/site-packages/pyspark/jars/jpam-1.1.jar:/usr/local/lib/python3.13/site-packages/pyspark/jars/jdo-api-3.0.1.jar:/usr/local/lib/python3.13/site-packages/pyspark/jars/paranamer-2.8.3.jar:/usr/local/lib/python3.13/site-packages/pyspark/jars/arpack-3.0.4.jar:/usr/local/lib/python3.13/site-packages/pyspark/jars/netty-resolver-dns-4.2.7.Final.jar:/usr/local/lib/python3.13/site-packages/pyspark/jars/zookeeper-jute-3.9.4.jar:/usr/local/lib/python3.13/site-packages/pyspark/jars/commons-crypto-1.1.0.jar:/usr/local/lib/python3.13/site-packages/pyspark/jars/kubernetes-model-gatewayapi-7.4.0.jar:/usr/local/lib/python3.13/site-packages/pyspark/jars/jakarta.validation-api-3.0.2.jar:/usr/local/lib/python3.13/site-packages/pyspark/jars/spark-catalyst_2.13-4.1.1.jar:/usr/local/lib/python3.13/site-packages/pyspark/jars/jersey-common-3.0.18.jar:/usr/local/lib/python3.13/site-packages/pyspark/jars/hive-cli-2.3.10.jar:/usr/local/lib/python3.13/site-packages/pyspark/jars/jackson-databind-2.20.0.jar:/usr/local/lib/python3.13/site-packages/pyspark/jars/spark-streaming_2.13-4.1.1.jar:/usr/local/lib/python3.13/site-packages/pyspark/jars/arrow-format-18.3.0.jar:/usr/local/lib/python3.13/site-packages/pyspark/jars/parquet-encoding-1.16.0.jar:/usr/local/lib/python3.13/site-packages/pyspark/jars/spark-kubernetes_2.13-4.1.1.jar:/usr/local/lib/python3.13/site-packages/pyspark/jars/netty-buffer-4.2.7.Final.jar:/usr/l
Launcher Type: SUN_STANDARD

[Global flags]
     intx CICompilerCount                          = 12                                        {product} {ergonomic}
     uint ConcGCThreads                            = 3                                         {product} {ergonomic}
     uint G1ConcRefinementThreads                  = 13                                        {product} {ergonomic}
   size_t G1HeapRegionSize                         = 1048576                                   {product} {ergonomic}
    uintx GCDrainStackTargetSize                   = 64                                        {product} {ergonomic}
     bool IgnoreUnrecognizedVMOptions              = true                                      {product} {command line}
   size_t InitialHeapSize                          = 130023424                                 {product} {ergonomic}
   size_t MarkStackSize                            = 4194304                                   {product} {ergonomic}
   size_t MaxHeapSize                              = 1073741824                                {product} {command line}
   size_t MaxNewSize                               = 643825664                                 {product} {ergonomic}
   size_t MinHeapDeltaBytes                        = 1048576                                   {product} {ergonomic}
   size_t MinHeapSize                              = 8388608                                   {product} {ergonomic}
    uintx NonNMethodCodeHeapSize                   = 7602480                                {pd product} {ergonomic}
    uintx NonProfiledCodeHeapSize                  = 122027880                              {pd product} {ergonomic}
    uintx ProfiledCodeHeapSize                     = 122027880                              {pd product} {ergonomic}
    uintx ReservedCodeCacheSize                    = 251658240                              {pd product} {ergonomic}
     bool SegmentedCodeCache                       = true                                      {product} {ergonomic}
   size_t SoftMaxHeapSize                          = 1073741824                             {manageable} {ergonomic}
     bool UseCompressedClassPointers               = true                           {product lp64_product} {ergonomic}
     bool UseCompressedOops                        = true                           {product lp64_product} {ergonomic}
     bool UseG1GC                                  = true                                      {product} {ergonomic}

Logging:
Log output configuration:
 #0: stdout all=warning uptime,level,tags
 #1: stderr all=off uptime,level,tags

Environment Variables:
JAVA_HOME=/usr/lib/jvm/java-17-openjdk-amd64
PATH=/usr/lib/jvm/java-17-openjdk-amd64/bin:/usr/local/bin:/usr/local/sbin:/usr/local/bin:/usr/sbin:/usr/bin:/sbin:/bin
LC_CTYPE=C.UTF-8
TERM=xterm

Active Locale:
LC_ALL=LC_CTYPE=C.UTF-8;LC_NUMERIC=C;LC_TIME=C;LC_COLLATE=C;LC_MONETARY=C;LC_MESSAGES=C;LC_PAPER=C;LC_NAME=C;LC_ADDRESS=C;LC_TELEPHONE=C;LC_MEASUREMENT=C;LC_IDENTIFICATION=C
LC_COLLATE=C
LC_CTYPE=C.UTF-8
LC_MESSAGES=C
LC_MONETARY=C
LC_NUMERIC=C
LC_TIME=C

Signal Handlers:
   SIGSEGV: crash_handler in libjvm.so, mask=11100100010111111101111111111110, flags=SA_RESTART|SA_SIGINFO, unblocked
    SIGBUS: crash_handler in libjvm.so, mask=11100100010111111101111111111110, flags=SA_RESTART|SA_SIGINFO, unblocked
    SIGFPE: crash_handler in libjvm.so, mask=11100100010111111101111111111110, flags=SA_RESTART|SA_SIGINFO, unblocked
   SIGPIPE: javaSignalHandler in libjvm.so, mask=11100100010111111101111111111110, flags=SA_RESTART|SA_SIGINFO, blocked
   SIGXFSZ: javaSignalHandler in libjvm.so, mask=11100100010111111101111111111110, flags=SA_RESTART|SA_SIGINFO, blocked
    SIGILL: crash_handler in libjvm.so, mask=11100100010111111101111111111110, flags=SA_RESTART|SA_SIGINFO, unblocked
   SIGUSR2: SR_handler in libjvm.so, mask=00000000000000000000000000000000, flags=SA_RESTART|SA_SIGINFO, blocked
    SIGHUP: UserHandler in libjvm.so, mask=11100100010111111101111111111110, flags=SA_RESTART|SA_SIGINFO, blocked
    SIGINT: SIG_IGN, mask=00000000000000000000000000000000, flags=none, blocked
   SIGTERM: UserHandler in libjvm.so, mask=11100100010111111101111111111110, flags=SA_RESTART|SA_SIGINFO, blocked
   SIGQUIT: UserHandler in libjvm.so, mask=11100100010111111101111111111110, flags=SA_RESTART|SA_SIGINFO, blocked
   SIGTRAP: crash_handler in libjvm.so, mask=11100100010111111101111111111110, flags=SA_RESTART|SA_SIGINFO, unblocked


Periodic native trim disabled


---------------  S Y S T E M  ---------------

OS:
PRETTY_NAME="Debian GNU/Linux 12 (bookworm)"
NAME="Debian GNU/Linux"
VERSION_ID="12"
VERSION="12 (bookworm)"
VERSION_CODENAME=bookworm
ID=debian
HOME_URL="https://www.debian.org/"
SUPPORT_URL="https://www.debian.org/support"
BUG_REPORT_URL="https://bugs.debian.org/"
uname: Linux 6.6.87.2-microsoft-standard-WSL2 #1 SMP PREEMPT_DYNAMIC Thu Jun  5 18:30:46 UTC 2025 x86_64
OS uptime: 0 days 0:20 hours
libc: glibc 2.36 NPTL 2.36 
rlimit (soft/hard): STACK 8192k/infinity , CORE 0k/infinity , NPROC infinity/infinity , NOFILE 1048576/1048576 , AS infinity/infinity , CPU infinity/infinity , DATA infinity/infinity , FSIZE infinity/infinity , MEMLOCK infinity/infinity
load average: 0.45 0.24 0.20

/proc/meminfo:
MemTotal:        8073412 kB
MemFree:         6148416 kB
MemAvailable:    6697744 kB
Buffers:            3200 kB
Cached:           677600 kB
SwapCached:            0 kB
Active:            83644 kB
Inactive:        1490376 kB
Active(anon):       2512 kB
Inactive(anon):   895160 kB
Active(file):      81132 kB
Inactive(file):   595216 kB
Unevictable:           0 kB
Mlocked:               0 kB
SwapTotal:       2097152 kB
SwapFree:        2097152 kB
Dirty:             98296 kB
Writeback:            68 kB
AnonPages:        893856 kB
Mapped:           359436 kB
Shmem:              3912 kB
KReclaimable:      25784 kB
Slab:              98620 kB
SReclaimable:      25784 kB
SUnreclaim:        72836 kB
KernelStack:        9168 kB
PageTables:         6156 kB
SecPageTables:         0 kB
NFS_Unstable:          0 kB
Bounce:                0 kB
WritebackTmp:          0 kB
CommitLimit:     6133856 kB
Committed_AS:    3952752 kB
VmallocTotal:   34359738367 kB
VmallocUsed:       34796 kB
VmallocChunk:          0 kB
Percpu:             6016 kB
HardwareCorrupted:     0 kB
AnonHugePages:         0 kB
ShmemHugePages:        0 kB
ShmemPmdMapped:        0 kB
FileHugePages:         0 kB
FilePmdMapped:         0 kB
Unaccepted:            0 kB
HugePages_Total:       0
HugePages_Free:        0
HugePages_Rsvd:        0
HugePages_Surp:        0
Hugepagesize:       2048 kB
Hugetlb:               0 kB
DirectMap4k:       68608 kB
DirectMap2M:     6164480 kB
DirectMap1G:    11534336 kB

/sys/kernel/mm/transparent_hugepage/enabled: always [madvise] never
/sys/kernel/mm/transparent_hugepage/hpage_pmd_size: 2097152
/sys/kernel/mm/transparent_hugepage/defrag (defrag/compaction efforts parameter): always defer defer+madvise [madvise] never

Process Memory:
Virtual Size: 5411216K (peak: 5411228K)
Resident Set Size: 290752K (peak: 290752K) (anon: 266944K, file: 23808K, shmem: 0K)
Swapped out: 0K
C-Heap outstanding allocations: 85962K, retained: 50229K
glibc malloc tunables: (default)

/proc/sys/kernel/threads-max (system-wide limit on the number of threads): 62994
/proc/sys/vm/max_map_count (maximum number of memory map areas a process may have): 262144
/proc/sys/vm/swappiness (control to define how aggressively the kernel swaps out anonymous memory): 60
/proc/sys/kernel/pid_max (system-wide limit on number of process identifiers): 99999

container (cgroup) information:
container_type: cgroupv2
cpu_cpuset_cpus: not supported
cpu_memory_nodes: not supported
active_processor_count: 16
cpu_quota: no quota
cpu_period: 100000
cpu_shares: no shares
memory_limit_in_bytes: unlimited
memory_and_swap_limit_in_bytes: unlimited
memory_soft_limit_in_bytes: 0
memory_usage_in_bytes: 635852 k
memory_max_usage_in_bytes: not supported
rss_usage_in_bytes: 297796 k
cache_usage_in_bytes: 327336 k
memory_swap_current_in_bytes: 0
memory_swap_max_limit_in_bytes: unlimited
maximum number of tasks: unlimited
current number of tasks: 45

Hyper-V virtualization detected
Steal ticks since vm start: 0
Steal ticks percentage since vm start:  0.000

CPU: total 16 (initial active 16) (16 cores per cpu, 2 threads per core) family 25 model 33 stepping 2 microcode 0xffffffff, cx8, cmov, fxsr, ht, mmx, 3dnowpref, sse, sse2, sse3, ssse3, sse4a, sse4.1, sse4.2, popcnt, lzcnt, tsc, tscinvbit, avx, avx2, aes, erms, clmul, bmi1, bmi2, adx, sha, fma, vzeroupper, clflush, clflushopt, hv
CPU Model and flags from /proc/cpuinfo:
model name	: AMD Ryzen 7 5700X 8-Core Processor
flags		: fpu vme de pse tsc msr pae mce cx8 apic sep mtrr pge mca cmov pat pse36 clflush mmx fxsr sse sse2 ht syscall nx mmxext fxsr_opt pdpe1gb rdtscp lm constant_tsc rep_good nopl tsc_reliable nonstop_tsc cpuid extd_apicid tsc_known_freq pni pclmulqdq ssse3 fma cx16 sse4_1 sse4_2 movbe popcnt aes xsave avx f16c rdrand hypervisor lahf_lm cmp_legacy svm cr8_legacy abm sse4a misalignsse 3dnowprefetch osvw topoext perfctr_core ssbd ibrs ibpb stibp vmmcall fsgsbase bmi1 avx2 smep bmi2 erms invpcid rdseed adx smap clflushopt clwb sha_ni xsaveopt xsavec xgetbv1 xsaves clzero xsaveerptr arat npt nrip_save tsc_scale vmcb_clean flushbyasid decodeassists pausefilter pfthreshold v_vmsave_vmload umip vaes vpclmulqdq rdpid fsrm

Online cpus: 0-15
Offline cpus: 
BIOS frequency limitation: <Not Available>
Frequency switch latency (ns): <Not Available>
Available cpu frequencies: <Not Available>
Current governor: <Not Available>
Core performance/turbo boost: <Not Available>

Memory: 4k page, physical 8073412k(6148416k free), swap 2097152k(2097152k free)
Page Sizes: 4k

vm_info: OpenJDK 64-Bit Server VM (17.0.19+10-1-deb12u2-Debian) for linux-amd64 JRE (17.0.19+10-1-deb12u2-Debian), built on Apr 25 2026 14:29:27 by "buildd" with gcc 12.2.0

END.
