metodo_pago,total
11343.67,1
2794.07,1
10690.37,1
14280.51,1
3319.09,1
14462.65,1
2734.58,1
21611.15,1
1184.11,1
8028.8,1
10295.06,1
14192.85,1
23727.81,1
2837.67,1
453.0,1
20759.78,1
4539.33,1
10241.36,1
2214.91,1
11935.6,1
4012.3,1
801.58,1
20337.1,1
6228.27,1
14836.27,1
18786.85,1
409.88,1
955.75,1
9777.22,1
5036.49,1
28.07,2
396.81,1
23420.12,1
8723.22,1
12623.59,1
10589.92,1
5014.97,1
152.05,1
2159.0,1
933.96,1
7998.04,1
8317.47,1
1316.62,1
1196.42,1
6867.54,1
22549.05,1
3996.95,1
14048.16,1
7819.38,2
3009.11,1
2266.29,1
979.1,1
5602.94,1
2920.44,1
3820.23,1
4564.5,1
1945.49,1
4322.67,1
5099.81,1
3354.83,1
2211.45,1
11144.28,1
3268.38,1
695.28,1
2176.22,1
9924.39,1
12352.95,1
17326.83,1
22497.5,1
20936.9,1
2888.92,1
3962.46,1
966.82,1
13659.0,1
447.4,1
7482.54,1
12618.59,1
1798.35,1
18997.31,1
14000.45,1
10332.46,1
3632.93,1
2631.2,1
6055.69,1
8767.84,1
319.19,1
1414.65,2
3706.29,1
10896.19,1
7279.13,1
4100.87,1
5063.51,1
17815.96,1
4957.59,1
5195.4,1
5307.96,1
3619.8,1
3688.17,1
1306.03,1
990.79,1
3503.96,1
14560.85,1
8395.08,1
2982.97,1
5768.83,1
6401.8,1
8036.45,1
7546.21,1
12744.53,1
18010.28,1
4170.04,1
9913.84,1
8184.95,1
179.05,1
5829.24,1
613.29,1
4125.01,1
215.24,1
16824.41,1
4407.41,1
819.08,1
2271.26,2
4823.86,1
8060.0,1
3488.74,1
5555.3,1
13967.77,1
3636.52,1
7109.65,1
627.09,1
14423.05,1
5695.97,1
9830.34,2
927.66,1
3383.84,1
1481.38,1
11556.97,1
2449.51,1
2302.37,1
4016.49,1
3584.51,1
2057.65,1
1861.04,1
2911.36,1
1382.16,1
123.01,1
4048.12,1
683.89,1
4070.46,1
8311.77,1
20881.45,1
6372.25,1
5549.9,1
14325.07,1
7825.38,1
5550.01,1
15130.67,1
3155.48,2
9569.25,1
11665.43,1
8448.32,1
5549.0,1
5642.96,1
3049.26,1
3030.63,1
4907.59,1
9407.33,1
18312.14,1
14283.2,1
6232.27,1
3303.7,2
2186.07,1
22213.3,1
5367.2,1
3241.41,1
3517.6,1
2054.73,1
19245.55,1
2607.91,1
4497.75,1
16359.03,1
11625.85,1
11618.63,1
583.32,1
7575.07,1
547.51,1
3192.94,2
4860.67,1
804.81,1
11153.01,1
9763.93,1
5229.24,1
2166.86,1
6650.38,2
8288.89,1
4641.94,1
11897.54,1
2011.75,1
8160.51,1
615.22,1
7984.59,1
1569.63,1
5081.13,1
9771.86,1
2304.67,1
4097.75,1
8053.81,1
11553.34,1
21521.02,1
7008.38,1
8017.2,1
1204.33,1
6627.93,1
6133.8,1
3841.17,1
3965.95,1
7297.81,1
733.05,1
331.87,1
15765.62,1
3236.96,1
16614.97,1
7185.1,1
10623.02,1
5056.86,1
6809.93,1
7946.79,1
945.1,1
7018.38,1
10182.36,1
7969.5,1
16550.95,1
547.66,1
1846.83,1
3950.37,1
378.41,1
276.92,1
7733.46,1
28.38,1
1382.89,1
12196.34,1
6935.13,1
81.6,1
15510.01,1
1463.48,1
3281.42,1
1258.49,1
4348.55,1
3425.01,1
2037.37,1
4799.16,1
16928.95,1
20790.68,1
14087.88,1
419.51,1
4095.53,1
3475.35,1
1305.42,1
4068.04,1
4124.76,1
4188.43,1
2066.84,2
383.71,1
8096.62,1
7504.84,1
4214.5,1
20276.14,1
5204.35,1
6987.57,1
6944.57,1
711.53,1
8569.34,1
3597.17,1
10485.94,1
23468.12,1
2905.69,1
3344.48,1
12721.43,1
8714.34,1
8974.09,1
2058.76,2
7408.74,1
227.11,1
3510.76,1
5867.28,1
827.56,1
6533.7,1
4226.88,1
11206.96,1
6271.12,2
5218.93,1
8464.54,1
3384.22,1
11228.48,2
136.37,1
14213.55,1
1724.36,1
11872.55,1
1646.07,1
1568.43,1
4626.76,1
299.02,1
7864.35,1
3638.75,1
16150.66,1
7583.33,1
8237.31,1
15152.13,1
13575.84,1
650.47,1
3491.9,1
14659.98,1
14977.74,1
16707.44,1
9013.99,1
4188.62,1
5374.8,1
2875.53,1
313.45,1
4594.8,1
2754.45,1
9521.32,1
4371.61,1
11610.27,1
3062.37,1
8002.37,1
3163.01,1
3618.01,1
3951.52,1
812.15,1
4220.69,1
4432.46,1
82.85,1
1627.22,1
1191.87,1
3712.33,1
6774.61,1
17238.74,1
8479.23,1
579.91,2
16559.51,1
631.08,1
1128.28,1
7916.88,1
3821.14,1
17610.55,1
3121.78,1
2043.2,1
13366.0,1
1440.4,1
6935.79,1
4893.13,1
3428.38,1
6329.18,2
2042.65,1
2067.25,1
9011.67,1
599.56,1
15911.45,1
930.3,1
3503.58,1
5771.65,1
17760.8,1
1384.79,1
12920.26,1
4963.2,1
17228.69,1
10198.46,1
3201.49,1
17995.58,1
278.4,1
4733.38,1
17902.57,1
5904.22,1
17080.76,1
2952.89,1
12067.12,1
1613.28,1
4517.48,1
1685.56,1
307.82,1
3225.91,2
608.37,1
4095.68,1
8725.47,1
2504.64,2
2729.83,1
11385.12,1
769.87,1
769.28,1
6974.85,1
4724.78,1
4946.18,1
6268.12,1
750.61,1
15140.53,1
20739.15,1
5691.87,1
22211.19,1
10604.87,1
10013.72,1
1987.9,1
9308.22,1
18073.38,1
14419.56,1
1384.96,1
7013.18,1
1845.81,1
10784.84,1
4301.03,1
9959.03,1
4585.35,1
3134.55,1
3227.58,1
3523.4,1
4878.12,1
6804.47,1
14080.33,1
3744.58,1
20495.62,1
6497.65,1
4918.92,1
3320.77,2
3215.5,1
2452.4,1
8818.23,1
4157.51,1
14543.63,1
2077.6,1
547.76,1
6319.04,1
5132.98,1
4190.12,1
12851.97,1
180.52,1
2793.35,1
10073.43,1
12562.03,1
1926.33,1
4908.77,1
14098.79,1
10243.86,1
3793.98,1
1656.9,1
8615.3,1
19342.8,1
1776.2,1
5754.57,1
8479.55,1
2658.4,2
10662.39,1
1168.26,1
915.35,1
8089.18,1
9329.69,1
22313.65,1
3434.12,1
2816.92,1
1764.9,1
3341.76,1
13801.94,1
5143.85,1
9734.75,1
4060.32,1
12506.33,1
12929.98,1
8583.51,1
7308.93,1
147.24,1
6123.69,1
2829.66,1
15931.2,1
2662.91,1
3265.59,2
14065.49,1
1228.43,1
116.59,1
4906.77,1
3115.84,1
879.59,1
12841.5,1
585.73,1
8122.06,1
5558.18,2
6880.73,1
16060.2,1
2734.27,1
17179.35,1
2832.3,1
1909.08,1
7319.6,1
2208.27,1
343.01,1
644.63,1
4434.71,1
1007.22,1
8043.52,1
17177.22,1
11932.95,1
8688.8,1
12034.53,1
17607.77,1
1457.79,1
4428.74,1
7261.53,1
2997.06,1
5992.78,1
7898.05,1
9667.44,1
8436.94,1
94.6,1
2482.03,1
832.46,1
4301.07,2
2591.32,1
6437.65,1
5039.08,1
283.09,1
8990.77,1
1630.38,1
6237.65,1
7002.73,1
16726.76,1
2200.33,1
17315.4,1
1775.16,1
4697.38,1
1941.4,1
6763.6,1
4083.79,1
3132.98,1
7446.19,1
3270.21,1
12810.83,1
8216.32,1
4439.77,1
8281.95,1
173.81,1
1368.31,1
1754.88,1
18598.47,1
6897.36,1
3960.61,1
4328.45,1
2409.72,1
1220.26,1
87.95,1
12063.42,1
4219.31,1
6455.6,1
1921.82,1
1905.44,1
17520.6,1
3838.98,1
2011.43,1
11974.95,1
2262.66,1
2693.4,1
4413.05,1
9237.61,1
14812.48,1
5625.0,1
7806.26,1
5732.12,1
7458.41,1
2515.17,1
4130.55,1
5086.5,1
6116.78,1
6066.4,1
6286.62,1
3857.53,1
2197.2,1
2926.3,1
1495.67,1
8073.15,1
4189.21,1
5336.38,1
7249.6,1
337.8,1
20087.31,1
6023.45,1
2886.72,1
2148.25,1
11590.81,1
3588.56,1
2806.67,1
15423.34,1
9699.68,1
21654.84,1
2686.07,1
4129.54,1
1985.91,1
6913.97,1
464.35,1
16440.47,1
22127.27,2
5797.38,1
5993.4,1
1788.36,1
8828.21,1
6017.86,1
17312.21,1
7831.37,1
6762.37,1
1287.67,1
1811.84,1
6408.13,1
308.46,1
4885.6,1
15387.81,1
7977.54,1
601.04,1
15586.09,1
4475.19,1
8909.68,1
16599.43,1
5348.52,1
3726.19,1
3271.26,1
3511.49,1
9480.46,1
13352.43,1
17260.04,1
6504.23,1
22880.26,1
2704.46,1
9589.47,1
5449.47,1
7693.51,1
14826.89,1
394.17,1
2434.19,1
14080.46,1
14772.65,1
1152.2,1
13020.44,1
540.85,1
7315.8,1
12191.34,1
15228.28,1
12659.01,1
8037.33,1
122.93,1
787.23,1
5441.15,1
14862.63,1
5062.0,1
1829.93,1
783.16,1
582.92,1
4134.98,1
6573.99,1
7236.57,1
8909.37,1
7891.78,1
14730.08,1
1124.12,1
3574.47,2
8072.74,1
17526.3,1
6936.3,1
9447.39,1
4474.68,1
268.86,1
15639.93,1
8350.21,1
1596.37,1
17573.84,1
13164.97,1
4247.79,1
397.4,1
10022.36,1
6753.58,1
1725.08,1
14551.13,1
3719.6,2
2949.31,1
5755.64,1
5260.9,1
6746.35,1
19869.2,1
10948.34,1
6286.68,1
9051.01,1
8970.15,1
7712.88,1
3639.66,1
2884.01,1
4219.8,1
1729.39,1
10309.73,1
7652.61,2
4362.84,2
18700.29,1
1391.47,2
16568.35,1
4172.08,1
5690.3,1
9610.98,1
8910.43,1
13050.35,1
2621.4,1
431.99,1
352.54,1
8890.28,1
10942.75,1
5198.97,1
7505.28,1
22025.5,1
13539.73,1
18394.5,1
5036.46,1
5541.42,1
1094.56,1
19372.37,1
1852.89,1
10180.58,1
16361.43,1
2521.6,2
12415.44,1
4838.73,1
7559.34,1
3553.72,1
2323.05,1
5357.49,1
8643.81,1
6650.55,1
5092.15,1
19200.53,1
11443.37,1
3719.08,1
3066.73,1
9184.43,1
16530.22,1
3308.28,1
16792.53,1
4741.75,1
5999.76,1
3592.1,1
10811.71,1
6280.72,1
4280.49,1
7452.26,1
8800.03,1
4285.56,2
7480.34,1
9124.08,1
8924.67,1
14838.55,1
3684.1,1
3834.02,1
4655.24,1
15207.94,1
7770.4,1
4702.51,1
3192.62,1
8786.77,1
2249.72,1
11841.45,1
3332.27,1
5199.75,1
571.87,1
13929.2,1
1690.76,1
297.75,1
12221.69,1
5991.76,1
16763.63,1
8338.53,1
2633.27,1
5157.81,1
2803.44,1
3505.61,1
5228.74,1
3477.19,1
908.52,1
1651.67,1
5845.17,1
4005.62,1
7498.96,1
4551.81,1
979.53,1
7001.67,1
7402.87,1
5580.54,1
5072.21,1
2133.52,1
6330.66,1
12702.86,1
6105.17,1
1769.83,1
3866.78,1
553.63,1
5993.82,1
21319.88,1
9124.38,1
8326.41,1
7570.57,1
6079.7,1
9045.52,1
1098.99,1
11923.17,1
7592.81,1
8692.84,1
400.7,1
6838.97,1
10483.21,1
6374.63,1
3721.23,1
377.57,1
10740.13,1
5798.49,2
2721.32,1
3053.7,1
8657.36,1
2973.56,1
149.29,1
126.11,1
7240.28,1
1007.67,1
2750.3,1
3615.7,1
6747.43,1
6976.33,1
3196.04,1
10005.79,1
2557.51,2
2883.47,1
4340.15,1
7893.55,1
4773.5,1
13639.28,1
9428.83,1
2450.68,1
2407.0,1
9469.73,1
12494.36,1
3416.56,1
13226.99,1
16308.73,1
4941.55,1
3295.59,1
950.75,1
2469.11,1
653.36,1
1336.37,1
21362.82,1
5776.74,1
2215.05,1
590.93,1
6427.82,2
3195.0,1
12067.24,1
21479.07,1
1482.73,1
4971.9,1
6579.29,1
17999.46,1
3853.47,1
1218.12,1
7841.1,1
3949.27,1
11219.91,1
3447.66,1
3610.38,1
18874.54,1
10786.2,1
1438.66,2
15628.43,1
9868.11,1
2991.58,1
16872.54,1
2629.01,2
6395.4,1
2328.77,1
613.84,1
5959.28,1
488.4,1
8054.08,1
2734.69,1
16812.38,2
5528.0,1
8791.29,1
15653.02,1
4557.46,1
8504.98,1
11039.41,1
3006.48,1
15442.37,1
592.55,1
1416.63,1
4149.11,1
17502.53,1
10614.72,1
7479.94,1
10744.07,1
8667.42,1
2274.53,1
13529.36,1
9471.85,1
17034.93,1
7583.99,2
1288.54,1
3512.79,2
17756.21,1
869.23,1
7835.83,1
18224.48,1
16959.51,1
3829.81,1
7511.72,1
1005.95,1
4327.57,1
8038.43,1
833.31,1
9949.46,1
7607.31,1
1300.77,1
2688.18,1
11985.18,1
394.52,1
22121.07,1
13885.77,1
1362.17,1
4751.15,1
9686.53,1
3142.92,1
2585.57,1
13177.13,1
2010.59,2
19750.36,1
22444.52,2
2396.55,1
87.44,1
174.58,1
9174.94,1
564.84,1
619.33,1
7507.04,1
9251.25,1
3722.59,1
530.16,1
7707.61,1
6356.65,1
12210.59,1
19608.87,1
8974.99,1
1260.24,1
5415.06,1
2360.21,1
11478.82,1
5434.9,1
1699.79,1
2296.42,1
7144.51,1
8604.98,1
2646.93,1
4582.26,1
271.95,1
5167.87,1
4301.46,1
3073.26,1
7740.68,1
13912.94,1
16319.28,1
4749.74,1
7690.38,1
12762.89,1
108.3,1
3984.0,1
2234.57,1
20102.23,1
13729.83,1
3764.35,1
4827.03,1
11827.39,1
3577.95,1
7941.39,1
3563.24,1
3108.95,1
9755.78,1
6138.57,1
9317.86,1
2537.12,1
12386.42,1
11248.73,1
611.07,1
9431.97,1
2562.25,1
3393.37,1
22248.82,1
10820.83,1
18588.51,1
5527.33,1
2951.48,1
3353.89,1
15622.11,1
12088.38,1
8180.81,1
1577.8,1
10581.51,1
704.76,1
764.54,1
496.07,1
1722.01,1
2195.21,1
22373.2,1
11808.75,1
439.49,1
3057.77,1
534.88,1
1277.34,1
4046.61,1
954.59,1
8793.36,1
13259.01,1
817.73,1
12992.04,1
5007.37,1
6373.5,2
2000.3,1
8694.9,1
5281.63,1
11199.68,1
5454.07,1
16434.82,1
17013.73,1
612.94,1
3504.9,1
7328.36,1
18107.42,1
9053.15,1
8473.39,1
8530.48,1
11267.19,1
2274.07,1
6165.51,1
13171.86,1
3648.63,1
9032.17,1
5677.21,1
9659.84,1
11570.26,1
7779.92,1
2249.88,1
16959.71,1
2026.1,1
15295.74,1
2159.12,1
9160.95,1
3636.39,1
2711.09,1
5587.3,1
9612.54,1
453.16,1
3911.77,1
2929.78,1
4990.66,1
1798.24,1
3873.29,1
6813.2,1
8428.64,1
10477.49,1
4304.22,1
8728.23,1
10663.92,1
16795.36,1
7740.56,1
12533.91,1
19970.35,1
7906.87,1
10794.78,1
12723.91,1
18276.01,1
3292.54,1
624.21,1
3690.37,1
82.45,1
4194.86,1
404.21,1
6106.96,1
3490.68,1
1677.61,1
20516.29,1
13708.64,1
15728.78,1
2998.11,1
8426.51,1
2813.54,1
3544.27,1
2370.32,2
4766.51,1
16096.44,1
16287.65,1
16470.17,1
9690.37,1
8282.83,1
4261.84,1
8082.0,1
9283.81,1
9773.16,1
17055.88,1
4170.4,1
7391.07,1
8954.57,1
14102.97,1
2913.85,1
11357.5,1
4142.77,1
7646.47,1
11819.6,1
713.54,1
2196.29,1
5953.28,1
15539.32,1
2293.32,1
3962.42,1
2047.51,1
2898.06,1
3951.71,1
2451.16,1
2478.34,1
12776.22,1
6635.63,1
10302.29,1
13603.62,1
19767.26,1
3249.08,1
4085.52,1
7209.59,1
2205.98,1
3997.68,1
1597.62,1
8188.35,1
6269.45,1
6998.56,1
4547.75,1
7277.13,1
23721.51,1
1616.57,1
4268.61,1
4649.5,1
4661.18,1
7404.11,1
96.88,1
13514.59,1
3474.34,1
17214.52,1
2619.08,1
5671.21,1
98.73,1
312.77,1
16641.77,1
2823.86,1
23955.78,1
9801.13,1
1051.71,1
3979.0,1
6562.7,1
9778.43,1
6532.58,1
3269.46,1
16971.08,1
1966.0,1
14735.63,1
3184.92,1
4001.22,1
14586.46,1
3532.04,1
1347.9,1
2946.8,1
1123.75,1
153.94,1
4047.44,1
2843.36,1
97.33,1
808.6,1
2531.85,1
5140.34,1
3790.09,1
4592.35,1
6823.21,1
14017.08,1
11427.57,1
1132.82,1
7410.7,1
2016.34,1
3416.39,1
1487.2,1
3651.8,1
1635.54,1
15958.09,1
19395.66,1
951.26,1
6557.36,1
16315.67,1
3232.98,1
8242.95,1
3929.02,1
1906.41,1
10812.64,1
1599.42,1
11388.37,1
4588.06,1
398.09,1
4758.73,1
1990.82,1
767.69,1
2974.16,1
4093.84,1
15585.84,1
3787.31,1
2020.98,1
4530.48,1
12580.29,1
7737.53,1
7217.16,1
1929.13,1
2943.74,1
2930.64,1
10550.05,1
2184.75,1
8157.96,1
4311.25,1
16179.18,1
5318.39,1
3625.48,1
1760.07,1
3900.93,1
4231.37,1
12679.11,1
7692.43,1
5467.4,1
1394.7,1
5214.03,1
8067.96,1
1665.53,1
2157.19,1
5416.01,1
4672.18,1
14054.94,1
16040.71,1
16581.2,1
11475.91,1
1476.53,1
7031.78,1
1129.65,1
7180.78,1
2664.55,1
2370.67,1
15999.26,1
2301.46,1
4987.12,1
11721.64,1
1540.93,1
62.99,1
379.12,1
797.92,1
5111.49,1
13950.83,1
3714.13,1
458.06,1
15773.18,1
2143.26,1
7963.06,1
6585.58,1
8437.62,1
3326.62,1
14261.5,1
4376.13,1
3235.76,1
1341.16,1
16953.16,1
21294.7,1
812.58,1
1427.81,1
10004.4,1
756.06,1
397.62,1
5784.37,1
18016.49,1
12212.63,1
8214.98,1
10797.67,1
2160.79,1
16491.17,1
8430.69,1
1543.73,1
4305.61,1
5433.94,1
3860.93,1
3033.92,1
4794.07,1
7680.49,1
18723.37,1
4351.25,1
1148.11,1
18129.56,1
3568.46,2
10276.85,1
12513.91,1
12646.55,1
1063.0,1
5397.63,1
913.86,1
3039.53,1
6260.62,1
668.21,1
12560.2,1
16231.68,1
12781.59,1
3325.54,1
22437.6,1
1245.9,1
22061.41,1
2104.36,1
4574.64,1
19517.33,1
11740.7,1
7857.93,1
8312.0,1
3421.19,1
15210.31,1
7411.09,1
134.84,1
2784.17,1
11627.49,1
6135.87,1
3723.52,1
2280.09,1
3246.77,1
11633.03,1
8123.25,1
14376.62,1
6150.26,1
4840.24,1
8177.97,1
13006.54,1
3957.15,1
5456.95,1
1103.34,1
3309.1,1
9324.99,1
849.73,1
2440.93,2
1501.62,1
8321.96,1
3047.93,2
2894.21,1
3995.9,1
1656.97,1
9353.66,1
6997.69,1
7764.38,1
8092.68,1
5574.5,1
12563.67,1
7422.99,1
2525.4,1
17085.37,1
12824.76,1
4899.86,1
16147.7,1
11493.58,2
7336.75,1
3302.57,1
384.79,1
5949.47,1
7066.58,1
2415.29,1
3348.0,1
17933.72,1
2228.48,1
2573.43,1
4648.21,1
15491.43,1
7569.72,1
11966.73,1
5396.73,1
2911.58,1
10315.81,1
9772.64,1
2490.03,1
3332.03,1
2373.66,1
7906.73,1
2512.07,1
2942.82,1
4766.08,1
2957.23,1
2760.19,1
190.35,2
6506.02,1
9479.06,1
8840.33,1
10823.36,1
10596.79,1
17885.19,1
16873.49,1
3109.48,1
1470.98,1
2985.43,1
9580.65,1
10587.55,1
944.77,1
364.42,2
4235.5,1
12222.81,1
1038.11,1
4942.92,1
754.92,1
6602.74,1
10591.51,1
9128.42,1
13678.1,1
3210.07,1
561.76,1
5050.16,2
12702.68,1
3783.84,1
6330.7,1
8029.17,1
880.79,1
13459.35,1
15744.75,1
10641.7,1
12085.43,1
2363.06,1
8284.47,1
1532.47,1
11791.22,1
4050.03,1
2554.17,1
5625.81,1
13238.03,1
2796.83,1
14048.5,1
5145.55,1
4371.52,1
2115.29,1
10218.17,1
3307.82,1
11675.42,1
589.51,1
2561.03,1
9885.73,1
4783.34,1
15969.25,1
7522.93,1
9272.79,1
10667.06,1
3077.02,1
17934.03,1
15077.52,1
7786.67,1
4048.85,1
13801.44,1
12015.61,1
17123.66,1
2686.0,1
9653.82,1
5750.36,1
11352.23,1
17932.02,1
10503.99,1
1250.36,2
1754.83,1
2447.75,1
961.21,1
14356.5,1
812.18,1
16806.41,1
8788.38,1
7432.59,1
4056.07,1
1042.47,1
10472.3,1
2918.91,1
2873.72,1
16835.83,1
11694.07,1
3801.48,1
2774.76,1
14717.3,1
1440.5,1
6863.45,1
2336.37,1
1356.3,1
3207.2,1
1342.35,1
585.25,1
4546.89,1
7843.27,1
10191.74,1
6073.04,1
4415.85,1
2930.49,2
1680.69,1
17646.86,1
13928.99,1
2396.49,1
13485.12,1
3433.52,1
7302.56,1
14201.34,1
2039.38,1
2692.54,1
2087.42,1
4350.87,1
10675.43,1
4161.09,1
6898.77,1
10770.64,1
10644.94,1
371.48,1
8265.71,1
13027.14,1
7930.17,1
14134.45,1
904.69,1
1522.48,1
7467.45,1
5711.12,1
1518.68,1
8260.23,1
4327.36,1
9300.91,1
5161.78,1
10359.02,1
2424.34,1
7015.16,1
10635.28,1
2051.1,1
9757.83,1
5737.74,1
13147.88,1
17946.54,1
18708.53,1
11223.26,1
16096.06,1
22082.64,1
4122.19,1
146.41,1
3329.58,1
1731.08,1
2415.04,1
16534.1,1
4772.85,1
1598.71,1
10546.39,1
4114.66,1
3630.94,1
3608.21,1
3341.59,1
13822.26,1
10480.46,1
777.18,1
850.84,1
6600.45,1
8848.5,1
7179.66,1
1012.86,1
2222.46,1
1842.54,1
8245.86,1
475.03,1
1910.6,1
5038.7,1
11231.18,1
7430.34,1
5056.21,1
3921.06,1
4425.34,1
4119.55,1
2062.56,1
3644.87,1
12548.72,1
13999.83,1
6152.84,1
2327.53,1
19036.39,1
14608.85,1
9779.82,1
9782.31,1
7478.04,1
13001.32,1
18425.25,1
2444.03,1
8341.36,1
2586.01,1
13727.98,1
3243.16,1
527.36,1
12785.38,1
11489.26,1
1128.57,1
7675.8,1
13622.16,1
2867.32,1
6017.39,1
4315.64,1
3584.37,1
2277.29,1
5483.46,1
2391.39,2
135.25,1
8591.37,1
3409.34,2
804.08,1
832.93,1
3984.64,1
5858.39,1
11651.02,1
15674.24,1
5416.02,1
9214.85,1
13545.16,1
9293.4,1
3130.44,1
1181.11,2
11099.23,1
5730.36,1
9856.21,1
1664.85,1
6120.53,1
7810.32,1
18672.64,1
819.21,1
4643.09,2
8089.19,1
11796.77,1
710.8,1
9626.55,1
12926.08,1
6275.76,1
16845.02,1
13275.12,1
3879.74,1
5961.8,1
4146.34,1
8797.33,1
3075.94,1
8487.82,1
9532.03,1
16579.28,1
8213.08,1
2194.51,1
3029.74,1
2660.36,1
11504.94,1
4726.09,1
2796.48,1
6098.38,1
3225.48,1
2413.17,1
16177.64,1
12813.82,1
8832.05,1
1126.81,1
5203.37,1
13752.06,1
11739.51,1
8241.43,1
2595.35,1
8932.46,1
555.18,1
11822.71,1
1242.78,1
4560.95,1
3530.17,1
5207.64,1
14466.41,1
13187.94,1
305.81,1
2676.29,1
3859.72,1
11007.89,1
5702.63,1
847.09,1
2389.7,1
18919.29,1
1292.49,1
6576.9,1
9538.54,1
1298.03,1
1351.18,1
12681.61,1
1816.35,1
3083.53,1
4428.91,1
11637.38,1
9046.71,1
1588.98,1
17466.95,1
8056.1,1
5009.98,1
12400.96,1
5435.69,1
2714.86,1
2187.33,1
8265.24,1
18328.29,1
7050.17,1
4774.65,1
1974.28,1
10784.95,1
12221.95,1
5780.79,1
3915.22,1
2561.04,1
11979.89,1
5736.68,1
9106.73,1
16801.74,1
7617.08,1
4715.04,1
7620.08,1
5677.25,1
5948.55,1
8412.74,1
6377.94,1
3295.33,1
8118.74,1
95.16,1
6109.77,1
17227.71,1
3747.47,1
13864.64,1
4482.62,1
1554.35,1
581.33,1
843.0,1
999.68,1
17641.17,1
497.16,1
3226.28,1
15915.59,1
8119.32,1
4302.82,1
16565.08,1
3614.82,1
13051.87,1
22216.67,1
22232.16,1
8384.54,1
8285.9,1
14983.28,1
12936.69,1
11896.08,1
8009.21,1
1946.09,1
1282.57,1
4457.71,1
2464.68,1
5848.29,1
7448.36,1
13218.2,1
723.15,1
11755.17,1
18569.51,1
6537.28,1
2601.23,1
11619.72,1
3126.21,1
2601.29,1
13866.38,1
12263.65,1
3311.89,1
4223.15,1
799.74,1
10405.31,1
2263.53,1
1655.67,1
3920.02,1
199.8,1
14297.98,1
17454.2,1
11331.39,1
2157.15,1
6000.32,1
757.99,1
12977.64,1
9030.96,1
5415.76,1
17154.66,1
3605.2,1
2771.25,2
668.57,1
9934.05,1
11574.77,1
7382.06,1
2820.84,1
144.89,1
7150.09,1
13144.74,1
7712.59,1
4113.62,1
11747.36,1
2529.29,1
1762.15,1
22464.87,1
3818.58,1
4928.7,1
16904.69,1
398.47,1
15931.75,1
7460.35,1
3943.99,1
11717.05,1
20641.88,1
3856.6,1
15452.42,1
11242.63,1
9067.13,1
7756.84,1
5233.06,1
592.93,1
15754.13,1
1982.49,1
1793.96,1
1361.4,1
4678.25,1
3315.85,1
4098.13,1
6084.24,1
8665.98,1
21054.95,1
14085.26,1
3759.44,2
2976.37,1
2705.29,1
6365.5,1
2349.71,1
3101.9,1
55.87,1
7271.16,1
2293.88,1
16289.27,1
20143.09,1
12809.6,1
5577.34,1
4209.56,1
1165.05,2
379.25,1
1077.92,1
4980.45,1
2408.55,1
13174.42,1
6328.51,1
9845.15,1
138.52,1
7590.47,1
19437.96,1
1386.64,1
1241.59,1
9846.59,1
10158.3,1
7139.65,1
4670.07,1
4072.71,1
12412.75,1
9999.16,1
12142.95,1
1726.15,1
6054.46,1
255.0,1
4979.14,1
1171.71,1
4419.4,1
7323.72,1
3541.19,1
12715.03,1
15424.69,1
8323.72,1
3291.14,1
5918.9,2
5848.79,1
10385.95,1
5335.83,1
1339.08,1
3835.86,1
3736.79,1
2639.24,1
2959.07,1
2029.07,1
8859.01,1
5012.52,1
1773.75,1
8941.82,1
3504.55,1
11185.73,1
16944.86,1
5293.64,1
9410.85,1
1349.33,1
16394.32,1
11298.92,1
720.18,1
15767.4,1
6011.55,1
3469.98,1
16138.12,1
5608.76,1
16147.74,1
2332.29,1
2164.14,1
22969.52,1
5168.71,1
5227.13,1
13486.63,1
3585.96,1
3626.28,1
3106.97,1
5455.84,1
4430.95,1
3577.93,1
15306.86,1
4615.5,1
4160.69,1
4100.77,1
7417.65,2
1465.12,1
9441.27,1
8160.3,1
1575.18,1
4378.21,1
21901.06,1
6480.06,1
13249.26,1
3864.29,2
14850.27,1
2532.62,1
6906.77,1
3464.76,1
359.19,2
2089.37,1
2356.52,1
2507.52,1
489.15,1
1462.99,1
5618.84,1
5943.38,1
10288.0,1
3913.55,1
2136.63,1
3243.65,1
309.38,1
11267.48,1
204.23,1
8062.58,1
8391.82,1
605.26,1
2619.05,1
9565.77,1
13816.54,2
7858.51,1
8197.58,1
368.98,1
93.05,1
296.66,1
3523.92,2
1872.66,1
3270.48,1
151.07,1
16099.78,1
6814.27,1
3014.06,2
5928.23,2
2443.23,1
3179.41,1
18172.98,1
14077.36,1
8799.95,1
636.06,1
8562.67,1
86.44,2
2929.17,1
12887.0,1
5635.03,1
1434.54,1
22693.54,1
4272.07,1
1333.37,1
4072.82,1
21982.14,1
16632.22,1
4884.31,1
5565.65,1
12794.44,1
7011.77,1
7718.76,1
732.79,1
276.42,1
6616.81,1
957.15,1
7050.72,1
2715.15,1
10736.72,1
3878.37,1
10353.8,1
12283.34,1
5434.35,1
5716.21,1
9657.33,1
4051.83,1
8049.71,1
13517.11,1
7517.39,1
6638.63,1
1548.53,1
8006.61,1
357.76,1
3328.2,1
15925.9,1
1046.17,1
22539.63,1
2796.59,1
14727.48,1
23277.38,1
8941.39,1
3053.07,1
5223.09,1
5063.4,1
15364.2,1
10440.39,1
3105.51,1
8207.73,1
4187.7,1
2524.11,1
2144.72,1
15926.26,1
8824.7,1
14868.86,1
13521.58,1
1311.02,1
16289.58,2
5075.77,1
5648.29,1
3229.28,1
2587.52,1
10177.33,1
8594.81,1
2077.61,1
23039.81,1
6318.37,1
6393.46,1
9582.18,1
9727.21,1
6843.11,1
4522.52,1
4979.29,1
10779.39,1
451.15,1
14802.38,1
455.7,1
1345.88,1
4060.88,1
5829.14,1
10145.91,1
2877.6,1
12700.04,1
15660.32,1
6076.61,1
16757.13,1
9831.66,1
1378.49,1
2655.83,1
10436.67,1
2966.92,1
3857.33,1
24175.13,1
2534.63,1
6143.15,1
6572.68,1
7421.17,1
12476.47,1
9334.9,1
78.91,1
2271.47,1
4747.29,2
7972.92,1
10391.08,1
72.22,1
4479.15,2
14900.48,1
19793.5,1
4468.87,1
2752.99,1
6804.46,1
3663.67,1
7507.02,1
5417.82,1
3784.85,1
4175.19,1
5553.2,1
4188.56,1
9345.57,1
17398.51,1
6887.89,1
4548.62,1
11262.08,1
6670.96,1
12809.79,1
4816.89,1
3976.2,1
1424.61,1
1867.48,1
2250.42,1
528.34,1
1617.32,1
11831.25,1
4336.37,1
9181.07,1
2119.38,1
13317.54,1
552.33,1
17754.38,1
2680.51,1
823.0,1
406.11,1
5131.82,1
1318.97,1
6810.57,1
3934.55,1
1996.58,1
12465.1,1
7814.76,1
14651.51,1
5385.33,1
13243.29,1
19332.33,1
2222.9,1
10204.16,1
670.46,1
1919.51,1
5527.08,1
1540.15,1
10117.13,1
2089.21,1
11215.55,1
101.2,1
4371.41,1
5370.8,1
8803.87,1
12391.0,1
20144.87,1
15086.11,1
3502.88,1
10019.41,1
14556.53,1
6117.21,1
3504.28,1
2811.88,1
3692.75,1
4075.7,1
3389.7,1
1597.74,1
8599.17,1
7109.77,1
3321.02,1
6290.75,1
16818.49,1
211.75,1
12909.55,1
7098.28,1
15568.91,1
7669.52,1
4259.22,1
1970.31,1
11221.81,1
3985.14,1
1573.49,1
14509.94,1
6944.83,1
7437.97,1
1494.01,1
129.45,1
8988.09,1
12744.79,1
11364.45,1
1632.47,2
3512.53,1
24299.84,1
9229.42,1
8147.8,1
4818.87,1
6013.23,1
17199.14,1
9344.02,1
6051.87,1
3026.68,1
13230.02,1
3086.63,1
3584.7,1
14855.25,1
2789.83,1
13406.6,1
8123.93,1
10073.86,1
11236.66,1
13727.19,1
8792.56,1
4714.55,1
1286.04,1
2962.02,1
1738.99,1
8252.51,1
5727.74,1
324.61,1
5318.38,1
3587.47,1
2608.87,1
10394.02,1
11599.55,1
1995.33,1
214.23,1
7772.78,1
12768.46,1
4168.86,1
3787.38,1
148.11,1
3156.84,1
5740.43,1
3570.2,1
1249.43,1
2534.15,1
340.92,1
14887.1,1
18443.92,1
19304.89,1
8640.92,1
12240.81,1
5879.07,1
10512.62,1
23695.54,1
9570.69,1
4865.04,1
9611.44,1
1939.51,1
9401.3,1
12077.58,1
7048.7,2
4785.79,2
1414.1,1
459.83,1
4731.95,1
7319.39,1
6786.23,1
10062.07,1
4792.49,1
1132.62,2
4803.37,1
19387.67,1
1302.94,1
3467.88,1
7878.06,1
7278.49,1
1703.29,1
931.09,1
23655.9,1
8657.73,1
8737.69,1
4681.38,1
17587.18,1
56.43,1
7567.2,1
3650.7,1
13465.45,1
14381.28,1
4787.78,1
2867.69,1
9597.2,1
22011.06,1
4621.3,1
3782.45,1
4547.03,1
4370.32,1
869.89,1
5197.38,1
286.71,1
1087.47,1
1804.99,2
4355.8,1
7469.14,1
9994.72,1
1694.64,1
8578.71,1
8775.79,1
3521.07,1
8286.08,1
7906.4,1
4310.39,1
4416.17,1
3592.77,1
3187.46,1
5721.18,1
3640.61,1
3570.39,1
21000.05,1
11588.36,1
2447.44,2
5065.67,1
624.17,1
9996.87,1
2936.87,1
10680.88,1
8381.63,1
1090.25,1
7212.11,1
4800.36,1
17978.31,1
2061.49,1
1942.62,1
3572.0,1
15391.53,1
3296.4,1
14152.78,1
6211.88,1
4893.55,1
22083.16,1
2434.35,1
15006.26,1
1592.72,1
11753.45,1
6197.15,1
3406.46,1
143.06,1
10831.11,1
17395.69,1
12791.79,1
123.58,1
8592.33,1
9724.94,1
338.26,1
10415.56,1
532.01,1
8871.66,1
2306.38,1
4124.83,1
1140.35,1
4987.39,1
3711.63,1
2133.46,1
7794.1,1
2482.17,1
1847.88,1
1365.54,1
3533.76,1
5341.03,1
5899.69,1
12155.7,1
525.7,1
6040.85,1
285.44,1
8001.86,1
12993.0,1
4700.46,1
4289.87,1
6350.97,1
2598.51,1
11073.41,1
3204.4,1
3522.05,1
2590.55,1
16166.08,1
7778.0,1
6163.64,2
15304.22,1
3094.96,1
6103.98,1
20843.45,1
3130.83,1
6224.58,1
170.42,1
12993.22,1
2250.34,1
4108.24,1
9530.3,1
5454.62,1
11478.75,1
8742.83,1
7813.42,1
6136.1,1
12565.23,1
616.44,1
3502.26,1
6748.54,1
901.02,1
8043.21,1
2420.29,1
1643.58,1
6645.83,1
2146.44,1
1316.69,1
17324.43,1
6232.03,1
16887.35,1
4051.37,1
12209.19,1
8553.83,1
4544.22,1
2273.0,1
10530.72,1
7013.85,1
5305.78,1
6391.18,1
2571.68,1
8532.19,1
1021.76,1
19834.06,1
4277.52,1
10114.05,1
5999.51,1
17772.95,1
4208.2,1
2651.77,1
4038.37,1
4378.29,1
4018.15,1
9997.69,1
3091.95,1
1184.72,1
2416.45,1
1450.2,1
66.56,1
1423.0,1
2691.32,1
1472.38,1
7556.68,1
4248.04,1
22260.91,1
10902.89,1
342.82,1
2272.9,1
6929.65,1
6555.78,1
11656.98,2
2914.38,1
1230.45,1
12482.46,1
3587.24,1
3988.76,1
8319.6,1
1229.57,1
5250.74,1
14576.28,1
5797.31,1
1772.38,1
3113.44,1
7005.73,1
2051.67,1
2493.14,1
4314.49,1
10628.86,1
13527.95,1
10819.82,1
6364.87,1
11921.54,1
3980.49,1
10417.73,1
7812.4,1
6362.6,1
1058.87,1
11850.7,1
3882.18,1
9377.22,1
6062.61,1
6090.08,1
4360.21,1
2008.39,1
19252.77,1
967.3,1
5481.19,1
12669.83,1
9226.13,1
12682.97,1
6008.62,1
1893.64,1
10976.47,1
10567.94,1
9820.54,1
4396.89,1
1751.77,1
6877.99,1
1812.93,1
2633.59,1
11775.19,1
1096.41,1
4579.08,2
7185.98,1
6360.9,1
237.36,1
12779.19,1
3682.8,1
1203.82,2
6457.69,1
572.92,1
9464.89,1
11468.94,1
14049.27,1
9924.05,1
8590.54,1
4347.81,1
3956.71,1
5037.56,1
8579.99,1
5028.76,1
11627.96,1
2672.04,1
4193.91,1
6290.08,1
14305.0,1
2594.3,1
6991.55,1
1303.34,1
3806.72,1
12142.86,1
4234.14,1
552.67,1
2884.07,1
2343.25,1
1742.69,1
4150.94,1
19625.52,1
7719.92,1
6196.04,1
5733.95,1
5323.9,1
1242.17,1
4285.18,1
10578.88,1
11024.93,1
10616.09,1
185.73,1
1669.32,1
6851.43,1
7869.36,1
12137.73,1
531.29,1
1255.1,1
6309.88,1
1043.03,1
8724.49,1
2343.38,1
11784.18,1
273.53,1
18782.64,1
251.79,1
1019.66,1
4338.21,1
2285.1,1
3855.22,1
2252.16,1
4179.47,1
7583.91,1
1304.09,1
2271.66,1
4944.3,1
258.56,1
1984.09,1
4319.56,1
6454.36,1
5357.2,1
6607.08,1
3344.92,1
4280.41,1
8547.84,1
13253.83,1
4253.29,1
5813.57,1
8772.71,1
310.85,1
17256.91,1
13122.89,1
1714.64,1
7141.62,1
5959.27,1
2262.54,1
5886.64,1
7219.52,1
2226.06,1
9139.23,1
7815.32,1
8274.81,1
9211.45,1
522.05,1
96.01,1
10432.01,1
1383.85,1
4985.85,1
11154.94,1
6476.56,1
10496.02,1
179.31,1
120.0,1
17905.36,1
11436.26,1
3895.88,1
7359.69,1
17074.72,1
1457.2,1
7118.0,1
3687.04,1
409.8,1
2025.58,1
772.78,1
7091.88,1
4039.36,1
2704.95,1
3171.54,1
8138.73,1
22329.48,1
2281.43,1
7331.09,1
6022.65,1
7718.12,1
1481.45,1
14732.52,1
5059.6,2
17255.9,1
802.56,1
2661.71,1
16494.98,1
4763.55,1
9325.78,1
8427.51,1
13555.7,1
12534.91,1
8386.1,1
1525.68,1
546.2,1
2559.17,1
11973.45,1
20354.14,1
5189.13,1
2638.99,1
16803.33,1
8964.8,1
333.71,1
12506.25,1
4296.18,1
7260.6,1
3414.99,1
608.2,1
19670.06,1
5020.27,1
3834.27,2
5334.39,1
7034.11,1
708.02,1
9933.05,1
5473.89,1
19740.41,1
10282.68,1
11642.11,1
7076.47,1
179.83,1
19113.88,1
8607.13,1
6660.94,1
14932.64,1
3015.26,1
2933.85,2
193.74,1
16103.68,1
11113.62,1
11383.42,1
12546.5,1
3031.85,1
4614.12,1
4380.01,2
11150.54,1
11960.91,1
11030.16,1
9502.94,1
7680.0,1
8688.53,1
7652.59,1
10715.36,1
8574.16,1
3703.01,1
5794.25,1
3609.05,1
18365.75,1
14018.52,1
9190.46,1
8141.0,1
2932.96,1
3256.25,1
1703.08,2
3827.5,1
13994.27,1
9161.71,1
2813.5,1
414.53,1
7767.01,1
2586.51,1
7202.34,1
8254.14,1
1902.21,1
8021.46,1
1773.14,1
15074.79,1
4361.39,1
3899.93,1
14138.19,1
1725.76,1
5466.11,1
8823.9,1
12959.85,1
19541.34,1
5787.54,1
5531.53,1
3319.07,1
2114.69,1
9488.88,1
5716.31,1
3535.9,1
665.97,1
5430.22,1
16169.75,1
1416.88,1
5199.97,1
1105.5,1
1662.91,1
1251.28,1
3284.97,1
4062.87,1
15202.84,1
6682.6,1
3003.3,1
85.87,1
12320.49,1
764.63,1
1491.64,1
2500.63,1
4401.9,1
3873.1,1
20403.16,1
7509.56,1
7603.73,1
819.71,1
3519.02,1
7635.89,1
2538.36,1
12976.81,1
4413.82,1
9235.65,1
6355.59,1
9195.36,1
11928.49,1
2994.3,1
3341.19,1
8440.35,1
1010.09,1
10890.48,1
403.84,1
2088.55,1
7314.66,1
6772.89,1
7889.89,1
1547.59,1
5321.47,1
4747.75,1
16197.43,1
2244.94,1
5429.35,1
2758.55,1
13382.86,1
4266.09,1
1856.03,1
5661.0,1
3293.98,1
7781.24,2
7844.95,1
2591.78,1
18482.21,1
3524.5,1
2832.02,1
14065.98,1
978.31,1
5259.06,1
14670.78,1
13489.57,1
1195.16,1
1749.28,1
5420.81,1
1882.28,1
5530.41,2
2240.95,1
6175.12,1
24048.04,1
5976.57,1
1225.76,2
13859.91,1
11253.97,1
6666.46,1
6080.48,1
12393.96,1
7237.08,1
3100.79,1
14726.97,1
6383.58,1
3333.54,1
11470.47,1
3603.99,1
11833.22,1
3044.96,1
3538.64,1
2015.34,1
12789.01,1
147.3,1
2844.24,1
6490.63,1
19568.72,1
3154.61,1
7925.3,1
3921.11,1
3490.95,1
6442.98,1
7104.07,1
4361.64,1
1899.38,1
7262.64,1
11670.99,1
8898.54,1
3220.02,1
9523.88,1
758.63,1
13218.34,1
4715.88,1
12076.83,1
5905.63,1
14694.99,1
706.59,1
7248.13,1
9451.19,1
8354.95,1
4065.26,1
1655.42,2
3932.71,1
14655.91,1
5627.05,1
16185.92,1
2753.75,1
11069.59,1
317.73,1
1973.03,1
3114.78,1
8664.96,1
8507.23,1
22022.23,1
11186.8,1
2149.74,1
9959.44,1
4303.65,1
5296.6,1
13953.69,1
1233.83,1
2770.54,1
8670.52,1
13738.29,1
7519.9,1
6105.82,1
3337.02,1
14897.31,1
11485.12,1
9949.26,1
20947.1,1
3827.48,1
4550.14,1
4173.08,1
5267.55,1
10074.97,1
15313.01,1
7601.55,1
4618.81,1
17884.05,1
8043.71,1
8327.84,1
1312.94,1
9056.1,1
19574.91,1
6283.14,1
10255.31,1
11080.79,1
1843.99,2
3344.1,2
1936.22,1
21751.99,1
1320.89,1
3683.82,1
1107.25,1
5822.17,1
4096.63,1
4805.35,1
3057.44,1
2700.46,2
3888.57,1
17575.9,1
906.35,1
1291.85,1
188.91,1
2068.39,1
2388.05,1
1392.03,1
2745.86,1
6808.8,1
2652.02,1
826.01,1
2946.3,1
3549.72,1
3901.62,1
2678.76,1
2991.1,1
18058.67,1
17629.2,1
15139.48,1
3194.67,1
290.4,1
3531.67,1
4606.24,1
3638.76,1
481.53,1
951.34,1
18072.06,1
4227.33,1
7877.46,1
3568.43,1
1877.0,1
8977.75,1
14008.78,1
6060.77,1
660.72,1
929.15,1
2969.86,1
12352.81,1
2753.82,2
5884.74,1
14230.96,1
12447.93,1
3513.33,1
1365.1,1
3800.98,1
2207.07,1
12501.4,1
7190.43,1
10082.39,1
8322.99,1
11024.75,1
3091.35,1
9301.36,1
1773.51,1
1315.67,1
4034.8,1
2150.87,1
11473.32,1
2842.09,1
20842.77,1
2059.17,1
1720.7,1
3352.1,1
889.22,1
15354.8,2
7004.22,1
14369.0,1
2682.79,1
17606.35,1
18372.48,1
13772.24,1
2980.93,1
16261.1,1
12748.8,1
1066.82,1
13582.92,1
11960.95,1
154.67,1
6798.17,1
6911.96,1
5768.45,1
1515.7,1
13868.05,1
5820.43,1
3688.24,1
3037.31,1
3442.03,1
15175.95,1
16689.43,1
251.25,1
429.77,1
8974.67,1
13114.75,1
15299.5,1
7892.35,1
10222.27,1
23456.44,1
4257.2,1
10978.13,1
3150.24,1
3402.79,1
14889.61,1
7992.88,1
6927.86,1
8664.18,1
2371.05,1
2809.42,1
4579.69,1
8900.06,1
3898.97,1
9193.23,1
13712.32,1
1601.34,1
1778.74,1
5420.19,1
1120.27,1
8838.94,1
6202.53,1
13039.91,1
17867.85,1
4481.98,1
2112.12,1
7497.69,1
51.64,1
10936.68,1
3148.46,1
592.51,1
4337.72,1
713.29,1
14193.05,1
4711.11,1
11374.08,1
2169.8,1
15297.0,1
7329.83,1
5754.92,1
8398.95,1
3066.0,1
2207.58,1
7355.81,1
421.97,1
7486.88,2
11161.07,1
2946.7,1
6480.12,1
12548.32,1
3733.03,2
1643.75,1
298.9,1
2056.05,1
3104.47,1
21338.17,1
3064.44,1
2188.26,1
6046.15,1
11802.99,1
367.67,2
3714.22,1
8778.41,1
3080.36,1
9570.45,1
4888.12,1
8645.17,1
1200.76,1
5215.1,1
5185.72,1
3800.5,1
6080.41,1
12694.13,1
2633.95,1
18431.08,1
96.78,1
11641.62,1
7370.76,1
6748.14,1
9330.28,1
735.61,1
6134.89,1
3018.7,1
22127.22,1
5197.11,1
5585.13,1
1852.58,2
22161.34,1
3354.76,1
13225.5,1
4056.02,1
11813.65,1
9897.18,1
14250.39,1
10576.97,1
6552.76,1
5749.39,2
1479.63,2
5917.53,1
3675.35,1
5864.51,1
5932.04,1
18144.48,1
6217.53,1
20557.88,1
18875.6,1
2302.11,1
7121.03,1
439.62,1
7508.39,1
2815.6,1
669.05,1
9154.77,1
12134.71,1
12759.94,1
321.49,1
21915.87,1
1011.91,1
11465.29,1
2538.11,1
3811.05,1
14089.97,1
1903.49,1
8719.2,1
9566.81,1
10504.81,1
16125.82,1
19893.91,1
9389.41,1
8037.82,1
648.74,1
7828.96,1
2167.54,1
4144.26,1
421.78,1
22727.16,1
4422.4,1
1425.26,1
7004.09,1
5483.06,1
9317.36,1
15872.19,1
12795.64,1
13116.6,1
1726.49,1
947.91,1
11553.17,1
9627.78,1
3018.11,1
4816.35,1
8554.43,1
7196.26,1
13194.87,1
18135.58,1
6345.28,1
2604.77,1
6680.96,1
688.93,1
8434.37,1
2989.58,1
4365.88,1
18764.14,1
21492.96,1
4491.41,1
2546.53,1
6234.67,1
1209.19,1
4062.2,1
750.88,1
6040.75,1
13190.89,1
7164.97,1
6069.11,1
18814.08,1
12503.44,1
17031.32,1
2083.8,1
804.38,1
935.67,1
9551.18,1
9667.01,1
4848.51,1
2682.37,1
2162.91,1
2842.85,1
4152.33,1
2171.07,1
6828.14,1
12217.69,1
872.63,1
1752.27,1
9010.07,1
6716.48,1
5008.71,1
5807.65,1
7541.17,1
20945.91,1
4158.31,1
8186.39,1
452.18,1
2554.99,1
4234.34,1
5491.79,1
6507.41,1
9252.11,1
13593.52,1
2731.45,2
17655.07,1
8593.68,1
15795.42,1
7502.01,1
4501.22,1
18310.58,1
1931.03,1
4454.6,1
8170.4,1
7060.59,1
9275.75,1
5749.53,1
8426.8,1
9626.09,1
20065.25,1
262.36,1
13702.6,1
2273.49,1
7201.83,1
15592.07,1
15758.36,1
9551.33,1
3095.06,2
2380.19,1
5499.72,1
6008.67,1
14768.68,1
8850.7,1
2438.45,1
5533.83,2
7409.96,1
1084.24,1
3737.18,1
7365.59,1
13692.82,1
12564.39,1
10539.04,1
2828.97,1
7904.68,1
13755.64,1
719.87,1
18614.57,1
3148.43,1
412.6,1
10354.35,1
773.17,1
7211.91,1
979.5,1
1078.89,1
9140.29,1
15605.66,1
337.31,1
216.14,1
7438.49,1
6007.4,1
4657.23,1
10606.92,1
1240.09,1
17608.34,1
9607.66,1
18096.05,1
4022.91,1
11005.59,1
4998.63,1
5696.47,1
10841.64,1
16069.6,1
9290.65,1
3122.74,1
8491.95,1
1190.36,1
6419.02,1
3917.12,1
13805.05,1
10877.9,1
3154.89,1
2661.26,1
401.24,1
11390.98,1
6881.61,1
7033.29,1
3768.6,1
2072.14,1
7747.7,1
3560.19,1
12586.13,1
2500.39,1
3189.07,1
6043.73,1
7662.71,1
14005.06,1
3319.25,1
3260.41,1
8186.89,1
9705.76,1
9065.74,1
19842.89,1
415.36,1
18965.04,1
15116.99,1
5793.62,1
6342.83,1
333.09,1
2314.68,1
8244.18,1
10855.89,1
10117.99,1
1010.06,1
2912.63,1
9380.93,1
14098.17,1
3239.53,2
2520.04,1
4708.87,1
1620.61,1
11711.28,1
1065.31,1
2170.1,1
13931.7,1
3718.71,1
7677.16,1
13619.72,1
520.84,1
8496.01,1
14442.0,1
9868.52,1
11964.87,1
15109.54,1
20709.7,1
1370.12,1
2727.76,1
6415.95,1
3984.24,1
3671.1,1
22034.29,1
7323.35,1
5145.45,1
4755.57,1
20073.72,1
6974.14,1
2387.6,1
6291.57,1
2520.9,1
8975.24,1
4690.69,1
1362.95,1
12091.64,1
14808.04,1
13942.18,1
11347.28,1
568.76,1
16395.86,1
12056.74,1
4389.47,1
2247.78,1
563.38,1
8786.27,1
6687.29,1
13376.67,1
9727.64,1
746.54,1
4029.05,1
14989.88,1
16067.14,1
1569.24,1
7738.9,1
2443.24,1
1918.84,1
17734.79,1
198.23,1
2627.8,1
9905.55,1
405.06,1
2903.04,1
3261.82,1
3501.21,1
1548.5,1
1916.61,1
421.64,1
4788.96,1
7331.6,1
15798.02,1
3488.05,1
1702.83,1
15459.9,1
4668.51,1
9972.63,1
14429.64,1
3256.46,1
13585.18,1
1711.67,2
18304.34,1
15371.26,1
4629.68,1
2870.0,1
9269.14,1
3153.46,1
6599.79,1
7569.44,1
2302.26,1
7053.19,1
589.17,1
17599.5,1
1665.23,1
3535.27,1
2194.48,1
6821.04,1
2194.18,1
766.04,1
8517.79,1
16188.87,1
6143.46,1
1832.08,1
6540.21,1
8403.23,1
7411.82,1
2183.63,1
6467.98,1
9478.76,1
4243.35,1
7741.62,1
7675.54,1
7746.84,1
18334.14,1
10015.33,1
3255.61,1
8429.8,1
7949.01,1
16107.08,1
3585.1,1
1473.49,1
440.29,1
16596.36,1
9586.47,1
1617.11,1
2118.74,1
114.78,1
7246.39,1
3179.07,1
8406.53,1
9977.53,1
6856.18,1
12945.4,1
781.76,1
3001.0,1
6693.05,1
3698.69,1
12780.89,1
2685.57,1
2299.93,1
8136.84,1
3080.5,1
1430.14,1
3023.98,1
597.67,1
5884.26,1
5735.31,1
1560.33,1
13801.52,1
3291.74,1
757.77,1
11009.64,1
4139.84,1
12902.62,1
3714.55,1
12027.92,1
9649.13,1
1912.8,1
1009.41,1
2735.68,1
1961.96,1
5535.32,1
13213.8,1
2725.65,1
16190.25,1
13409.41,1
543.58,1
4248.28,1
1438.52,1
9646.77,1
12457.29,1
9411.51,1
4638.52,1
2512.41,1
2143.92,1
4513.03,2
12301.6,1
1325.85,1
1570.12,1
5181.15,1
2347.13,1
3236.76,1
9094.94,1
5914.85,1
8881.03,1
4375.68,1
7985.9,1
2771.87,1
742.96,1
394.07,1
4345.62,1
4426.27,1
2799.22,1
3563.95,1
9274.8,1
2403.2,1
6918.5,1
5665.38,1
15565.82,1
91.87,1
8462.53,2
4265.83,1
4726.46,1
6932.61,1
2486.83,1
6809.5,1
13295.26,1
4513.61,1
10590.02,1
4627.91,2
6975.74,1
716.11,1
1989.22,1
2654.19,1
4072.69,1
8165.46,1
757.45,1
482.39,2
5033.69,1
22389.93,1
6220.59,1
3207.21,1
17347.9,1
15743.5,1
10469.89,1
7088.66,1
7912.36,1
12342.3,1
5530.72,1
2408.53,1
19195.92,1
8238.86,1
182.67,1
5821.63,1
5509.89,1
13323.4,1
359.18,1
6278.83,1
1987.07,1
12361.83,1
2762.65,1
5189.61,1
2969.17,1
2409.42,1
13878.98,1
8423.35,1
773.38,1
1930.85,1
8132.32,1
15738.3,1
5928.43,1
3348.4,1
3964.09,1
14528.49,1
14164.22,1
16406.8,1
6075.38,1
18238.77,1
6171.19,1
17938.58,1
12638.21,1
13598.37,1
526.08,1
3790.42,1
6870.98,1
14531.47,1
805.87,1
12941.78,1
1721.16,1
10027.7,1
2075.99,1
14655.98,1
9080.26,1
12103.43,1
1094.16,2
1728.18,1
1371.99,1
3475.58,2
1048.47,1
14063.66,1
22712.94,1
6213.09,1
3161.81,1
17028.81,1
3012.74,1
2078.37,1
18902.42,1
5176.12,1
8837.8,1
4747.96,1
5602.89,1
14471.72,1
13190.97,1
3324.09,1
572.71,2
9927.6,1
17986.62,1
6874.54,1
4414.89,1
17042.91,1
21464.12,1
1751.86,1
1902.09,1
10974.12,1
2615.04,1
14510.73,1
6086.22,1
3278.17,1
3983.96,1
6779.16,1
10952.93,1
11696.34,1
20140.69,1
6796.79,1
18066.53,1
10356.44,1
1118.07,1
9636.91,1
7907.03,1
4134.31,1
11969.17,1
2239.25,1
1894.79,1
8300.81,1
1500.99,1
14666.72,1
6070.91,1
5199.45,2
8342.81,1
395.05,1
8664.01,1
1323.7,1
10828.4,1
14515.67,1
1923.8,1
4972.82,2
18348.19,1
451.21,1
13902.31,1
1576.54,1
4113.7,1
5455.02,1
3402.71,1
5760.69,1
741.19,1
2524.16,1
13333.55,1
17275.97,1
9025.04,1
10022.37,1
6313.75,1
16546.94,1
602.16,1
14315.1,1
4005.95,1
4203.28,1
5105.81,1
15832.42,1
9580.93,1
6198.97,1
1695.14,1
3015.55,1
1852.93,1
8289.21,1
10511.66,1
7310.79,1
8964.0,1
7070.95,1
20499.38,1
2465.4,1
3113.82,1
13691.83,1
4961.18,1
13838.94,1
15595.87,1
3091.94,1
4739.38,1
4055.77,1
3361.72,1
6042.66,1
4826.96,1
18986.91,1
3948.55,1
785.6,1
15070.21,1
4319.28,1
3611.14,1
4374.89,1
8183.43,1
3882.55,1
3126.24,1
16086.8,1
4995.07,1
2055.49,1
6091.47,1
7522.1,1
3009.55,1
6561.47,1
6934.4,1
5715.9,1
4858.73,1
12219.45,1
13341.33,1
401.45,1
2479.42,1
12984.03,1
1573.81,2
20450.82,1
591.31,1
2955.96,1
16219.09,1
10824.63,1
7071.79,1
12444.2,1
9321.82,1
11093.08,1
4051.44,1
12713.59,1
11578.35,1
2771.95,1
13310.65,1
1020.81,1
682.89,1
233.84,1
23479.67,1
4929.92,1
4921.61,1
15284.05,1
5256.95,1
3405.07,1
2872.96,1
2847.19,2
12499.0,1
2532.24,1
3362.61,1
13615.38,1
11071.36,1
9747.52,1
2721.78,1
12985.15,1
569.69,1
2768.01,1
6045.85,1
397.88,1
2819.48,1
21364.46,1
338.0,1
6221.83,1
8882.18,1
5974.08,1
13276.08,1
1568.45,1
10700.84,1
7217.41,1
16215.02,1
4322.29,2
21151.39,1
2846.95,1
4123.13,1
4175.42,1
8359.65,1
9353.97,1
11116.65,1
1007.49,1
3833.9,1
12825.17,1
7139.71,1
16363.76,1
14153.11,1
4107.32,1
15036.75,1
22433.89,1
757.53,1
5880.23,1
3037.59,2
18658.88,1
4052.62,1
2444.13,1
9619.27,1
13441.39,1
7450.08,1
2501.17,1
12451.93,1
578.27,3
1496.75,1
9468.52,1
7846.76,1
18710.62,1
669.35,1
15395.35,1
5207.13,1
2753.65,1
2546.93,1
7818.13,1
21548.95,1
4258.37,1
12598.1,1
3545.4,1
13221.12,1
3031.79,1
11725.41,1
7760.57,1
22347.05,1
893.81,1
9847.97,1
7903.86,1
7743.66,1
1781.32,1
110.0,1
16567.72,1
12108.36,1
6617.2,1
11673.49,1
17317.94,1
4761.4,1
3447.91,2
3227.22,1
5255.89,1
5727.06,1
3695.62,1
8406.71,2
2664.91,1
2128.31,1
5985.03,1
18569.42,1
2884.02,1
742.89,1
21735.45,1
688.62,1
2147.54,1
13840.25,1
15127.18,1
4738.61,1
5864.94,1
11051.05,1
5092.86,1
6155.48,1
5989.47,1
5631.33,1
2865.42,1
9056.76,1
16661.72,1
1815.16,1
2786.87,1
4709.7,1
2347.02,1
10128.08,1
7940.81,1
13739.16,1
16849.27,1
96.75,1
15142.25,1
6679.28,1
503.46,1
1236.32,1
138.39,1
1109.42,1
356.48,1
3955.91,1
204.01,1
9768.1,1
3822.07,1
9337.57,1
815.98,1
6583.81,1
7583.37,1
4222.25,1
9847.5,1
12460.27,1
9814.33,1
1391.99,1
2417.91,1
20835.13,1
4418.48,1
14187.33,1
3858.0,1
1550.24,1
5561.33,1
61.86,1
4576.81,1
9727.48,1
8577.84,1
2906.92,1
519.41,1
9123.77,1
3192.75,1
99.03,1
5405.72,1
4095.12,1
2330.4,1
6315.08,1
8885.69,1
12728.06,1
8535.41,1
4634.94,2
1862.42,1
3026.35,1
1867.0,1
14887.36,1
663.73,1
811.2,1
7045.62,1
17975.45,1
19848.07,1
5123.0,1
5774.35,1
15847.94,1
16216.83,1
5975.36,1
2123.18,1
13197.43,1
1355.6,2
5778.48,1
61.5,1
17186.26,1
3488.55,1
6029.99,1
9885.32,1
4966.06,1
9008.22,1
878.95,1
1181.21,1
11039.49,1
11036.22,1
13245.27,1
4808.78,1
5608.94,1
3582.46,1
5694.5,1
10271.39,1
615.67,1
13510.95,1
10256.11,1
1136.02,1
951.61,1
11617.84,1
8812.43,1
17843.22,1
2462.3,1
7206.83,1
12757.49,1
6689.94,1
1463.92,1
2131.5,1
6852.7,1
2351.35,1
8473.6,1
5602.5,1
10352.05,1
3870.59,1
9829.95,1
7029.97,1
1159.54,1
7659.7,1
5052.3,1
3581.32,1
1262.42,2
1286.93,1
3832.58,1
6107.85,1
3914.6,1
9896.56,1
3595.5,1
14297.32,1
1792.28,1
6434.27,1
12172.12,1
4681.94,1
10359.52,1
4329.15,1
4754.61,1
14675.26,1
5926.41,1
15567.05,1
15819.17,1
6501.21,1
5861.7,1
8106.45,1
3034.04,1
5158.9,1
128.22,1
6778.44,1
16189.55,1
11229.33,1
8116.57,1
1036.72,1
5017.67,1
17231.56,1
1331.88,1
8550.52,1
14225.65,1
6687.97,1
4924.9,2
9287.72,1
3353.53,1
14062.49,1
3624.98,1
5232.57,1
3367.85,1
10775.06,1
7900.89,1
10251.26,1
13132.11,1
5192.68,1
5104.54,1
2324.11,1
2443.36,1
2402.37,1
4150.48,1
11697.2,1
14537.37,1
3864.88,1
4782.67,1
14666.28,1
1697.36,1
11433.39,1
2694.52,1
10223.46,1
2449.77,1
6189.62,1
6027.18,1
19037.56,1
1031.16,1
21625.67,1
11260.57,1
21422.65,1
188.88,1
1491.02,1
5824.88,1
2403.85,1
10406.09,1
4539.71,1
771.32,2
2232.0,1
10485.98,1
18586.96,1
2483.61,1
4298.4,1
1156.29,1
1059.63,1
6373.82,1
18302.75,1
2185.63,1
606.27,1
7338.31,1
3739.77,1
11187.74,1
23878.99,1
3663.37,2
7565.27,1
2595.26,1
6051.61,1
3919.39,1
3100.82,1
1996.62,1
3438.91,1
8872.05,1
18286.3,1
375.49,1
3511.42,1
3352.29,1
5967.84,1
13849.7,1
8557.49,1
7243.72,1
2587.85,1
8440.55,1
705.08,1
3876.87,1
15564.25,1
13913.13,1
6254.41,1
1204.94,1
2794.41,1
5203.04,1
14290.89,1
15213.04,1
18560.69,1
19602.79,1
6785.93,1
6654.08,1
2398.0,1
1132.04,1
8796.72,1
10011.66,1
3941.34,1
612.58,1
2445.9,1
4341.05,1
8643.09,1
6268.19,1
11038.61,1
9306.53,1
1223.61,1
11730.24,1
13583.76,1
3364.3,1
5508.09,1
316.48,1
4400.88,1
10938.84,1
14551.1,1
1185.3,1
2951.52,1
4831.84,1
386.4,1
7109.09,1
3902.11,1
7622.62,1
15679.23,1
7385.84,1
15879.79,1
7794.86,1
11379.09,1
8807.53,1
7616.47,1
4128.66,1
11484.64,1
272.28,1
1697.17,1
2656.47,1
117.26,1
18401.08,1
4074.25,1
10001.89,1
9849.0,1
3696.04,1
264.89,1
2986.21,1
19008.7,1
1281.42,1
4452.45,1
12938.3,1
182.18,1
14499.59,1
2180.63,1
9660.14,1
3621.93,1
2130.8,1
5267.46,1
132.66,1
1196.26,1
3934.75,1
11798.78,1
9488.69,1
1881.3,1
1745.95,1
17348.67,1
4228.65,1
2355.18,2
1296.69,1
774.34,1
19501.23,1
790.07,1
1305.85,1
3909.14,1
97.66,1
16421.85,1
6601.55,1
1653.25,1
5270.4,1
9290.29,1
9646.97,1
3114.4,1
4819.16,1
1899.32,1
1098.25,1
13835.23,1
1520.83,1
2068.0,2
7522.5,1
16651.19,1
23427.87,1
7551.99,1
19178.1,1
10021.49,1
8732.03,1
7180.05,1
3312.02,1
6436.7,1
8000.36,1
4640.51,1
2552.96,1
3172.57,1
2209.96,1
11677.19,1
5713.29,1
8118.28,2
5213.4,1
12834.36,1
2017.83,1
16546.5,1
4089.71,1
6295.13,1
4645.6,1
13659.83,1
728.96,1
6549.63,1
586.22,1
564.13,1
15024.01,1
21551.88,1
5249.81,1
9291.83,1
3837.39,1
1454.37,1
2031.99,1
4896.02,1
5003.22,1
19393.11,1
4556.07,1
2427.16,1
3194.75,1
3221.38,1
20112.18,1
2075.5,1
11941.54,1
447.78,1
6530.99,1
174.34,1
4128.85,1
3690.43,1
7695.06,1
846.02,1
6817.91,1
502.42,1
12635.92,1
9543.87,1
2502.05,1
1461.97,1
8175.09,1
8539.85,1
4412.81,1
5646.4,1
13066.85,1
13119.62,1
144.01,1
13830.66,1
6847.16,1
7379.43,1
17939.7,1
10535.69,1
9365.12,1
8723.08,1
7847.23,1
487.86,1
4437.63,1
6300.63,1
634.37,1
11275.95,1
5918.73,1
701.34,1
12932.44,1
15608.64,1
10071.67,1
11899.01,1
4488.37,1
3215.31,1
11782.77,1
10112.4,1
1497.52,1
6575.43,1
3200.54,1
14664.66,1
4561.95,1
436.25,1
2264.7,1
814.8,1
5098.99,1
21556.24,1
5898.81,1
18302.95,1
9788.61,1
9095.05,1
3404.49,1
4929.81,1
6743.29,1
3059.76,1
3166.82,1
411.17,1
14793.44,1
5467.82,1
6804.05,1
4534.02,1
14530.51,1
18119.94,1
5516.49,1
4637.45,1
11278.64,1
13923.88,1
15344.58,1
1831.53,1
3436.26,1
21646.07,1
4460.42,1
7552.03,1
8209.57,1
1733.01,1
8873.22,1
7341.84,1
4674.11,1
6753.71,1
21612.77,1
5876.96,1
19471.66,1
11583.0,1
6953.47,1
9904.03,1
3253.2,1
363.44,1
12813.93,1
12945.07,1
7268.87,1
4115.72,1
5499.02,1
6626.58,1
6931.31,1
13312.52,1
14282.73,1
844.88,1
14614.23,1
795.43,1
16531.91,1
1480.09,1
7479.61,1
1081.59,1
6164.77,1
3236.79,1
6590.93,1
7223.09,1
17015.9,1
7087.41,1
15147.56,1
4487.24,1
6995.06,1
12749.42,1
12203.68,1
2898.93,1
9396.28,1
23376.72,1
5789.37,1
15481.8,1
3908.63,2
5851.15,1
12572.68,1
6435.7,1
2540.91,1
13334.76,1
1209.52,1
14031.83,1
12412.15,1
1347.09,1
19157.47,1
7890.87,1
14803.5,1
3176.39,1
2520.41,1
6803.05,1
11164.04,1
10860.29,1
3542.63,1
3905.26,2
17714.2,1
16069.45,1
1050.69,1
12554.58,1
6906.85,1
613.11,1
3528.78,1
9700.4,1
9264.85,1
17878.52,1
5268.85,1
15043.64,1
1011.62,1
3427.9,1
7233.55,1
7025.44,1
4834.59,1
4263.73,1
5583.27,1
12008.57,1
6508.57,1
3564.28,1
1373.32,1
3456.14,1
1003.25,1
3651.77,1
83.06,1
8274.01,1
20574.87,1
1561.2,1
6046.31,1
2170.05,1
2050.36,1
329.6,1
7632.86,1
8781.89,1
7337.13,1
19747.74,1
13676.74,1
908.96,1
3921.02,1
1011.9,1
17331.27,1
6495.7,1
1974.65,1
13836.67,1
541.52,1
9419.05,1
857.85,1
11993.85,2
3177.98,1
3364.73,1
7160.36,1
3816.41,1
2360.65,1
1826.4,1
1656.43,1
14886.79,1
531.6,1
10498.39,1
10339.64,2
1281.6,1
2407.66,1
3975.98,1
15221.19,1
12749.31,1
2459.98,1
1579.61,1
2466.01,1
58.74,1
10141.52,1
7671.89,1
5736.63,1
4782.36,1
4522.35,1
308.29,1
6595.96,1
8511.9,1
2593.98,1
11972.44,1
6036.74,1
8812.12,1
5012.66,1
885.49,1
13314.59,1
1716.6,1
2379.22,1
4260.19,1
13904.52,1
12475.83,1
9614.64,1
10783.74,1
1068.05,1
2093.2,1
2761.36,1
149.97,1
863.33,1
4734.64,1
4014.94,1
5349.74,1
11711.37,1
16087.1,1
228.81,1
24432.21,1
3911.31,1
2575.01,1
9590.83,1
5594.14,1
13745.89,2
2363.78,1
8474.93,1
859.05,1
9106.7,1
12520.09,1
6394.86,1
15669.77,1
6163.92,1
7993.1,1
5833.62,1
4764.81,1
2517.55,1
587.53,1
3117.83,1
12365.97,1
12027.82,1
7180.06,1
1336.84,1
4296.23,1
8203.55,1
13400.12,1
2930.36,1
10676.51,1
13314.69,1
10031.29,1
14728.86,1
6008.81,1
4705.01,1
7180.93,1
2246.57,1
5320.63,1
3687.11,1
10752.46,1
3258.62,1
80.1,1
16215.87,1
15316.61,1
7255.87,1
1511.33,1
2967.22,1
11341.05,1
9616.8,1
5153.15,1
15329.07,1
12131.66,1
10671.85,1
8275.98,1
2934.41,1
2054.17,1
7567.76,1
4268.08,1
2645.79,1
1156.03,1
8222.49,1
7881.57,1
2507.57,1
9062.04,1
7167.5,1
12678.46,1
1634.09,1
11811.92,1
3916.15,1
4163.87,1
13864.71,1
7416.71,1
14794.51,1
637.5,1
1783.12,1
884.2,1
17505.7,1
5846.23,1
8423.1,1
3119.58,1
4017.5,1
1546.87,1
7326.97,1
15241.79,1
2172.61,1
3420.41,1
8465.85,1
13027.69,1
11222.74,1
13571.43,1
3920.69,1
11128.62,1
18357.93,1
3748.42,1
5339.59,2
7245.98,1
10075.74,1
2401.46,1
2400.56,1
5459.84,1
13123.97,1
897.9,1
1421.84,1
4197.54,1
3955.33,1
1955.9,1
4038.17,1
1524.76,1
11566.52,1
185.77,1
9217.1,1
18224.98,1
3757.11,1
10789.16,1
4800.14,1
11053.62,1
1575.07,1
7582.74,1
18117.07,1
799.5,1
8136.82,1
14181.4,1
4254.06,2
6049.17,1
13377.12,1
5887.6,1
7219.63,1
14734.67,1
7262.76,1
15172.06,1
2901.81,1
7078.7,1
4988.94,1
3823.37,1
7315.84,1
214.83,1
3562.15,1
8044.27,1
4550.57,1
8548.08,1
7566.7,1
8671.29,1
17208.55,1
267.01,1
1701.32,1
3682.93,1
9768.58,1
15666.78,1
1683.0,1
9504.26,1
13529.84,1
5701.65,1
3864.49,1
8828.81,1
1116.89,1
2176.74,1
2655.16,2
3765.68,1
11777.71,1
118.36,1
8568.83,1
1323.67,1
3962.43,1
17115.48,1
358.69,1
4163.88,1
4507.12,1
141.89,1
8275.28,1
16409.45,1
14804.02,1
12822.51,1
4157.0,1
5462.55,1
2755.78,1
4554.34,1
9933.54,1
15877.85,1
12828.26,1
5131.27,1
5762.7,1
7512.98,1
22900.28,1
1592.81,1
16623.05,1
5644.9,1
8616.61,1
9639.93,1
4289.16,1
19514.27,1
1370.77,1
8364.09,2
15239.84,1
3620.06,1
11733.72,1
227.34,1
12033.5,1
20723.83,1
6439.87,1
15011.96,1
3272.22,1
5095.91,1
3807.89,1
9218.41,1
2519.17,1
4277.64,1
4008.03,1
2992.23,1
10732.47,1
14580.81,1
2151.15,1
6798.73,1
1160.52,2
17721.1,1
6072.42,1
513.93,1
2856.55,1
5830.43,1
1525.44,1
179.56,1
4351.4,1
4215.92,1
5415.97,1
2543.2,1
15762.84,1
7131.19,1
2590.4,1
3964.8,1
12789.86,1
7048.24,1
1718.07,1
4129.96,1
2905.5,1
1377.05,1
4209.91,1
15481.67,1
1313.72,1
1554.59,1
4083.27,1
10473.46,1
3135.44,1
8000.83,1
12526.99,1
10409.94,1
5826.27,1
11876.33,1
1211.07,1
6373.19,1
77.7,1
3002.48,1
15220.7,1
181.83,1
10554.87,1
5108.42,1
5943.95,1
9074.95,1
4171.89,1
3392.43,1
6603.89,1
11412.73,1
4001.79,1
4235.65,1
20643.57,1
4064.88,1
5370.57,1
292.7,1
6804.11,1
7580.96,1
3339.92,1
3336.71,1
1194.08,1
2842.12,1
10567.67,1
1906.54,1
22506.28,1
3021.28,1
8440.51,1
7245.53,1
17254.75,1
7636.45,1
20402.86,1
1685.69,1
6431.09,1
170.98,1
10136.05,1
16794.45,1
11888.54,1
21483.15,1
12169.44,1
2970.96,1
17499.32,1
10719.79,1
17027.37,1
5815.91,1
3084.09,1
1815.83,1
1716.1,1
11999.92,1
6858.0,1
13328.39,1
16678.11,1
3857.14,1
6270.75,1
4308.57,1
384.74,1
7034.18,1
2200.61,1
1637.19,1
2017.9,1
19513.07,1
5413.63,1
2629.89,1
1948.84,1
3049.64,1
7200.63,1
3382.45,1
2916.63,1
480.81,1
2651.55,1
4053.28,1
18547.58,1
2434.39,1
7340.19,1
4090.41,1
9681.72,1
12236.61,1
731.92,1
10905.97,2
23622.81,1
17041.29,1
160.66,1
2845.38,1
13913.99,1
4113.82,1
27.91,1
1749.24,1
6351.87,1
4345.41,1
3689.36,1
148.47,1
1383.13,1
693.76,1
6738.97,1
18886.93,1
11831.05,1
2861.17,1
1109.4,1
9657.4,1
17753.92,1
2262.29,1
435.13,1
7194.24,1
9032.2,1
8891.3,1
9149.21,1
5642.92,1
5791.73,1
4161.15,1
3003.89,1
2881.85,1
1344.74,1
431.93,1
7770.71,1
292.71,1
2308.56,1
7041.56,1
7359.26,1
1390.78,1
4203.83,1
10729.98,1
83.52,1
4015.4,1
9565.17,1
4165.11,1
2532.71,1
1191.19,1
179.95,1
3697.23,1
5622.73,1
3798.22,1
3043.19,1
1526.15,1
7444.17,1
1168.16,1
2549.73,1
8178.4,1
14223.63,1
11799.49,1
2409.64,1
19828.71,1
6974.19,1
7253.68,1
6745.76,1
2146.28,1
3487.89,1
3498.17,2
15881.63,1
2984.53,1
3794.28,1
1279.0,2
8330.35,1
6823.07,1
518.41,1
6744.25,1
5072.83,1
448.45,1
8930.2,1
8065.37,1
11765.65,1
12749.51,1
14297.11,1
7401.83,1
869.8,1
7742.29,1
9429.72,1
10477.93,1
3124.22,1
1696.52,1
465.52,1
4229.34,1
8702.32,1
2906.53,1
12087.99,1
1267.29,1
22034.06,1
370.69,1
6194.62,1
2258.3,1
435.35,1
2305.38,1
17226.14,1
3871.24,1
11239.0,1
2488.31,1
14978.0,1
19607.72,1
7764.34,1
1522.18,1
6013.82,1
17122.23,1
707.59,1
10983.8,1
2531.6,1
3357.19,1
2570.68,1
1099.29,1
117.43,1
12268.47,1
1535.56,2
2273.57,1
4009.98,1
2582.42,1
305.38,1
1129.25,1
3565.42,1
12007.24,1
12014.48,1
6028.75,1
2539.71,1
2180.75,1
284.4,1
853.62,1
6893.55,1
6923.98,1
7571.81,1
3223.43,1
90.02,1
14583.45,1
10251.4,1
261.43,1
2458.02,1
13326.47,1
4146.57,1
6515.2,1
17158.27,1
2328.02,1
5370.75,1
2241.68,2
3797.78,1
6971.89,1
5919.94,1
1758.45,1
12532.11,1
9822.05,1
3233.65,1
2066.78,1
8196.42,1
6739.52,1
5635.68,1
6697.8,1
2705.66,1
7616.52,1
1816.54,1
1223.78,1
924.74,1
3575.7,1
4152.29,1
11045.81,1
8524.92,1
7450.65,1
1375.68,1
9850.37,1
4501.27,1
1193.05,1
6060.81,1
12394.55,1
10885.88,1
10307.1,1
13497.12,1
1994.62,1
7518.23,1
19390.65,1
11262.52,1
1070.82,1
6146.24,1
156.12,1
1061.56,1
631.26,1
22483.91,1
4686.91,1
4522.04,1
7795.4,1
18279.1,1
1453.84,1
146.84,1
1620.39,1
5296.95,1
7864.03,1
3150.16,1
9564.46,1
18914.34,1
21585.73,1
1637.02,1
9303.18,1
1226.94,1
4662.33,1
1450.24,1
6816.22,1
2789.47,1
3606.5,1
20676.9,1
12190.29,1
10259.85,1
2275.32,1
3011.12,1
1530.87,2
2712.22,1
2870.52,1
15688.06,1
13553.08,1
5050.33,1
4413.97,1
9535.66,1
4137.28,1
2568.1,1
10250.66,1
8558.98,1
4369.32,1
1199.12,1
5033.82,1
4550.68,1
765.01,1
3690.64,1
616.51,1
3203.93,1
8648.85,1
2509.91,1
890.14,1
1737.75,1
3359.03,1
1057.4,1
6337.56,1
5730.27,1
2754.66,1
622.44,1
19382.74,1
3034.86,1
2318.2,1
11853.27,1
7252.5,1
7163.61,1
17616.48,1
282.21,1
6784.7,1
8968.99,1
13892.81,1
11132.86,1
10924.76,1
6078.44,1
15489.17,1
9055.98,1
21284.91,1
4057.63,1
15536.62,1
1748.58,1
8826.19,1
9695.98,1
16723.36,1
9435.77,1
8454.28,1
181.0,1
13451.43,1
4945.01,1
1446.43,1
7456.92,1
23921.36,1
12255.7,1
239.77,1
1120.18,1
3432.3,1
443.19,1
10572.78,1
918.44,1
16742.98,1
5495.32,1
14387.82,1
4212.98,1
1525.3,1
3662.99,1
2370.13,1
14997.08,1
15109.66,1
9324.8,1
4529.94,1
5449.22,2
12381.82,1
4797.57,1
5042.89,1
12223.09,1
6693.19,1
7958.75,1
19600.29,1
2811.72,1
2917.79,1
12785.75,1
317.46,1
9671.12,1
138.78,1
7186.27,1
19456.24,1
4807.31,1
5422.99,1
2017.3,1
17360.83,1
14323.75,1
6086.23,1
2035.46,1
12214.35,1
18975.68,1
424.57,1
7983.72,1
3474.56,1
2184.76,1
6767.54,1
4553.02,1
7224.81,1
4234.24,1
3091.78,1
15048.58,1
5173.49,1
12327.88,1
132.48,1
5134.96,1
6120.63,1
8156.33,1
1400.57,1
11098.42,1
6878.64,1
5102.13,1
12348.07,1
4823.31,1
2722.92,2
8306.1,1
1468.74,1
7114.78,1
8738.28,1
3675.27,1
2399.63,1
2025.93,1
5345.68,1
9603.82,1
3012.94,1
5983.18,1
3031.55,1
15751.85,1
3389.93,1
6088.42,1
5835.63,1
4344.42,1
24607.82,1
12731.75,1
2374.68,2
7410.9,1
5335.72,1
137.54,1
15812.63,1
2276.12,1
147.43,1
5489.83,1
9919.7,1
3915.07,1
6072.52,1
13395.62,1
15344.12,1
1845.72,1
3302.34,1
10935.08,1
15599.96,1
3564.71,1
9854.87,1
338.07,1
10438.43,1
1168.13,1
193.23,1
10323.64,1
10110.15,1
2380.01,1
15420.62,1
1178.09,1
9765.08,1
7294.91,1
14806.4,1
13976.92,1
9705.53,1
6260.57,1
7048.37,1
5452.07,1
6454.55,1
4797.79,1
3138.03,1
6935.12,1
4927.33,1
3155.82,1
17641.97,1
1670.52,1
8873.34,1
7021.45,1
21273.02,1
1118.89,1
8157.11,1
2703.91,1
18822.34,1
9157.94,1
12094.74,1
5626.24,1
3667.77,1
1951.01,1
5429.07,1
11756.22,1
961.23,1
12793.25,1
1281.56,2
7320.17,1
5002.92,1
16983.16,1
2352.2,1
3762.39,1
2009.31,1
3502.23,1
4330.7,1
3558.94,1
26.49,1
2301.4,2
4822.35,1
1762.28,1
3236.12,1
3010.07,3
449.89,1
1817.51,1
3483.58,1
1988.25,1
6024.86,1
4420.86,1
5380.36,1
7714.6,1
11922.12,1
7217.4,1
3065.67,1
15381.51,1
10493.86,1
11472.06,1
818.19,1
18468.53,1
5995.51,1
5568.0,1
14572.91,1
388.92,1
2442.56,1
3299.58,1
6130.47,1
8381.48,1
18453.39,1
17474.99,1
2272.0,2
7695.79,1
1784.29,1
8275.18,1
11116.59,1
11746.87,1
11284.59,1
4037.97,1
20055.61,1
4847.04,1
19004.4,2
6882.67,1
76.39,1
78.19,1
3663.97,1
7260.99,1
5010.69,1
2372.34,1
13009.78,1
6967.55,1
3180.18,1
2513.66,1
2927.91,1
10737.88,1
10527.36,1
75.76,1
16728.74,1
3126.69,1
376.65,1
11997.18,1
7300.47,1
7347.66,1
3617.85,1
11955.26,1
9130.02,1
1644.03,1
15470.25,1
3920.26,1
1104.73,1
1881.5,1
8634.84,1
5006.46,1
2734.75,1
5870.26,2
3572.27,1
12317.62,1
21768.84,1
2120.03,1
3681.25,1
12805.55,1
10529.89,1
13234.28,1
2488.11,1
4335.33,1
9414.71,1
3654.15,1
3793.85,1
16274.8,1
510.86,1
6670.07,1
8892.23,1
3638.29,1
12952.14,1
737.79,1
13186.4,1
4420.94,1
9474.32,1
4324.58,1
8265.62,1
17137.06,1
13434.58,1
16815.96,1
7607.65,2
1695.3,1
3305.57,1
14481.94,1
4499.62,1
2473.88,1
18180.85,1
971.06,1
983.01,1
3888.86,1
7757.37,1
1305.15,1
19793.58,1
849.65,1
1126.97,1
768.4,1
441.64,1
14434.5,1
2532.8,1
16634.87,1
6587.71,1
3323.7,1
4301.29,1
3046.64,1
15386.93,1
1135.4,1
581.11,1
623.51,1
5839.54,1
2327.41,1
10941.61,1
2944.81,1
2333.11,1
7638.9,1
9588.3,1
544.28,1
2648.03,1
3573.8,1
6144.34,1
5970.28,1
2444.45,2
2087.96,1
18668.49,1
331.05,1
1249.07,1
9953.83,1
201.88,1
895.78,1
8162.95,1
4755.55,1
8019.96,1
5593.72,1
6617.82,1
6330.38,1
364.45,1
3560.78,1
14264.89,1
9301.24,1
11557.31,1
4831.42,1
8473.79,1
1150.86,1
852.13,1
4373.32,1
22421.86,1
434.33,1
1997.08,2
3250.9,1
10430.56,1
1466.85,1
97.47,1
13758.73,1
6633.98,1
17399.66,1
13465.82,1
3226.55,1
7502.46,1
16029.96,1
2496.33,1
2896.41,1
8342.37,1
80.47,1
3711.1,1
1705.34,1
6840.44,1
9077.67,1
7575.48,1
7289.7,1
17759.31,1
17254.06,1
577.1,1
10899.61,1
5686.07,1
569.9,1
11498.43,1
7303.76,1
150.97,1
1647.61,1
3000.51,1
4570.25,1
15484.93,1
12299.92,1
3814.06,1
5944.65,1
11442.83,1
14451.78,1
2489.54,1
4053.66,1
2546.06,1
10612.06,1
3489.65,1
5799.33,1
4170.98,1
8220.82,1
11144.74,1
10304.37,1
3040.04,1
6710.65,1
1439.95,1
8308.03,1
8925.36,1
153.84,1
4584.01,1
4554.38,1
11319.42,1
13455.48,1
2412.12,1
1706.89,1
3220.1,1
301.49,1
9602.36,1
9842.23,1
1647.59,1
2490.24,1
7816.13,1
2568.93,1
6138.51,1
9541.31,1
21617.83,1
10401.09,1
4862.1,1
4195.27,1
4939.23,1
13022.08,1
10961.34,1
1789.33,1
831.67,1
1178.16,1
10165.45,1
3856.88,1
9423.72,1
3750.36,1
11208.74,1
2573.82,1
16862.01,1
3977.07,1
2628.56,1
6207.76,1
1715.1,1
14141.94,2
3695.65,1
14421.39,1
12174.7,1
10488.86,1
3526.48,1
20976.27,1
538.62,1
9205.67,1
17314.39,1
9867.72,1
4473.93,1
1182.78,1
3612.25,1
2163.11,1
7815.86,1
5292.72,1
14072.6,1
11188.58,1
2789.39,1
14476.46,1
5963.77,1
720.43,1
103.67,1
2088.57,1
18281.55,1
2133.84,1
5014.19,1
5395.35,1
1466.52,1
3174.09,1
8079.39,1
390.61,1
5587.26,1
6163.06,1
2251.61,1
10069.65,1
17131.95,1
20308.58,1
2731.92,1
2066.7,1
11436.14,1
2562.66,1
10930.72,1
12744.58,1
21183.35,1
18392.15,1
774.48,1
2494.5,1
676.62,1
13152.08,1
10224.34,1
8037.85,1
3134.57,1
2276.98,1
586.9,1
2786.61,1
13866.74,1
3065.95,1
13881.37,1
1444.33,1
2013.58,1
504.93,1
24454.88,1
14505.63,1
12290.41,1
367.54,1
12909.34,1
13199.59,1
3724.95,1
7031.06,1
2820.62,1
21056.75,1
1537.57,1
1466.0,1
471.4,1
13121.07,1
2519.72,1
3621.31,1
3041.61,1
8547.82,1
3034.33,1
4390.93,1
2309.57,1
5856.94,1
603.41,1
2372.9,1
1641.54,2
6302.63,1
7418.68,1
5627.9,1
7217.23,1
3367.78,1
2042.9,1
7078.9,1
22798.01,1
3180.25,1
6314.76,1
13191.59,1
2726.5,1
21243.26,1
404.4,1
3395.08,1
5153.83,1
3974.05,2
4288.05,1
11540.5,1
3356.24,1
10338.65,1
7076.68,1
4325.18,1
19247.74,1
13892.02,1
2006.58,1
5648.69,1
3994.94,1
5792.53,1
356.61,2
68.73,1
9791.02,1
5416.46,1
11824.39,1
3208.76,1
3794.57,1
9124.32,1
504.35,1
117.03,2
3187.49,1
10474.25,2
1954.88,1
21503.1,1
1341.73,1
4281.13,1
1458.34,1
8508.57,1
449.47,1
3302.76,1
7069.87,1
18961.74,1
23388.23,1
12815.72,1
5706.3,1
4101.25,1
993.96,1
7049.67,1
3524.77,1
10520.04,1
13313.77,1
6228.17,1
2170.9,1
7046.56,1
4217.78,1
1516.11,1
1104.41,1
18271.71,1
157.05,1
11940.35,1
14456.36,1
3020.17,1
8222.81,1
1461.26,1
9423.62,1
9030.5,1
9487.2,1
9545.33,1
304.17,1
12249.52,1
7168.19,1
183.82,1
19004.85,1
3653.51,1
1319.2,1
2978.33,1
16886.03,1
5749.71,1
14419.84,1
7903.97,1
7841.65,1
8159.18,1
2875.92,1
5626.97,1
3940.47,1
460.14,1
11753.74,1
2715.57,1
11651.76,1
10542.41,1
4844.8,1
2661.75,1
10239.88,1
2405.69,1
6099.87,1
2180.06,1
3580.69,1
16053.19,1
6917.02,1
12288.3,1
7389.87,1
3051.51,1
12974.39,1
16539.73,1
14819.47,1
2108.16,1
14060.76,1
18995.79,1
803.06,1
6902.09,1
2585.37,1
6754.33,1
5522.11,1
14167.16,1
3223.78,2
5437.53,1
12272.74,1
2810.79,1
3978.49,1
2009.54,1
2110.85,2
7742.78,1
5802.88,1
13665.53,1
5416.3,1
3009.31,1
5865.36,1
8609.65,1
16306.07,1
8198.42,1
2673.57,1
1574.08,1
2189.49,2
8693.09,1
4039.58,1
7917.0,1
6035.19,1
11552.23,1
16072.85,1
7135.35,1
2440.8,1
1781.34,1
6100.73,1
10622.1,1
23349.65,1
6974.89,1
4460.19,1
14669.59,1
17204.67,1
5833.31,1
17955.41,1
30.58,1
8017.44,1
8501.82,1
7085.58,1
2306.03,1
2741.67,1
5106.1,1
7662.63,1
4830.11,1
2934.27,1
13492.34,1
1054.29,1
17443.84,1
15384.9,1
1725.22,1
2441.41,1
13552.19,1
2036.53,1
15882.74,1
10203.93,1
7831.29,1
7558.92,1
195.06,1
16351.08,1
15918.72,1
804.48,1
3245.73,1
2788.28,1
7052.51,1
1997.91,1
8870.07,1
21841.46,1
8310.83,1
2577.52,1
13861.77,1
3052.3,1
21761.8,1
15246.65,1
10819.57,1
4745.96,1
6581.12,1
6172.96,1
2216.02,1
9866.71,1
1200.81,1
553.65,1
10036.13,1
5365.05,1
3172.89,1
2220.26,1
19856.31,1
6691.81,1
2031.63,1
17865.92,1
9565.83,1
7490.76,1
16685.7,1
16522.66,1
3705.44,1
17393.44,1
3218.78,1
6772.98,1
2994.0,1
6180.28,1
14311.22,1
4167.33,1
471.35,1
17083.95,1
12728.3,1
4131.1,1
8358.81,1
13450.03,1
6709.55,1
7870.98,1
2836.36,1
3842.07,1
6329.2,1
7261.71,2
3129.0,1
1412.53,1
2903.68,1
4011.48,1
816.86,1
3236.59,1
2578.32,1
8483.69,1
7930.96,1
1143.52,1
5253.93,1
10749.34,1
9909.1,1
1179.63,1
16614.07,1
4183.79,1
12683.58,1
6729.06,1
14788.42,1
7574.87,1
8807.62,1
3219.15,1
18857.3,1
7855.43,1
4374.6,1
2678.23,1
656.63,1
305.04,1
3166.74,1
1994.59,1
4939.88,1
4962.39,1
17090.92,1
19701.26,1
15162.75,1
996.65,1
4273.69,1
10735.74,1
2958.86,1
1191.09,1
5424.39,1
5974.92,1
8983.13,1
15220.21,1
7862.91,1
405.66,1
632.12,1
10047.07,1
1698.78,1
14178.45,1
11096.76,1
375.09,1
10749.99,1
1490.6,1
3823.8,1
1109.09,1
7223.77,1
4741.2,1
3076.71,1
3148.19,1
3526.41,1
656.03,1
4223.04,1
13496.56,1
1190.69,1
2418.09,1
858.78,1
766.98,1
1350.1,1
6154.91,1
4803.55,1
9011.21,1
13429.2,1
142.83,1
9667.24,1
4155.37,1
16009.56,1
1158.67,1
16611.72,1
8100.82,1
2856.3,1
1937.23,1
1572.53,1
314.89,1
14339.83,1
22766.71,1
295.41,1
7073.79,1
7803.67,1
3356.58,1
17092.23,1
788.21,1
6486.38,1
3691.51,1
4435.51,1
4307.32,1
4826.26,1
13461.35,1
13398.66,1
3359.25,1
1731.67,1
21218.84,1
2178.12,1
3890.2,1
19172.43,1
2079.74,1
2212.63,1
8274.57,1
2079.59,1
11052.41,1
5750.41,1
3571.57,1
2303.23,1
8073.39,1
8892.46,1
2380.95,1
4202.94,1
989.05,1
9214.27,1
5817.86,1
7531.12,1
14809.59,1
3616.64,1
3427.34,1
5921.53,1
11072.09,1
18770.44,1
1110.15,1
15724.49,1
1068.19,1
2236.66,1
439.16,1
4426.1,2
7167.73,1
1582.88,1
8787.71,1
3315.98,1
18185.58,1
9723.6,1
5879.27,2
3642.69,1
674.31,1
4929.5,1
783.35,1
1395.24,1
6787.07,1
16710.16,1
7835.29,1
11694.6,1
7114.18,1
4090.68,1
7160.09,1
6961.39,1
8106.77,1
3188.07,1
10217.88,1
3687.79,1
12596.32,1
6001.05,1
256.62,1
3258.58,1
7859.97,1
3050.15,1
3304.18,1
6805.88,1
926.42,1
7506.28,1
7773.32,1
11283.6,1
80.97,1
2641.24,1
985.2,1
3763.49,1
1898.24,1
1970.82,1
6850.99,1
5154.36,1
2524.61,1
12161.67,1
2402.08,1
16351.34,1
2968.99,1
6384.72,1
2463.51,1
13461.21,1
5424.95,1
1471.91,1
2388.82,1
6935.03,1
27.44,1
6135.38,1
3443.81,1
7889.43,1
4478.07,1
1988.1,1
15782.58,1
2298.26,1
2580.67,1
8333.11,1
6435.52,1
7323.41,1
8320.79,1
2377.03,1
13003.14,1
4448.09,1
3794.02,1
3078.19,1
2286.3,1
14511.37,1
4506.72,1
4942.4,1
14341.73,1
2997.65,1
1250.67,1
2943.36,1
17384.47,1
12402.3,1
5345.74,1
7426.36,1
2337.72,1
3442.35,1
2318.63,1
4447.59,1
12233.67,1
6701.6,1
16663.42,1
8167.37,1
1609.53,1
622.18,1
3648.98,1
1638.79,1
2465.43,1
8108.6,1
7252.41,1
289.22,1
12298.07,1
1291.74,1
7482.7,1
1241.72,1
3490.7,1
5654.11,1
6021.4,1
2687.22,1
3455.46,1
5338.67,1
20704.33,1
10627.99,1
1002.72,1
8485.83,1
2054.77,1
2650.58,1
12252.85,1
12901.61,1
9152.66,1
763.15,1
3809.8,1
2099.17,1
7842.29,1
2870.23,1
2005.66,1
2032.74,1
8325.02,1
13930.62,1
1644.29,1
3831.33,1
550.22,1
473.72,1
3750.67,1
9134.04,1
7201.47,1
7277.86,1
853.66,1
12951.56,1
367.92,1
1500.15,1
3590.04,1
12699.82,1
3022.05,1
3602.12,1
20030.41,1
14611.66,1
12748.04,1
12729.25,1
9717.31,1
8434.29,1
2640.13,1
2568.07,1
3316.53,1
17656.68,1
866.14,1
11231.3,1
3466.71,2
681.72,1
6173.51,1
8331.67,1
5416.94,1
12512.5,1
12381.39,1
7609.08,1
3367.37,1
7484.09,1
16931.21,1
18433.53,2
20847.78,1
17439.58,1
2825.39,1
1324.78,1
198.18,1
4162.91,2
14987.38,1
1197.49,1
1201.53,1
7950.04,1
2999.79,1
7574.42,1
3229.45,1
98.24,1
6563.17,1
3010.31,1
3643.89,1
17224.9,1
3643.07,2
1687.86,1
11552.9,1
9917.2,1
3964.94,1
2264.09,1
14939.92,1
14090.69,1
3293.65,1
1681.82,1
397.52,1
3951.45,1
2508.51,1
1800.14,1
2388.3,1
4294.34,1
11841.93,1
16539.08,1
6955.26,1
625.02,1
5600.73,1
3136.75,1
13209.32,1
3009.89,1
798.89,1
1429.91,1
18193.32,1
7041.8,1
14112.24,1
4117.33,1
10116.23,1
14351.83,1
2591.37,1
3307.12,1
2980.47,1
4597.26,2
8268.86,1
4817.7,1
3175.24,1
9305.81,1
12118.0,1
4093.02,1
2064.18,2
6043.86,1
9239.95,1
2663.97,1
283.1,1
531.26,1
7683.51,1
3330.25,1
3343.47,1
7171.67,1
2738.33,1
17665.97,1
11167.71,1
4607.37,2
6808.38,1
15416.75,1
2189.1,1
3349.23,1
16555.08,1
4574.86,1
89.79,1
8405.07,1
3665.28,1
3016.7,1
5926.11,1
21318.33,1
431.89,1
11525.16,1
4285.82,1
2011.47,1
3112.43,2
2609.84,1
3632.48,1
12032.61,1
269.56,1
19870.26,1
8316.53,1
4581.13,1
15122.73,1
18693.73,1
3616.13,1
3833.03,1
2780.98,1
1861.91,1
7826.97,1
619.51,1
18235.64,1
3802.44,1
8559.78,1
14664.59,1
7179.05,1
5005.89,1
2022.32,1
6814.39,1
3284.87,1
1758.8,1
2397.01,1
4418.87,1
6915.7,1
8046.08,1
1788.66,1
14502.21,1
13991.81,1
653.4,1
3592.49,1
127.75,1
3449.96,1
12110.87,1
17949.98,1
405.4,1
10902.17,1
3855.43,1
437.2,2
137.67,1
9753.99,1
7001.07,1
5230.58,1
1511.34,1
14299.35,1
2345.36,1
15214.69,1
20640.43,1
1369.43,1
12130.71,1
3822.86,1
11848.23,1
17143.73,1
9029.74,1
7779.4,1
4620.46,1
16796.8,1
5623.41,1
616.1,1
5363.51,1
889.66,1
9351.55,1
8385.44,1
3604.48,1
19595.22,1
16282.6,1
14584.79,1
7157.5,1
2003.3,1
1349.24,1
4190.46,1
3063.6,1
4173.51,1
12929.33,1
13883.62,1
11652.75,1
674.15,2
11975.81,1
3311.55,1
13332.66,1
7033.98,1
2109.89,1
2493.28,1
793.32,1
4383.09,1
60.35,1
1259.52,1
3703.13,1
11685.27,1
5195.98,1
12037.93,1
12716.25,1
1781.15,1
14137.34,1
2341.61,1
12705.94,1
14584.25,1
4595.27,2
506.9,1
7595.2,1
4167.95,1
860.19,1
15543.93,1
18046.83,1
2370.48,1
8208.29,1
12852.12,1
4260.35,1
600.1,1
5661.51,1
18763.43,1
14346.04,1
7197.25,1
5098.29,1
1779.38,1
1708.58,1
8760.31,1
7659.73,1
438.21,1
1431.6,1
2660.12,1
5622.26,2
10274.87,1
3732.33,1
10977.99,1
2896.86,2
7290.11,1
3203.12,1
12401.55,1
10203.94,1
16566.15,1
6698.75,1
6862.11,1
9616.81,1
9282.75,1
8147.49,1
4556.53,2
5252.5,1
7481.58,1
5496.58,2
420.65,1
5901.21,1
6136.98,1
13246.47,1
1490.98,1
3643.44,1
14694.39,1
5396.98,1
1760.74,1
1957.94,1
9689.12,1
16180.56,1
2877.49,1
7091.84,1
8354.52,1
1376.19,1
8399.94,1
4426.6,1
2736.12,1
19469.01,1
1299.26,1
1718.96,1
3602.96,1
815.18,1
3740.83,1
11141.07,1
9011.96,1
3028.72,1
7453.97,1
9294.02,1
9016.71,1
3838.6,1
6352.75,1
5012.87,1
5484.41,1
8068.74,1
9480.58,1
3746.43,1
14779.22,1
983.16,1
378.3,1
19522.01,1
8126.22,1
9920.8,1
8113.15,1
1524.16,1
3932.18,1
5632.7,1
1457.94,1
1548.64,1
16918.34,1
2804.84,1
139.44,1
4449.76,1
3063.32,1
5537.28,1
5400.3,1
12391.11,1
3027.38,1
116.23,1
1578.64,1
11813.22,1
6781.41,1
14207.78,1
1548.46,2
3921.51,1
15968.83,1
9329.19,1
20958.4,1
1477.58,1
17990.77,1
15810.44,1
9112.21,1
13022.05,1
6323.81,1
6932.51,1
4633.07,1
3027.55,1
6984.2,1
11565.91,1
5952.13,1
4072.79,1
7194.47,1
15222.56,1
13880.76,1
7974.54,1
8052.73,1
8589.64,1
2229.95,1
6702.19,1
10166.85,1
663.71,1
513.05,2
1947.77,1
11781.13,1
6626.72,1
16734.04,1
6574.54,1
16727.55,1
14756.6,1
5773.09,1
4352.82,1
6416.31,1
1876.94,1
5316.33,1
1189.19,1
15983.02,1
9064.34,1
3722.42,1
2266.6,1
402.14,1
2470.84,1
17075.32,1
8503.77,1
3227.99,2
14395.56,1
1560.83,1
16365.86,1
1097.8,1
1561.46,1
4209.4,1
6456.85,1
18821.84,1
11039.88,1
1445.81,1
3784.97,1
9067.71,1
1683.45,1
1774.42,1
1230.54,1
6572.47,1
3862.94,1
7902.67,1
13783.9,1
3603.75,1
8131.93,1
8988.24,1
8443.91,1
508.88,1
7501.46,1
2809.56,1
2393.2,1
3356.86,1
6954.2,1
3603.18,1
3717.88,1
3438.19,1
11181.16,1
8453.42,1
5892.66,1
2971.45,1
157.93,1
16827.78,1
334.99,1
14172.89,1
9486.96,1
5250.48,1
15390.17,1
7559.62,1
6748.47,1
1588.12,1
3059.33,1
4455.72,1
14768.0,1
3248.53,1
13177.51,1
1180.13,1
2614.58,1
5024.04,2
819.28,1
9091.24,1
10111.09,1
1023.45,1
7768.5,1
6672.4,1
6466.08,1
297.33,1
10961.17,1
1464.52,1
915.29,1
1993.03,1
13620.43,1
2678.3,1
13684.27,1
13748.85,1
5626.81,1
12489.37,1
2769.16,1
16352.64,1
1131.77,1
4949.13,2
1852.04,1
3912.54,1
5435.5,1
16171.12,1
4782.51,1
2857.14,1
3728.61,1
6905.01,1
2929.01,1
5775.45,1
2752.84,1
2465.68,1
3337.25,1
12942.53,1
17458.33,1
287.05,1
10481.41,1
15912.03,1
12767.08,1
1557.65,1
5194.83,1
8611.63,1
9892.9,1
5833.01,2
21090.73,1
6185.3,1
3209.07,1
6189.68,1
2830.29,1
1541.74,1
16941.51,1
7753.29,1
13862.46,1
9059.14,1
3022.34,1
8645.16,1
521.0,1
12695.69,1
5704.13,1
1593.28,1
336.69,1
3482.0,1
19441.82,1
16544.87,1
6011.56,1
7854.88,1
15596.36,1
574.26,1
3922.01,1
3167.26,2
4592.78,1
560.78,1
8986.85,1
15838.33,1
3780.22,1
12769.37,1
9189.33,1
792.65,1
10852.83,1
1723.29,1
5611.4,1
209.1,1
2994.63,1
1320.76,1
13227.79,1
4783.69,1
13288.51,1
12545.08,1
6118.55,1
2068.22,1
7725.28,1
8727.52,1
12108.16,1
834.69,1
6136.92,1
8976.71,1
6830.9,1
4246.0,1
15952.91,1
12422.43,1
2524.88,1
1995.79,1
9920.48,1
1668.95,1
1365.78,1
10177.07,1
10575.66,1
8675.58,1
7166.04,2
80.99,1
3400.87,1
12684.39,1
24083.65,1
583.14,1
3279.01,1
17193.52,1
6235.06,1
19090.38,1
437.07,3
6504.33,1
5899.75,1
3630.85,1
541.19,1
1287.29,1
1513.86,1
2520.54,1
2480.87,1
806.0,1
6476.92,1
20626.42,1
16749.51,1
2398.48,1
13926.95,1
4220.42,1
7101.08,1
4032.22,1
2944.74,1
16395.93,1
1654.16,1
7898.5,1
7061.48,1
15329.96,1
12851.74,1
8503.76,1
7276.0,1
2032.94,1
559.94,2
4522.34,1
17708.89,1
17669.91,1
3722.32,1
10098.35,1
22841.41,1
2074.24,1
2506.56,1
4142.78,1
7852.86,1
7453.65,1
88.91,1
8762.43,1
1357.96,1
10569.25,1
19220.62,1
16583.57,1
18735.43,1
11751.84,1
3342.87,1
7790.18,1
3180.35,1
16528.44,1
9590.35,1
20543.31,1
593.21,1
3964.17,2
16168.24,1
929.83,1
909.43,1
7218.7,1
10385.21,1
4043.8,1
13063.89,1
1687.16,1
1961.72,1
10425.12,1
1197.88,1
2503.48,1
11344.1,1
5439.79,1
13833.84,1
8255.97,1
8605.38,1
6570.21,1
11423.89,1
7961.69,1
10333.75,1
3985.07,1
3849.47,1
1828.89,1
11156.56,1
7563.97,1
1206.05,1
8458.47,1
1570.72,1
15271.92,1
3338.83,1
2957.02,1
14403.99,1
13168.86,1
3989.98,2
9553.98,1
9600.48,1
2850.1,1
10039.3,1
9546.54,1
9856.19,1
8194.18,1
1659.17,1
14645.6,1
228.06,1
2027.0,1
2434.24,1
3413.17,1
318.37,1
615.98,1
5678.58,1
1957.26,1
1789.35,1
1088.75,1
9329.33,1
9954.94,1
1503.65,1
7465.41,1
20565.92,1
2921.84,1
1626.59,1
5396.81,1
6601.71,1
2496.34,1
6051.92,1
14425.64,1
17983.84,1
8774.48,1
8417.03,1
3783.2,1
6583.39,1
3108.18,1
2970.25,1
5765.79,2
2973.03,1
8417.12,1
1483.28,1
16116.39,1
1957.85,1
2280.46,1
6924.73,1
4060.75,1
6242.8,1
11371.22,1
10347.51,1
2885.11,1
16972.58,1
5294.17,1
8037.56,1
11853.72,1
2935.42,1
2542.73,1
2626.48,1
10432.84,1
894.85,1
12681.53,1
3818.8,1
4108.33,1
4759.56,1
833.12,1
7238.06,1
16593.93,1
1708.17,1
19368.06,1
1667.82,1
4805.64,1
6925.21,1
5792.44,1
807.67,1
6986.82,1
11027.39,1
13125.98,1
6195.43,1
3092.85,1
5271.76,1
7387.82,1
14379.81,1
10445.74,1
4369.09,1
1456.44,1
10422.04,1
15746.99,1
7491.61,1
6540.2,1
6289.02,1
8127.38,2
2789.06,1
5912.47,1
3854.14,1
3879.78,1
16404.04,1
22737.37,1
6872.97,1
6016.15,1
9724.89,1
6662.15,1
7282.29,1
10043.82,1
3438.7,1
274.38,1
5296.94,1
3976.33,1
14063.9,1
4763.61,1
1180.49,1
6422.59,1
9079.97,1
2036.9,2
4942.27,1
15161.62,1
1964.69,1
1560.2,1
2165.83,1
17271.23,1
13626.07,1
2410.8,2
17252.09,1
7825.1,1
3302.26,1
2158.55,1
3952.21,1
3196.83,1
14206.42,1
3803.9,1
1797.61,1
2991.94,1
6248.31,1
6588.15,1
1687.85,1
4969.73,1
10142.91,1
4186.15,1
11328.4,1
7305.75,1
4155.31,1
3800.31,1
9629.12,1
9781.95,1
11987.41,1
10673.65,1
4208.03,1
3710.38,1
4792.39,1
6220.28,1
4674.43,1
7539.65,1
1270.93,1
12413.58,1
3119.26,1
118.69,1
13849.22,1
8324.02,1
6848.58,1
16092.11,1
15271.9,1
3926.64,1
8253.95,1
1223.08,1
656.58,1
1947.74,1
2218.73,1
1607.3,1
4734.33,1
508.23,1
1485.64,1
7955.43,1
4334.19,2
3797.8,1
4578.11,1
8816.79,1
8176.25,1
6658.5,1
1944.01,1
7496.18,1
578.54,1
1391.83,1
14816.38,1
2628.12,1
11609.37,1
8948.79,1
21479.49,1
9880.17,1
4696.09,1
3564.07,1
12123.59,1
1825.23,1
11800.25,1
4873.86,1
2261.42,1
7366.38,1
6511.64,1
9128.65,1
12986.01,1
4409.09,1
75.56,1
12367.04,1
9968.06,1
8180.11,1
862.83,1
10232.81,1
12974.74,1
18951.45,1
10382.01,1
2027.65,1
5446.41,1
4338.85,1
7225.25,1
5374.18,1
10878.8,1
7920.36,1
12873.12,1
2112.04,1
981.4,1
3562.35,1
6773.98,1
3124.29,1
1334.69,1
2028.94,1
3750.13,2
6704.87,1
12293.05,1
2878.78,1
340.52,1
1689.12,1
3005.04,1
3009.82,1
5196.1,1
9546.69,1
12835.1,1
2861.07,1
15032.07,1
17809.04,1
6338.18,1
10122.08,1
13923.4,1
5453.98,1
9436.72,1
6060.41,1
7554.54,1
2429.42,1
214.01,1
3126.6,1
1484.76,1
844.32,1
7043.51,1
3691.16,1
12379.52,1
3194.43,1
11417.93,1
1873.42,1
12002.34,1
1842.28,1
2367.36,1
6793.97,2
3034.19,1
2364.69,1
2919.28,1
2368.73,1
12931.95,1
10509.51,1
538.86,1
14195.54,1
2341.58,1
11527.97,1
458.0,1
4457.1,1
1974.67,1
23922.0,1
10417.12,1
8794.93,1
9918.28,1
9549.2,1
528.57,1
3099.56,1
418.35,1
1280.4,1
16448.64,1
8389.52,1
2040.54,1
5594.34,1
3843.1,1
10976.51,1
1898.17,1
12737.52,1
8148.36,1
2852.49,1
7776.71,1
7966.01,1
12430.01,1
9448.12,1
20275.96,1
2768.33,1
11116.0,1
15539.52,1
20140.17,1
578.47,1
20799.51,1
19813.85,1
5465.89,1
3543.43,1
9484.25,1
14297.73,1
4293.13,1
1369.44,1
6614.79,1
7959.02,1
11647.39,1
3861.0,1
3410.21,1
4181.81,1
18676.94,1
681.15,1
2632.46,1
5337.29,1
7000.66,1
5617.8,1
16163.86,1
2334.41,1
1909.77,1
15551.46,1
150.41,1
4252.64,1
1000.81,1
6887.26,1
530.81,1
3343.48,1
7369.24,1
3249.13,1
7427.73,1
4525.29,1
8738.01,1
9196.36,1
14800.34,1
2868.14,1
7004.56,1
2756.95,1
9586.39,1
3631.44,1
8337.51,1
13248.41,1
10063.16,1
8796.62,1
3485.37,1
10738.97,1
11411.26,1
678.05,1
3510.25,1
16264.41,1
8917.1,1
5703.57,1
22448.35,1
7882.38,1
567.03,1
5291.4,1
5524.57,1
4485.9,1
2934.84,1
13771.1,1
1981.09,1
1943.34,1
8211.88,1
9064.12,1
17149.24,1
7023.98,2
4502.63,1
187.91,2
5012.06,1
14344.64,1
2022.37,1
3129.22,1
4171.3,1
433.67,1
9331.06,1
4170.29,1
4707.58,1
13909.58,1
8878.69,1
21468.9,1
1785.35,1
1102.24,1
6016.69,1
756.98,1
2559.75,1
14439.02,1
2039.27,1
16891.38,1
1148.55,1
1457.0,1
6710.78,1
2670.82,1
4791.86,1
290.23,1
1774.98,1
299.63,1
17003.03,1
4137.06,1
2448.7,1
13420.24,1
9786.53,1
2479.16,1
4214.4,1
10658.78,1
3594.07,1
6387.65,1
3750.12,1
2863.01,1
2914.5,1
8446.37,1
558.7,1
4286.07,1
19911.86,1
7098.96,1
15028.25,1
2379.66,1
3698.03,1
6269.78,1
6861.24,1
2818.67,1
3890.46,1
3400.64,1
13357.07,1
5413.67,1
6336.18,1
1801.89,1
14058.4,1
2288.83,1
3604.93,1
4603.26,1
7698.24,1
2036.91,1
10896.74,1
3858.08,1
12081.81,1
401.05,1
5809.52,1
13780.75,1
4173.89,1
985.94,1
3346.02,1
1581.17,1
13616.78,1
1240.02,1
6745.38,1
473.44,1
4877.69,1
6071.82,1
7489.33,1
1173.38,1
18480.14,1
10471.6,1
2273.04,1
4375.19,1
2638.46,1
6737.86,1
12697.26,1
4634.57,1
13666.71,1
10236.6,1
2903.12,1
6859.98,1
6137.72,1
4241.17,1
4433.84,1
8745.41,1
3520.94,1
2460.84,1
13977.51,1
3663.88,1
1787.01,1
1276.49,1
6346.12,1
3216.25,1
9573.82,1
21138.71,1
2056.81,1
16853.42,1
3438.92,1
14761.53,1
3226.37,1
7428.39,1
5796.4,1
929.5,1
3190.61,1
3123.38,1
9487.74,1
10011.93,1
16718.39,1
1473.35,1
1540.37,1
3063.22,1
8842.81,1
4145.44,1
3068.57,1
20730.21,1
6151.89,1
9046.56,1
4671.51,1
3333.63,1
6849.99,2
2377.88,1
3995.17,1
2137.93,1
4844.84,1
7006.27,1
1469.63,1
511.58,1
21195.74,1
6828.82,1
2706.82,1
10345.76,1
2906.37,1
7282.05,1
5705.62,1
7598.03,1
7622.86,1
2356.49,1
3920.87,1
12822.78,1
1776.15,1
7768.46,1
10472.72,1
16565.76,1
18585.73,1
2173.56,1
16492.79,1
4958.87,1
641.29,1
1247.81,1
1286.17,1
16039.63,1
1123.84,1
905.86,1
1359.6,1
2131.98,1
10626.28,1
799.3,1
12140.16,1
10193.22,1
8640.12,1
219.43,1
15222.42,1
12366.51,1
6559.41,1
8222.23,1
7246.22,1
15218.15,1
5532.13,1
17057.75,1
270.02,1
2402.47,1
1213.81,1
3164.32,1
15002.78,1
7257.66,1
7855.6,1
11267.12,1
8338.13,1
20461.98,1
4876.55,1
3695.06,1
2427.65,2
9196.3,1
327.48,1
10109.68,1
9416.13,1
3021.88,1
4253.17,1
4863.75,1
16324.33,1
450.7,1
4258.02,1
5638.04,1
8315.4,1
17268.28,1
2253.28,1
16575.8,1
17567.27,1
3599.25,1
12547.48,1
3331.75,1
5259.92,1
11576.92,1
8743.93,1
2623.38,1
10491.76,1
2693.36,1
5566.23,1
4032.36,1
1683.23,1
280.34,1
5429.21,1
9686.21,1
3282.74,1
13122.21,1
260.48,1
2601.57,1
2097.02,1
1602.59,1
2374.43,1
7175.89,1
6046.54,1
1885.77,1
2538.13,1
15320.25,1
819.41,1
1443.4,1
16820.09,1
3938.02,1
2672.42,1
1630.94,1
6226.77,1
12777.0,1
2910.28,1
1374.99,1
1373.04,1
1142.82,1
2501.72,1
18787.03,1
2848.3,1
16641.68,1
1282.28,1
3161.43,1
3596.47,1
8117.52,1
8256.97,1
1390.99,1
2129.54,1
7193.07,1
4656.43,1
1446.8,1
196.66,1
3936.77,1
2814.6,1
878.53,1
2630.34,1
2878.48,1
3027.81,1
3350.48,1
8656.09,1
603.99,1
6301.51,1
13986.89,1
1345.36,1
4251.74,1
1870.16,1
5929.68,1
2326.85,1
1737.19,1
3172.0,1
2508.77,1
2636.14,1
826.68,1
2416.0,1
3796.33,1
13524.2,1
11693.44,1
3998.12,1
1270.48,1
4968.12,1
7499.71,1
5454.63,1
9958.57,1
2942.45,1
10142.67,1
1299.49,1
1111.28,1
16583.9,1
2423.07,1
3282.43,1
14592.84,1
2908.03,1
5377.08,1
5340.04,1
5197.22,1
4144.28,2
5966.1,1
16180.06,1
18052.3,1
1401.95,1
1074.26,1
3209.75,1
4374.71,1
3166.37,1
13585.09,1
2640.28,1
6314.63,1
3382.28,1
8364.51,1
16875.43,1
9389.02,1
1881.51,1
3110.99,1
2575.16,1
3863.7,1
6596.99,1
9372.42,1
8353.86,1
5026.43,1
4694.66,1
21174.05,1
4944.74,1
5806.06,2
12584.96,1
525.36,1
4109.15,1
1461.93,1
7859.49,1
1375.7,1
5711.73,1
11170.7,1
3847.85,1
4063.52,1
9572.65,1
1725.81,1
1847.99,1
14762.15,1
130.11,1
4210.59,1
1804.12,1
6204.46,1
163.62,1
940.78,1
8947.18,1
6988.79,1
2118.32,1
5982.91,1
4837.29,1
14092.12,1
7830.31,1
6057.64,1
3128.1,1
1908.09,1
3413.31,1
4944.49,1
3218.44,1
5136.29,1
3107.84,1
6407.94,1
12119.49,1
6380.11,1
413.48,1
5446.5,1
9468.55,1
5639.42,1
4305.81,1
7832.92,1
60.56,1
6598.4,1
2352.91,1
3119.43,1
844.66,1
12847.13,1
8678.7,1
17643.3,1
15202.35,1
1080.28,1
1908.58,1
14408.45,1
537.2,1
3593.11,1
617.04,1
6153.94,1
6233.99,1
14136.07,1
19227.7,1
4645.17,1
3094.78,1
10044.69,1
2877.33,1
10465.78,1
23159.72,1
13173.18,1
418.51,2
5375.42,1
6853.13,1
7099.92,1
2448.38,1
12544.06,1
6424.23,1
2975.05,1
16788.38,1
8942.22,1
2537.21,1
8894.51,1
12435.0,1
9162.81,1
9439.49,1
11592.22,1
5938.61,2
5621.73,1
4966.42,1
10879.2,1
8274.54,1
2593.09,1
5840.39,1
1657.25,1
6285.6,1
4050.24,1
2883.15,1
13450.28,1
7624.6,1
8704.33,1
15174.5,1
3163.48,1
6547.13,1
156.73,1
4678.89,1
7552.72,1
9333.57,1
19343.39,1
8987.45,1
16096.54,1
2573.9,1
2312.76,1
2941.57,1
7210.09,1
1789.97,1
2640.84,2
2308.02,1
8589.1,1
8339.22,1
4141.13,1
1789.79,1
2592.18,1
10129.91,1
11013.84,1
2543.65,1
8674.63,1
5845.97,1
1236.43,1
5165.0,1
14247.73,1
13558.78,1
4285.17,1
13265.54,1
15627.32,1
4819.98,1
8202.55,2
8548.57,1
5746.34,1
18658.68,1
15412.45,1
3005.52,1
20061.67,1
3780.73,1
22886.26,1
1090.69,1
11034.09,1
1598.45,1
3066.94,1
5908.38,1
5300.59,1
3474.8,1
12177.56,1
11057.74,1
381.56,1
4743.2,1
19838.19,1
9431.54,1
8742.91,1
3637.57,1
12286.16,1
1897.57,1
2058.83,1
4858.7,1
18156.82,1
4680.02,1
12970.15,1
4515.35,2
13027.09,1
4156.88,2
6509.16,1
2445.82,1
5680.42,1
641.37,1
1114.77,1
14154.02,1
17219.65,1
2339.4,1
6965.37,1
6772.51,1
4084.34,1
6836.7,1
5058.2,1
4958.83,1
7873.16,1
5621.81,1
17542.73,1
11138.73,1
3869.78,1
2365.43,1
9030.9,1
13694.13,1
3957.9,1
12964.82,1
13983.2,1
13909.35,1
2660.28,1
7127.77,1
4103.13,1
13039.39,1
8749.79,1
6800.13,1
438.14,1
2550.11,1
9804.8,1
2992.18,1
3948.62,1
7460.91,1
11393.79,1
13059.63,1
5674.87,1
9579.24,1
11744.52,1
5844.47,1
3139.16,1
14622.01,1
6217.91,1
3105.7,1
4475.22,1
1936.15,1
5096.96,1
9798.94,1
3599.82,1
1185.24,1
2377.41,1
15810.17,1
15635.8,1
13312.3,1
3702.43,1
1651.88,1
4548.52,1
4225.14,1
4003.39,1
4807.25,1
15574.97,1
8445.37,1
5637.16,1
2756.98,1
11980.19,1
18974.5,1
4955.38,1
5426.85,1
7395.92,1
7991.97,1
2081.36,1
1768.23,2
5022.49,1
815.99,1
8560.93,1
7016.69,2
6343.45,1
5336.82,1
13345.65,1
1473.76,1
7864.36,1
88.5,1
7103.2,1
5804.32,1
10129.38,1
15806.02,1
11453.79,1
21974.07,1
1935.77,1
3733.64,1
19130.5,1
4184.81,1
2447.26,1
3133.7,1
12072.14,1
4009.44,1
2187.56,1
13290.46,1
10607.8,1
12500.6,1
979.27,1
15669.76,1
2727.15,1
4902.74,1
4011.45,1
13157.21,2
4249.43,1
11832.61,1
6166.67,2
5122.44,1
2767.02,1
1972.79,1
14894.97,1
2809.49,1
20396.06,1
6232.69,1
7938.32,1
2059.18,1
2500.19,1
1214.72,1
16821.7,1
5481.03,1
1748.49,1
15738.03,1
1322.17,1
7086.03,1
13650.52,1
4649.92,1
10778.04,1
15505.08,1
2527.49,1
2376.81,1
18774.54,1
2954.86,1
411.12,1
11637.88,1
3256.29,1
1565.58,1
8773.19,1
3526.6,1
16992.88,1
1320.03,1
2115.23,1
4072.07,1
1963.23,1
12856.32,1
9887.88,1
6407.01,1
10911.24,1
11928.45,1
495.84,1
9608.28,1
10106.53,1
588.62,1
2536.52,1
9723.04,1
9765.77,1
10162.63,1
18912.12,1
14120.51,1
1523.08,1
16736.27,1
696.15,3
6319.87,1
7128.15,1
10516.0,1
638.93,1
4383.29,1
17507.09,1
2099.0,1
9599.69,1
9599.92,1
9437.07,1
19744.96,1
2659.73,1
10133.18,1
4980.97,1
13599.88,1
5596.27,1
4086.95,1
2190.5,1
7525.92,1
1387.16,1
3637.66,1
3396.66,1
11123.66,1
4664.2,1
1560.23,1
4256.8,1
463.72,1
833.99,1
9020.57,1
54.22,1
22880.16,1
20294.22,1
6168.21,1
5108.49,1
5780.64,1
2892.13,1
20086.92,1
3225.93,1
1054.62,1
23573.12,1
9681.49,1
5725.03,1
8845.88,1
7022.8,1
2358.42,1
2204.61,1
8317.36,1
7077.39,1
4852.44,1
4523.03,1
852.15,1
18289.15,1
3025.95,1
17834.42,1
1457.25,1
9625.98,1
9776.96,1
7385.18,1
7259.61,1
2532.96,1
4684.74,1
3627.32,1
10641.34,1
3124.44,1
1973.89,1
3765.06,1
11802.92,1
14213.34,1
3550.25,1
1155.25,1
4596.81,1
331.88,1
3689.41,1
2681.82,1
10404.91,1
7077.83,1
20494.96,1
13546.66,1
9130.06,1
3410.25,1
3921.2,1
3427.88,1
293.9,1
5706.65,1
13279.67,1
3172.19,1
9871.69,1
11555.18,1
3236.31,1
1192.67,1
9264.1,1
6216.35,1
3008.49,1
980.77,1
1100.37,1
15879.31,1
3299.77,1
5486.85,1
9307.8,1
16511.27,1
2767.26,1
15769.19,1
3568.48,1
1474.97,1
262.6,1
515.86,1
1372.09,1
7975.99,1
410.3,1
331.72,1
9963.43,1
824.88,1
6393.37,1
11599.29,1
4148.01,1
768.63,2
20212.96,1
14336.85,1
10406.2,1
3722.56,1
13092.24,1
15406.2,1
11657.62,1
3210.43,1
908.54,1
4685.99,1
7384.92,1
10232.18,1
2810.4,1
1033.22,1
22514.82,1
4731.22,1
13855.46,1
5152.89,1
1833.48,1
1531.23,1
4855.56,1
3313.12,1
597.34,2
931.83,1
2935.03,1
5405.0,1
1235.89,1
499.3,1
8967.21,1
617.06,1
9592.59,1
5280.96,1
8865.99,1
5478.25,1
11831.9,1
7637.28,1
3005.22,1
5837.98,1
3876.01,1
3705.55,1
18424.1,1
271.82,1
21907.9,1
4489.97,1
3212.5,1
1293.65,1
10254.28,1
6014.11,1
17494.92,1
3861.4,1
2353.22,1
12226.7,1
8187.78,1
12857.4,1
4269.85,1
2578.84,1
2174.34,1
574.64,2
4715.67,1
9068.96,1
12245.28,1
9055.27,1
2120.08,1
1672.65,1
4736.11,1
1950.91,1
3517.13,1
15521.08,1
13441.1,1
122.82,1
14291.53,1
3966.18,1
1667.51,1
1306.35,1
3653.58,1
9598.77,1
7868.54,1
9146.18,1
14884.68,1
1795.02,1
1258.87,1
2026.11,1
5153.43,2
4285.85,1
19635.79,1
3906.05,1
2743.78,1
9627.3,1
22638.16,1
9112.73,1
5366.09,1
9135.56,1
12698.89,1
2074.35,1
2431.66,1
1150.38,1
7983.37,1
3205.69,1
2177.24,1
5385.12,1
372.81,1
10461.96,1
1327.65,1
2105.68,1
1635.19,1
5526.87,1
12097.27,1
5865.09,1
4588.01,1
2261.78,1
8723.35,1
3266.21,1
13107.2,1
6851.26,1
3431.37,1
5312.45,1
3437.97,1
16491.11,1
7263.76,1
6406.0,1
5957.28,1
13073.58,1
5956.37,1
9773.98,1
1264.67,1
271.14,1
6474.69,1
8582.94,1
2169.3,1
9339.23,1
11763.1,1
8786.78,1
7858.53,2
2899.47,1
162.98,1
6033.63,1
4290.57,1
14650.8,1
2853.86,1
10460.67,1
19099.54,1
8305.33,1
11318.11,1
12813.41,1
11482.26,1
3504.51,1
10588.08,1
2012.95,2
12545.17,1
811.55,1
14194.15,1
23885.99,1
8763.62,1
14989.95,1
4118.65,1
10790.46,1
7155.14,1
3196.68,1
6543.52,1
8070.62,1
277.52,1
9489.94,1
6315.71,1
12326.38,1
6344.64,1
2472.47,1
11935.68,1
2373.95,1
5502.86,1
4792.85,1
6828.26,1
4698.53,1
10834.37,1
5108.51,1
9374.06,1
14545.47,1
344.96,1
1548.62,1
4742.79,1
3206.36,1
8444.79,1
3872.91,1
3621.99,1
7405.65,1
5427.05,1
595.44,1
9001.71,1
1366.16,1
782.25,1
11141.23,1
3806.42,1
4159.27,1
2945.59,1
7080.78,1
6840.33,1
13758.32,1
13819.52,1
754.55,1
146.71,1
1896.29,1
2961.11,1
16080.2,1
7158.08,1
9450.87,1
7007.64,1
4284.13,1
1661.97,1
5342.23,1
2082.12,1
4994.98,1
5407.47,1
8542.95,1
21024.16,1
3419.85,1
7181.94,1
18309.99,1
3707.27,1
6761.21,1
12801.48,1
13497.2,1
8311.92,1
6163.33,1
6614.57,1
8706.55,1
1178.82,1
147.84,1
16860.76,1
287.72,1
14644.98,1
11614.82,1
979.59,1
11739.06,1
5808.79,1
355.8,1
6365.44,1
2791.77,1
11158.1,1
5959.69,1
11555.41,1
12909.62,1
1242.43,1
5122.71,1
8214.77,1
9138.46,1
19824.67,1
6335.94,1
52.29,1
19330.88,1
18909.62,1
7925.57,1
3625.37,1
12922.8,1
455.03,1
3069.97,1
24254.07,1
16343.38,1
5831.65,1
3802.59,1
6911.32,1
8813.47,1
138.38,1
9696.25,1
5518.07,1
17605.61,1
16811.5,1
7009.18,1
1351.09,1
6159.11,1
13230.94,1
16591.68,1
8138.64,1
3687.18,1
9870.94,1
5861.28,1
17938.97,1
866.93,1
6143.68,1
3281.49,1
10314.27,1
8648.22,1
12853.25,1
10611.91,1
2207.12,1
7498.41,1
6515.68,1
14243.3,1
2713.99,1
12759.52,1
3056.0,1
3789.48,1
7014.97,1
848.05,1
5734.13,1
3575.21,1
153.98,1
3665.15,1
9241.39,1
10907.5,1
4820.48,1
11353.87,1
317.72,1
1969.44,1
11244.11,1
5996.03,1
8722.45,1
3289.7,1
10350.23,2
3501.28,1
10612.02,1
6397.83,1
13974.52,1
7851.28,1
399.28,1
5527.63,1
18455.0,1
1097.58,2
8270.29,1
17203.3,1
2453.95,1
15837.71,1
16244.88,1
4512.81,1
2022.61,1
4337.98,1
15133.26,1
12990.96,1
3511.68,1
1405.7,1
15413.1,1
5980.19,1
13464.78,1
4111.22,1
1348.51,1
5165.83,1
5756.13,2
644.39,1
20858.85,1
8800.41,1
3772.99,1
6919.11,1
13460.74,1
9407.48,1
5776.95,1
6241.04,1
2819.62,1
4910.19,1
2599.79,1
10989.11,1
2816.71,1
4167.12,1
3957.92,1
7862.21,1
1954.15,1
2293.46,1
11136.09,1
4978.51,1
9198.64,1
3922.78,1
1683.17,1
8981.47,1
6134.13,1
1940.29,1
8039.31,1
1343.86,1
877.38,1
22752.76,1
17745.17,1
3703.93,1
2509.59,1
5397.92,1
368.43,1
785.12,1
153.11,2
6378.22,1
4021.23,1
1436.1,1
19571.48,1
4630.55,1
9990.7,1
1886.43,1
8154.03,1
567.64,1
1206.33,1
4248.61,1
17342.15,1
2183.15,1
8951.3,1
9763.76,1
9016.24,1
15219.13,1
11861.68,1
2495.44,1
3614.77,2
5507.84,1
7147.33,1
12578.84,1
2334.03,1
13648.29,1
902.5,1
8271.6,1
3259.44,1
10676.99,1
4338.65,1
12019.37,1
4063.24,1
1500.2,1
16801.95,1
5348.64,1
4410.6,1
2654.37,1
3363.84,1
146.78,1
11165.4,1
12906.65,1
8207.43,1
8083.48,1
7330.21,1
12627.83,1
13216.12,1
8175.43,1
4183.38,1
7857.88,1
4552.16,1
11454.76,1
14289.47,1
15199.8,1
3992.37,1
2264.03,1
5384.37,1
2878.23,1
1090.36,1
10709.12,1
16918.41,1
1108.82,1
3952.08,1
3149.26,1
8877.66,1
11602.68,1
7130.88,1
5061.31,1
2510.7,1
16399.19,1
2313.06,1
7836.81,1
6823.55,1
6050.33,1
1174.29,1
2275.66,1
11636.08,1
16302.53,1
1444.28,1
10419.62,1
5950.8,1
1255.64,1
12692.37,1
4130.39,1
16876.79,1
4052.72,1
544.17,1
2382.79,1
1634.12,1
6067.24,1
4058.98,1
2144.81,1
9832.17,1
15605.08,1
4421.24,1
4115.49,1
6369.47,1
5667.38,1
7530.87,1
22705.8,1
5397.8,1
4659.23,1
4643.74,1
14307.75,1
5041.82,1
1037.57,1
7460.06,1
8146.15,1
1665.8,1
14153.15,1
12127.68,1
440.53,1
6987.47,1
10437.98,1
6819.08,1
11755.83,1
5182.05,1
7206.32,1
4762.07,1
3168.02,1
1771.3,1
4459.12,1
1725.01,1
540.63,1
3082.78,1
6963.82,1
3061.24,1
5314.68,1
7484.36,1
22106.17,1
3476.38,1
3889.78,1
12807.49,1
122.01,1
9798.11,1
8394.46,1
20177.58,1
7212.53,1
1016.35,1
1575.6,1
8460.67,1
2870.32,1
8815.57,1
12029.41,1
5558.3,1
19935.18,1
8665.17,1
1180.05,1
3618.25,1
3629.22,1
11395.51,1
1342.63,1
1227.8,1
13611.18,1
628.89,1
858.23,1
9709.19,1
2421.26,1
1605.53,1
11181.77,1
5701.85,1
8772.29,1
12060.48,1
5537.96,1
1752.03,1
1649.2,1
2302.81,1
7597.86,1
3034.01,1
7044.7,1
2167.28,1
2392.44,1
4032.5,1
10877.39,1
9601.75,1
856.12,1
12305.08,1
1644.14,1
1469.71,1
424.04,1
17021.94,1
28.8,1
2851.91,1
2208.41,1
13246.57,1
1294.01,1
109.56,1
3305.98,1
8397.11,1
17818.99,1
1434.39,1
845.98,1
7940.83,1
3542.09,1
14919.85,1
5026.11,1
201.24,1
1159.63,1
17996.98,1
8076.76,1
6067.07,1
1969.67,1
1246.27,1
3398.46,1
8719.31,1
18517.47,1
1765.32,1
1704.11,1
7760.84,1
5616.11,1
5701.81,1
16744.87,1
10491.23,1
11914.85,1
12039.23,1
7382.65,1
1127.26,1
2229.3,1
1233.49,1
5415.95,1
1104.84,1
5149.63,1
7054.51,1
12880.75,1
2156.07,1
3753.42,1
7661.06,1
14989.57,1
2946.44,1
3229.49,1
9209.56,1
3487.34,1
1830.63,1
140.22,1
5490.09,1
3141.52,1
4814.92,1
4128.6,1
1654.27,1
10759.17,1
13346.11,1
5457.08,1
22766.24,1
2308.78,1
4903.28,1
9048.58,1
9023.92,1
6424.18,1
12083.01,1
2984.6,1
5441.43,1
6061.69,1
750.98,1
6209.85,1
6243.82,1
8997.74,1
4877.42,1
4163.97,1
4231.54,1
7664.13,1
8799.24,1
21864.06,1
9370.98,1
11826.13,1
12823.57,1
4190.42,1
1864.9,1
2366.86,1
3730.14,1
11805.7,1
14208.9,1
2879.7,1
1516.32,1
3565.69,1
7064.39,1
1479.81,1
9032.41,2
4729.07,1
9996.35,1
6718.28,1
7565.96,1
1771.96,1
138.68,1
7148.41,1
1142.78,1
2594.23,1
13472.02,1
10786.48,1
2277.95,1
113.15,1
3165.87,1
7383.26,1
12249.92,1
1164.05,1
4771.74,1
8622.11,1
14281.5,1
4296.28,1
14762.93,1
13981.82,1
9292.25,1
5526.14,1
2341.9,1
7980.96,1
17720.29,1
1942.97,1
8666.93,1
14620.54,1
7012.54,1
3016.79,1
2506.08,2
133.59,1
15854.6,1
4353.79,1
4256.09,1
3282.04,1
2163.81,1
3598.57,1
1053.25,1
10486.11,1
12858.95,1
14207.91,1
5882.99,1
6567.81,1
2962.7,1
241.78,1
2901.48,1
1909.59,1
4527.84,1
16438.0,1
1366.1,2
1273.84,1
15039.8,1
2883.44,1
5455.48,1
15012.57,1
5989.94,1
434.91,1
2609.75,1
1820.8,1
6187.92,1
3410.56,1
12763.97,1
2493.59,1
4372.84,1
5323.26,1
2968.6,1
3065.74,1
2169.26,1
2586.73,1
9154.1,1
2646.75,1
5657.18,1
6276.2,1
12072.39,1
2232.56,1
4473.71,1
5938.73,1
9906.94,1
7553.78,1
10850.55,1
6373.25,1
7838.39,1
1815.74,1
1500.59,1
4572.54,1
3789.22,1
6129.23,1
6292.54,1
10027.67,1
12399.85,1
6985.12,1
4558.55,1
8470.43,1
6662.64,1
5765.78,1
3826.42,1
11789.0,1
605.99,1
2724.1,1
10148.21,1
16787.03,1
7853.8,1
982.49,1
736.23,1
2753.09,1
10613.2,1
5335.55,1
11716.34,1
3603.58,1
2609.3,1
3505.44,2
14119.69,1
5919.95,1
3235.19,1
1466.28,1
1264.04,1
15446.0,1
4615.41,1
10043.11,1
2332.21,1
19511.35,1
11207.49,1
23143.64,1
6670.85,1
4937.02,1
6587.0,1
11645.98,1
2402.07,1
646.67,1
5685.01,2
8345.55,1
8712.04,1
4323.8,1
7198.02,1
3499.09,1
18570.48,1
4297.27,1
7189.35,1
9922.97,1
8839.67,1
13912.61,1
12558.99,1
12035.62,1
11806.42,1
5729.08,1
1615.1,1
6069.9,1
544.94,1
4028.85,1
1862.34,1
2044.0,1
6841.9,1
1554.77,1
9172.8,1
5342.58,1
3441.25,1
5926.53,1
2157.83,1
1985.09,1
4666.93,1
15396.89,1
2018.74,1
5412.0,1
20468.2,1
3960.95,1
12353.21,1
11463.74,1
9216.12,1
8786.19,1
19040.13,1
1365.44,1
7259.92,1
1162.72,1
4673.31,1
23149.59,1
14747.95,1
11887.89,1
3445.27,1
15410.87,1
5678.02,1
12513.13,1
8985.57,1
10896.24,1
5871.59,1
7320.64,1
13031.45,1
4193.63,1
13595.37,1
818.43,1
9944.96,1
7770.03,1
2520.1,1
5506.1,1
1552.67,1
12164.5,1
14621.53,1
12589.29,1
12611.47,1
22475.14,1
10397.16,1
8266.32,2
681.05,1
5888.35,1
3948.93,1
4407.72,1
13482.13,1
3164.39,1
2257.52,1
2236.36,1
3531.33,1
3202.89,1
12831.82,1
2256.63,1
2622.42,1
6483.9,1
4888.04,1
5440.96,1
7332.5,1
987.88,1
5043.43,1
908.04,1
7344.79,1
6177.24,1
262.04,1
1947.12,1
6108.82,1
9473.86,1
8039.74,1
2111.27,1
4349.79,1
1217.39,1
2820.56,1
6168.31,1
9691.38,1
2627.62,1
11869.8,1
7514.99,1
17822.46,1
2433.98,1
527.52,1
4218.56,1
14045.71,1
10090.75,1
7063.56,1
2576.83,1
10456.23,1
11349.17,1
1694.43,1
1455.78,2
14990.91,1
3757.06,1
5697.78,1
3839.08,1
9834.55,1
8141.35,1
6116.11,1
4320.32,1
12332.67,1
20344.72,1
9537.46,1
6938.95,1
6469.3,1
14632.76,1
6815.58,1
12971.75,1
16092.08,1
12062.1,1
21389.41,1
2656.17,1
10974.29,1
5282.43,1
6220.15,1
12946.53,1
7213.03,1
561.61,1
3610.06,1
9099.07,1
8466.31,1
4062.34,1
2197.54,1
10071.75,1
10827.04,1
4632.33,1
7328.42,1
5899.94,1
9420.99,1
13176.36,1
5513.37,1
3517.37,1
907.5,1
9785.51,1
5106.43,1
4664.48,1
12066.71,1
15252.24,1
1742.21,1
3160.6,1
8761.56,1
2069.73,1
1426.35,1
10214.55,1
13525.56,1
128.83,1
11450.75,1
11995.29,1
2401.72,2
9285.33,1
3385.9,1
3479.91,1
8528.23,1
2317.66,1
14834.02,1
4795.04,1
6455.54,1
3765.72,1
282.2,1
5020.37,1
1856.37,1
3633.81,1
12027.94,1
3072.53,1
729.54,1
9608.6,1
6590.79,1
3058.65,1
11747.88,1
8271.19,1
19404.3,1
14032.76,1
59.26,1
6696.15,1
2566.34,1
2775.32,1
3180.73,1
17087.1,1
5838.76,1
18180.13,1
11133.74,1
15786.82,1
8358.06,1
7953.43,1
5936.86,1
7380.61,1
5926.31,1
5674.9,1
7986.68,1
20524.68,1
16876.55,1
4378.4,1
4118.6,1
15357.37,1
7161.72,1
6889.57,1
1535.94,1
17430.29,1
4016.56,1
12308.12,1
7372.65,1
10432.85,1
4513.17,1
4638.55,1
3304.2,1
14620.26,1
13524.41,1
3846.92,1
7603.68,1
4279.66,1
4782.15,1
3481.55,1
3097.36,1
2247.41,1
1626.25,1
7461.83,1
3319.08,1
18437.14,1
289.38,1
8243.11,1
2523.65,1
5871.6,1
2298.2,1
16840.21,1
3562.18,1
9184.99,1
8434.77,1
745.96,1
2619.07,1
4241.53,1
1740.69,1
7990.98,1
6878.06,1
15927.29,1
4691.44,1
974.56,1
1280.87,1
3763.67,1
7358.74,1
19972.33,1
2507.64,1
7196.29,1
8324.29,1
10083.21,1
2280.49,1
4896.5,1
2624.49,2
12481.87,1
6324.69,1
2171.45,1
2898.12,1
8040.22,1
3457.91,1
9015.48,1
5408.38,1
13432.16,1
7411.67,1
3715.93,1
8927.02,1
18159.74,1
5312.46,1
6393.06,1
5640.58,1
12221.01,1
5264.88,2
21026.16,1
3171.68,1
383.55,1
2029.16,1
2117.66,1
2245.71,1
6362.38,1
10303.66,1
3687.44,1
12082.6,1
3984.9,1
5444.46,1
5044.34,1
4608.43,1
10797.75,1
8490.38,1
11164.91,1
12294.01,1
2747.73,1
4484.81,1
2508.71,1
2343.21,2
14329.38,1
3651.79,1
2277.12,1
9579.56,1
836.64,1
1791.93,1
5574.33,1
4120.64,1
3348.05,1
21979.37,1
1596.06,1
3366.62,1
5863.47,1
1732.54,1
1183.58,1
2926.26,1
3554.45,1
140.94,1
15805.22,1
134.92,1
13214.95,1
8237.01,1
2144.06,1
1381.43,1
11652.64,1
1285.96,1
14997.07,1
1022.79,1
16294.92,1
1890.66,1
6850.76,1
5440.72,1
2154.88,1
23018.62,1
7523.49,1
9345.31,1
3035.05,1
12725.14,1
12501.01,1
2338.46,2
1352.75,1
3460.99,1
5381.23,1
6271.82,1
7432.03,1
3019.42,1
6917.34,1
5344.25,1
363.65,1
8128.62,1
13617.03,1
3877.68,1
6894.87,1
1915.6,1
13321.92,1
152.47,1
10226.59,1
1257.06,1
6499.79,1
8190.86,1
4286.72,1
10587.76,1
3364.68,1
8537.04,1
13803.52,1
16941.32,1
4748.05,1
4328.99,1
19142.41,1
5001.8,1
2730.3,1
4733.89,1
6174.72,1
1933.01,1
3708.34,1
4770.8,1
7522.13,1
15179.57,1
7747.42,1
10080.92,1
7598.78,1
2410.44,1
6301.44,1
14766.67,1
6180.65,1
24238.2,1
12252.49,1
14898.5,1
2038.36,1
10590.22,1
8746.63,1
1682.87,1
9476.14,1
19792.72,1
12436.97,1
8432.68,1
4602.19,1
12506.21,1
1463.16,1
7691.2,1
12142.92,1
2919.45,1
3007.93,1
2708.72,1
2124.99,1
3440.31,1
21001.77,1
3588.13,1
1513.25,1
5558.14,1
4293.62,1
4376.81,1
2182.71,1
8806.19,1
3928.1,1
13893.21,1
6220.35,1
7881.42,1
9689.42,1
10384.41,1
6967.14,1
12764.36,1
9552.62,1
2058.61,1
12601.7,1
13803.14,1
7683.18,1
2314.19,1
2427.84,1
1127.6,1
18428.73,1
7028.5,1
19115.22,1
4882.25,1
4043.25,2
9567.25,1
7268.71,1
12315.41,1
2057.1,1
12469.26,1
5604.36,1
7681.24,1
9465.23,1
2779.39,1
6513.31,1
8976.77,1
10919.44,1
2984.48,1
1902.85,1
6042.18,1
4941.24,1
4336.2,1
11444.55,1
3442.21,1
1903.54,1
12575.86,1
10024.14,1
12360.12,1
17571.37,1
2488.63,1
10234.55,1
5024.43,1
5538.12,2
16450.22,1
4190.89,1
378.39,1
2465.08,1
380.76,1
4042.75,1
6283.39,1
1092.41,1
8486.74,1
10930.92,1
7117.56,1
1977.61,1
1785.82,1
2632.63,1
1360.43,1
2328.38,1
6958.47,1
11628.2,1
15529.38,1
8901.76,1
5743.73,1
6886.7,1
3749.53,1
1580.68,1
1207.75,1
8176.03,1
8564.53,1
7042.22,2
14898.15,1
668.65,1
4354.63,1
3812.52,1
3305.2,1
6122.67,1
6709.4,1
3579.42,1
3667.22,1
1066.9,1
14459.42,1
7402.47,1
7633.07,1
7736.49,1
3894.85,2
3891.24,1
2661.98,1
6386.25,1
978.79,1
7969.97,1
5704.7,1
1513.16,1
6246.28,1
3408.69,2
525.51,1
2642.41,1
11215.17,1
900.6,1
1546.64,1
8273.31,1
203.17,1
11876.54,1
8106.98,1
4765.96,1
3834.29,1
4541.23,2
3556.42,1
1382.56,1
7001.69,1
5584.58,1
8380.97,1
1022.8,1
5552.49,1
11159.33,1
2279.14,1
11933.12,1
11561.41,1
12102.52,1
6959.41,1
4269.77,1
12895.88,1
4393.07,1
5664.8,1
408.19,1
10029.02,1
17883.9,1
6016.71,1
7965.47,1
5051.64,1
21712.32,1
15902.47,1
2986.04,1
1459.25,1
9110.94,1
4110.83,1
142.98,1
10458.91,1
5449.85,1
17142.09,1
5130.39,1
8638.12,1
362.01,1
1124.45,1
1533.7,1
2058.36,2
4559.67,1
1986.8,1
3346.66,1
1779.76,1
2660.47,1
1420.97,1
398.81,1
11004.17,1
7409.91,1
928.83,1
896.69,1
10834.35,1
8559.9,1
15804.66,1
10128.19,1
6326.36,1
8728.52,1
4422.43,1
4916.33,1
485.31,1
3515.83,1
10576.34,1
10844.48,1
2410.41,1
2816.07,1
2707.01,1
8875.62,1
17550.02,1
17794.44,1
7749.05,1
14057.74,1
4803.49,1
1340.63,1
4193.1,1
11141.05,1
3661.53,1
3721.6,1
7202.71,1
1050.7,1
14330.83,1
1164.08,1
781.8,2
15850.22,1
19499.38,1
12662.93,1
3258.83,1
4553.71,1
4531.22,1
6052.26,1
2650.97,1
7834.44,1
5155.98,1
5328.92,1
1636.61,1
4142.72,1
3323.4,1
3062.81,1
4149.22,1
4645.39,1
13259.71,1
2460.9,1
1237.38,1
2907.98,1
9136.04,1
6174.11,1
3760.6,1
3574.09,1
1605.77,2
7141.36,1
3943.71,1
6446.26,1
8819.95,1
7777.11,1
1156.62,1
5921.41,1
8651.3,1
7842.06,1
7638.65,1
8334.26,1
14072.59,1
8891.83,1
11301.9,1
4391.87,1
17315.09,1
6574.25,1
4166.04,1
2572.13,1
11736.36,1
557.79,1
7559.01,1
3210.49,1
2833.08,1
7082.96,1
6734.23,1
5682.99,1
4076.56,1
7002.29,1
14570.75,1
6045.17,1
6706.59,1
1737.88,1
1369.27,1
10963.2,1
4926.26,1
1488.94,1
12563.29,1
11713.58,1
11124.02,1
14962.04,1
4646.19,1
3213.62,1
12865.85,1
3556.85,1
2654.81,1
6223.77,1
8381.18,2
13253.08,1
4042.88,1
3692.05,1
4533.87,1
7836.03,1
250.88,1
13994.32,1
1476.18,1
15649.37,1
3222.79,1
1084.03,2
8238.3,1
3951.31,1
18257.1,1
17752.05,1
4731.02,1
9920.54,1
3157.05,1
6518.76,1
9938.05,1
12250.5,1
1526.98,2
9347.31,1
5155.63,1
815.79,1
1264.9,1
8329.61,1
2057.66,1
4752.36,1
7878.82,1
3135.55,1
1041.83,1
13647.01,1
2815.44,1
1135.5,1
1405.99,1
6870.99,1
11566.25,1
3537.14,1
17768.48,1
7709.76,1
846.37,1
4642.05,1
385.77,1
9395.7,1
192.84,1
23644.45,1
8627.85,1
2597.28,1
5116.95,1
1329.15,1
9046.35,1
9795.1,1
3711.66,2
11397.67,1
3597.67,1
15187.26,1
4596.16,1
4168.22,1
7668.45,1
4405.55,1
4039.51,1
4843.29,1
7199.92,1
11338.27,1
701.86,1
4148.83,1
16870.88,1
6210.41,1
5011.14,1
5539.06,1
7150.03,1
2846.56,1
15596.03,1
18898.01,1
5334.72,1
2891.24,1
3559.75,1
6272.69,1
805.19,1
12445.7,1
20298.61,1
15538.62,1
2031.57,1
6218.31,1
4360.43,1
4838.19,1
9183.73,1
12699.0,1
11190.03,1
9570.84,1
12733.02,1
16193.55,1
4655.04,1
3148.21,1
2522.05,1
15780.53,1
2576.25,1
3367.2,1
141.18,1
1169.5,1
3417.68,1
4859.43,1
5571.51,1
5026.82,1
16728.4,1
18426.51,1
2394.81,1
3827.9,1
11476.04,1
5179.66,1
1327.24,1
18350.28,1
4216.98,1
5541.98,1
4015.72,1
20424.45,1
6282.89,1
15038.57,1
16921.77,1
6792.69,1
10472.48,1
16636.12,1
1726.59,1
8808.8,1
13049.9,1
4295.99,1
2580.93,1
19327.77,1
11331.45,1
8170.76,1
182.98,1
12922.89,1
56.56,1
18114.9,1
3123.5,1
6362.4,1
2346.62,2
5409.31,1
6815.75,1
17713.6,1
8213.37,1
239.73,1
8785.07,1
9770.47,1
7785.24,1
2638.55,1
2225.71,1
15935.22,1
13880.77,2
5926.6,1
20701.39,1
16093.05,1
4261.6,1
12143.89,1
16416.83,1
1514.81,1
15276.85,1
13519.58,1
1396.8,1
281.71,1
12043.94,1
405.93,1
10589.7,1
7172.65,1
1166.72,1
4027.55,1
20801.22,1
385.41,1
152.3,1
7406.53,1
6792.6,1
2312.17,2
20890.89,1
2771.35,1
16059.8,1
20081.71,1
635.18,1
8071.83,1
11431.61,1
7423.51,1
616.34,1
10085.61,1
8342.48,1
11619.4,1
8852.96,1
2030.29,1
480.5,1
16070.06,1
3967.54,1
13940.63,1
3023.66,1
5961.74,1
3262.21,1
2539.28,1
12934.56,1
1766.85,1
515.32,1
4066.76,1
7224.69,1
7809.64,1
8097.93,1
3204.81,1
1943.79,1
16411.05,1
8733.77,1
7263.57,1
12838.76,1
8129.48,1
62.09,2
3467.54,1
741.12,2
4575.39,1
19751.14,1
15955.24,1
3109.41,1
3492.08,1
13799.71,1
1515.89,1
8545.54,1
3423.0,1
12347.12,1
2139.92,1
1417.53,1
5657.11,1
16728.83,1
4651.71,1
1480.93,1
4807.14,1
3250.86,1
2660.2,1
9579.63,1
6123.49,1
1639.81,1
1331.37,1
4903.67,1
7771.94,1
2786.04,1
2971.91,1
5459.22,1
8727.72,1
2855.49,1
8495.36,1
6710.71,1
9470.94,1
2452.22,1
2125.35,1
9386.91,1
6327.29,1
1699.92,1
3926.94,1
1647.07,1
3616.22,1
2634.24,1
16320.55,1
3091.27,1
2404.36,1
1986.18,1
12665.42,1
22197.82,1
11431.63,1
19305.24,1
1335.03,1
10067.85,1
7250.21,1
9743.09,1
2233.77,1
7300.72,1
5975.89,1
16745.61,1
11028.24,1
12153.27,1
5662.56,1
7593.73,1
1973.27,1
3683.47,1
11548.93,1
2507.25,1
6413.08,1
4089.36,1
3630.18,1
17584.74,1
11892.02,1
550.47,1
3682.07,1
2426.47,1
9317.59,1
661.72,1
2749.65,1
4973.23,1
2079.05,1
12292.05,1
9906.97,1
14227.09,1
10371.37,1
1987.88,1
2597.29,1
5117.0,1
14903.7,1
4322.19,1
2419.5,1
20702.48,1
1254.58,1
2769.64,1
9490.72,1
3388.89,1
3364.25,1
4315.4,1
1969.57,1
15290.63,1
2722.27,1
2304.9,2
9194.07,1
1058.67,1
7727.11,1
2132.12,1
2552.75,1
519.65,1
9968.81,1
13848.21,1
4123.38,1
555.31,1
18307.84,1
6680.01,1
7990.69,1
2879.57,1
18400.55,1
2549.48,1
16627.51,1
2773.48,1
1632.13,1
185.05,1
6060.54,1
8163.43,1
4982.47,1
8645.91,1
6786.37,1
3456.06,1
4046.9,1
2186.43,1
6800.21,1
3886.27,1
13068.25,1
1805.56,1
4721.82,1
3968.07,1
2575.2,1
13498.47,1
4373.41,1
3111.1,1
4131.52,1
10034.1,1
2540.89,1
7038.41,1
23250.02,1
4207.88,1
16660.93,1
757.87,1
3923.36,1
3835.01,1
3588.53,1
349.55,1
3772.19,1
10098.23,1
9471.56,1
2774.56,1
3284.98,1
2193.58,1
3741.89,1
950.26,1
4037.49,1
16209.31,1
5811.13,1
3370.74,1
23778.72,1
926.69,1
3194.59,1
19363.96,1
20209.81,1
3377.87,1
2387.9,1
2338.71,1
13406.54,1
4626.21,1
4561.03,1
4970.9,1
4139.44,1
3302.89,1
3819.36,1
15899.82,1
1191.58,1
5216.95,1
4796.14,1
15317.09,1
56.49,1
8855.69,1
6317.79,1
2830.15,1
4317.93,1
3347.65,1
6224.29,1
1500.77,1
9126.59,1
20670.82,1
8404.38,1
11473.38,1
8130.84,1
192.06,1
1859.95,1
12435.13,1
6807.91,1
13246.46,1
3060.54,1
1017.31,1
17119.47,1
3043.85,2
9424.03,1
3108.42,1
15332.8,1
5628.07,1
4609.0,1
180.06,1
10150.98,1
18036.32,1
4981.86,1
8462.91,1
8683.61,1
9572.48,1
13040.41,1
1232.04,2
6176.96,1
11455.31,1
4439.56,1
744.9,1
3867.89,1
2133.64,1
3209.02,1
11318.45,1
17805.45,1
5131.44,1
495.31,1
6242.23,1
3808.12,1
12666.53,1
391.71,1
7239.04,1
1634.59,1
9238.89,1
20625.18,1
5556.31,1
7121.23,1
17682.92,1
3870.54,1
3680.85,1
13539.54,1
15216.83,1
16830.59,1
4519.43,1
2947.09,1
12306.61,1
5424.96,1
3131.71,1
6283.43,1
4471.59,1
2473.8,1
601.03,1
6683.69,1
3738.35,1
2242.52,1
2662.66,1
7782.35,1
1412.01,1
9168.71,1
1097.25,1
7186.79,1
3376.95,1
8611.75,1
776.78,1
2423.64,1
8001.8,1
1121.92,1
7639.05,1
15197.18,1
1173.26,1
7696.15,1
21875.85,1
4046.66,1
6097.8,1
2381.19,1
3194.25,1
1745.23,1
2429.95,1
1761.04,2
18501.51,1
3737.06,2
20367.4,1
5672.56,1
10468.53,1
10265.9,1
1750.3,1
1707.27,1
1464.24,1
6229.86,1
6300.83,1
3505.07,1
14082.02,1
580.27,1
2515.84,1
9496.14,1
2169.86,1
5263.67,1
1835.34,1
2005.71,1
12064.43,1
3217.0,1
2821.71,1
11100.39,1
2371.99,1
1254.73,1
7583.97,1
6406.81,1
5842.86,1
9591.25,1
16452.49,1
2561.46,1
7065.41,1
12980.75,1
3525.1,1
283.11,1
12774.12,1
5001.58,1
7251.94,1
14948.09,1
6310.1,1
705.1,1
3184.93,1
13241.86,1
13889.94,1
4328.28,2
12230.41,1
4457.69,1
1941.73,1
1304.8,1
11290.69,1
608.59,1
1376.91,1
2493.37,1
2068.94,1
10102.45,1
2534.13,1
107.32,1
3212.97,1
4682.35,1
12811.4,1
10132.4,2
8264.04,1
9768.01,1
14122.18,1
782.03,1
5198.52,1
4726.21,1
5693.99,1
6719.61,1
3624.26,1
5280.5,1
14068.66,1
2716.82,1
6786.14,1
2505.87,1
4424.64,1
3283.7,1
11809.74,1
2601.87,1
4018.22,1
12386.15,1
12362.67,1
5410.17,1
19635.68,1
13588.47,1
3809.41,1
9643.23,1
4240.22,1
2836.02,1
11698.88,1
7779.43,1
13279.2,1
1221.71,1
2445.48,1
4070.66,1
7535.2,1
11670.21,1
7325.33,1
6373.53,1
4681.71,1
3317.95,1
7403.94,1
14897.45,1
7696.0,1
12017.9,1
2681.41,1
13878.51,1
14765.85,1
7364.43,1
1029.28,1
6112.17,1
4763.99,1
982.24,1
1087.51,1
13115.32,1
3213.32,1
4260.93,1
1165.69,1
5380.42,1
3972.79,1
3467.81,1
5083.61,1
3903.09,1
825.63,1
3600.69,1
22164.69,1
14016.5,1
3159.29,1
2771.14,1
5356.65,1
13405.3,1
3362.45,1
2670.63,1
15010.94,1
2958.53,1
378.82,1
1816.0,1
1839.89,1
3651.67,1
1816.67,1
2493.05,1
6208.38,1
3551.54,1
5878.65,1
5883.31,1
8391.72,1
4308.24,1
1842.63,1
4629.69,2
3004.41,1
4088.5,1
4868.63,1
12356.3,1
10038.07,1
6780.79,1
9833.74,1
3771.19,1
9657.71,1
2127.52,1
1562.18,1
2825.38,1
3460.23,1
20953.77,1
5686.55,1
14610.35,1
2507.73,1
4757.42,1
12683.02,1
4667.23,1
9302.41,1
19506.88,1
13965.46,1
15391.63,1
2596.24,1
3074.63,1
7014.07,1
9524.06,1
970.58,1
6018.54,1
20512.37,1
15265.18,1
14094.4,1
2502.47,2
1256.43,1
14225.95,1
3850.52,1
11925.93,1
8741.77,1
3079.04,1
510.35,1
4670.98,1
3232.64,1
10411.0,1
8185.37,2
7773.57,1
14007.66,1
11993.67,1
3944.79,1
10036.46,1
4703.62,1
8342.52,1
6129.75,1
723.11,1
16823.62,1
7667.3,1
301.47,1
190.04,1
14143.63,1
12593.01,1
12695.48,1
5831.07,1
17342.07,1
4584.66,1
4975.35,1
20436.79,1
3465.89,1
12798.61,1
131.05,1
8994.12,1
11655.29,1
969.28,1
21774.45,1
3687.42,1
14191.86,1
9045.78,1
6542.5,1
9618.38,1
8561.49,1
9454.28,1
1089.83,1
8597.03,1
20401.69,1
2799.15,1
14492.83,1
4194.7,1
14124.2,1
17312.18,1
7166.06,1
5047.32,1
2832.29,1
2192.97,1
3556.66,1
475.25,1
5305.45,1
8651.68,1
1422.8,1
5238.0,1
18357.46,1
3144.34,1
3654.55,1
6497.4,1
21913.48,1
160.57,1
3957.55,1
4418.51,1
995.92,1
8316.12,2
3915.35,1
19052.07,1
7171.94,1
6515.93,1
6774.0,1
10864.04,1
16397.45,1
2782.61,1
2013.54,1
4856.12,1
6099.04,1
3527.24,1
12843.75,1
7999.55,1
346.59,1
5416.96,1
2142.22,1
4477.43,1
1017.2,1
7857.92,1
3662.04,1
7305.02,1
13760.85,1
3138.14,1
17770.7,1
10868.54,1
2260.7,1
12318.28,1
3797.91,1
4366.57,1
2791.16,1
8144.13,1
3040.35,1
18423.04,1
18043.63,1
2910.24,1
2248.61,1
3612.08,1
7406.6,1
19102.06,1
3769.44,2
4789.02,1
3540.07,1
13240.17,1
15025.1,1
12793.9,1
5932.14,1
1396.34,1
1267.98,1
864.62,1
5303.35,1
16120.54,1
15049.09,1
6866.34,1
5874.22,1
6002.56,1
802.23,1
8515.78,1
1983.79,1
1462.54,1
21242.54,1
4593.7,1
13672.21,1
3741.94,1
1115.79,1
3788.79,1
722.21,1
15047.21,1
9297.45,1
10105.3,1
1364.61,1
5040.41,1
20426.6,1
7199.67,1
13642.7,1
2698.93,1
3572.13,1
21090.99,1
12506.66,1
13575.6,1
7137.37,1
2996.37,1
7829.05,1
10841.78,1
12569.65,1
12621.47,1
7040.44,1
7255.78,1
1914.01,1
3916.01,1
17060.46,1
196.76,1
14784.22,1
1092.07,1
16760.69,1
2402.13,1
3167.95,1
5017.86,1
1183.37,1
3607.03,1
11793.29,1
13878.62,1
6166.81,1
15089.1,1
6886.1,1
15692.61,1
10805.0,1
11746.11,1
967.43,1
13390.13,1
18401.45,1
417.85,1
8510.84,1
8297.25,1
5701.26,1
3679.9,1
599.08,1
2041.56,1
4043.23,1
3182.6,1
3040.41,1
3873.37,1
2267.18,1
5093.54,1
738.57,1
2475.88,1
7732.03,1
9055.35,1
9820.96,1
19116.1,1
5902.88,1
12185.55,1
2061.07,1
1169.98,1
3450.59,1
4038.83,1
6270.22,1
18186.82,1
3400.07,1
4419.46,1
693.64,1
9050.81,1
9658.81,1
13227.44,1
8638.98,1
812.74,1
4097.23,1
862.75,1
782.48,1
12706.08,1
3117.18,1
14010.18,1
2339.79,1
4902.53,1
15585.53,1
6991.94,1
1381.4,1
6929.33,1
5908.85,1
12294.68,1
5622.34,1
4041.01,1
6754.46,1
16899.61,1
3332.91,1
8483.73,1
1339.17,1
2084.04,1
283.68,1
227.75,1
2424.03,1
12319.51,1
2494.61,1
6908.41,1
13535.48,1
14852.49,1
3290.92,1
8178.6,1
3051.68,1
11713.96,1
7882.78,1
13581.86,1
3346.8,2
1711.83,1
3919.78,1
2005.14,1
13526.99,1
822.86,1
1896.38,1
12466.99,1
486.36,1
12760.28,1
2830.65,1
2895.51,1
3219.37,1
1956.5,1
10748.25,1
3017.06,1
11897.55,1
4666.68,1
1836.79,1
5193.48,1
8925.53,1
8935.46,1
2149.66,1
16645.82,1
1929.47,1
8774.67,1
956.4,1
5411.09,1
3950.51,1
5295.9,1
1527.17,1
10387.2,1
10382.24,1
2330.35,1
5356.85,1
9847.81,1
6656.91,1
6462.87,1
5062.4,1
1570.41,1
2502.96,1
5825.94,1
6247.35,1
1710.03,1
16342.23,1
7159.15,1
6791.7,1
3945.97,1
358.31,2
5915.85,1
9450.38,1
3111.23,1
1987.84,1
3441.54,1
15276.84,1
14319.92,1
1411.88,1
9454.32,1
2101.28,2
1674.52,2
12144.49,1
11525.61,1
7547.72,1
3648.36,1
3498.28,1
5285.74,1
13696.88,1
10919.02,1
2631.97,1
6090.67,1
14504.47,1
9589.24,1
9537.81,1
3872.1,1
5738.77,1
4059.71,1
3610.02,1
13019.32,1
6329.27,1
1810.35,1
3510.49,1
20701.09,1
1978.62,1
4307.8,1
7437.52,1
4559.61,1
9874.26,1
1423.75,1
3484.77,1
5695.82,2
2186.49,1
9670.81,1
12290.29,1
535.05,1
9299.98,1
3813.2,1
4663.25,1
17540.72,1
3232.58,1
79.75,1
1202.01,1
1117.27,1
10859.26,1
20622.46,1
9599.78,1
1018.53,1
4802.08,1
5563.65,1
15625.28,1
2369.67,1
3852.2,1
1066.96,1
2221.59,1
14587.76,1
8613.95,1
1342.65,1
1116.6,1
7978.82,1
3858.16,1
21110.12,1
2544.08,1
6176.66,1
9091.31,1
6771.28,1
2007.99,1
5528.97,1
13083.32,1
8827.74,1
2849.15,1
142.09,1
88.66,1
16689.97,1
3161.78,1
7632.38,1
6826.38,1
2271.42,1
17749.51,1
10029.41,1
2028.42,1
2672.38,1
4773.37,1
17414.57,1
8917.17,1
11844.71,1
3398.97,1
12872.19,1
14781.07,1
13831.04,1
11378.32,1
20019.91,1
21246.73,1
14158.33,1
5439.11,1
15840.62,1
4622.89,1
11774.29,1
11094.68,1
16186.17,1
2271.93,1
6050.96,1
2527.94,1
4536.78,1
54.92,1
8846.65,1
18615.22,1
19653.4,1
12878.33,1
13215.53,1
3407.93,1
4290.41,2
6450.37,1
8960.58,1
3792.4,1
15247.59,1
1465.87,1
720.52,1
3560.7,1
11887.61,1
1125.79,1
11409.98,1
5519.34,1
5684.17,1
8100.69,1
5921.85,1
3257.23,1
3008.32,1
10155.65,1
2784.93,1
2057.04,1
8125.38,1
3481.15,1
6326.77,1
3749.05,1
432.13,1
12469.01,1
14333.64,1
1329.23,1
6154.19,1
1250.1,1
1946.62,1
6742.95,1
5177.33,2
5394.13,1
2932.95,1
2250.4,1
3186.74,1
6521.23,1
6740.23,2
21351.06,1
2884.21,1
4885.66,1
1633.91,1
2196.46,1
1069.3,1
175.25,1
2406.69,1
2356.67,1
4487.71,1
4673.14,1
1159.0,1
1360.36,1
3617.79,1
1945.86,1
3301.24,1
14192.52,1
446.06,1
15575.99,1
1860.8,1
1978.06,1
10970.27,1
3798.61,1
381.05,1
7389.38,1
16048.08,1
2347.37,1
18380.7,1
13644.33,1
4285.67,1
6089.23,1
13411.4,1
10594.82,1
15160.86,1
18052.82,1
4462.19,1
1037.91,1
16602.78,1
4070.47,1
5481.43,1
1336.88,1
13494.17,1
4176.64,1
4454.01,1
2572.91,1
6684.27,1
10498.88,1
4309.54,1
13184.15,1
1610.52,1
6578.09,1
1759.61,1
944.95,1
17202.74,1
2219.32,1
2929.53,1
18472.54,1
7907.08,1
6813.92,1
20052.12,1
19747.73,1
24463.45,1
3880.32,1
1567.12,1
2812.24,1
13696.9,1
4531.88,1
4014.07,1
1950.76,1
3515.44,1
1789.75,1
7854.86,1
9910.64,1
12931.56,1
3812.49,1
5976.75,1
14779.01,1
6165.71,1
1647.93,1
14766.0,1
11318.02,1
2899.55,1
3244.03,1
8261.56,1
9955.2,1
5603.56,2
24914.76,1
8848.72,1
3185.73,1
18623.51,1
368.26,1
7010.78,1
3618.3,1
2302.99,1
3379.44,1
8183.86,1
4139.24,1
2735.65,1
4442.38,1
13716.66,1
19126.99,1
5141.49,1
12735.08,1
3706.77,1
4109.61,1
12144.18,1
1807.78,1
1197.42,1
5085.89,1
3105.9,2
2647.97,1
16149.46,1
1851.39,1
14942.87,1
8148.03,1
3285.91,1
593.73,2
2730.59,1
22800.38,1
2190.25,1
11984.95,1
10048.9,1
10161.12,2
5864.8,1
14510.25,1
4910.66,1
5134.69,1
5798.16,1
4815.06,1
976.03,1
9630.13,1
6337.12,1
2657.59,1
12972.73,1
8069.95,1
6747.97,1
3492.17,1
18345.61,1
21861.22,1
2020.55,1
9596.27,1
6353.81,1
2335.52,1
6441.35,1
2522.04,1
8998.32,1
14281.11,1
15554.23,1
10622.51,1
14357.42,1
5472.58,1
10010.07,1
12181.72,1
11643.45,1
1887.05,1
2986.48,1
6237.04,2
16583.39,1
2174.57,1
6976.19,1
16201.24,1
6854.84,1
8289.23,1
8412.88,1
9000.07,1
4642.42,1
9445.44,1
3602.94,1
6975.89,1
3130.03,1
12545.58,1
5850.63,1
1743.25,1
3851.42,1
828.86,1
569.45,1
9351.65,1
6307.18,1
7697.73,1
13213.84,1
3722.45,1
3209.22,1
3439.14,1
7425.54,1
18169.73,1
9685.16,1
3803.35,1
13332.15,1
2801.43,1
11785.32,1
3240.84,1
578.04,2
13672.85,1
3874.25,1
121.75,1
4585.71,1
426.37,1
3241.62,1
360.14,1
5075.16,1
5456.09,1
7172.39,1
1892.87,1
3699.3,1
14414.3,1
7000.18,1
6922.35,1
13268.11,1
18360.83,1
17139.32,1
5042.05,1
5997.01,1
913.75,1
4930.3,1
1451.77,1
2065.33,1
15412.66,1
1927.16,1
10855.33,1
3341.45,1
14597.85,1
2989.48,1
9577.7,1
17811.31,1
7328.17,1
262.72,1
11984.56,1
9610.11,1
1986.12,1
9030.38,1
2304.79,1
2529.47,1
1624.35,1
16090.61,1
2658.61,1
11675.64,2
8087.52,1
1360.79,1
4038.8,1
12335.54,1
23412.78,1
15843.79,1
17436.2,1
549.28,1
14565.26,1
16471.4,1
7808.2,1
2249.46,1
11277.79,1
2530.5,1
11653.53,1
2827.57,1
4248.63,1
1223.97,1
6857.54,1
6587.23,1
1781.95,1
2877.64,1
7400.02,2
3079.05,1
9625.66,1
4568.42,1
3053.06,1
16347.48,1
646.15,1
10478.58,1
3940.05,1
405.32,1
806.93,2
3782.03,1
4420.82,1
681.58,1
14634.49,1
9162.95,1
2044.94,1
17451.18,1
20595.59,1
15480.63,1
8413.63,1
21032.39,1
2889.01,1
916.74,1
4599.98,1
5085.19,1
7592.96,1
3246.07,1
4359.37,1
2646.59,1
5117.98,1
598.38,1
1584.47,1
2567.71,1
13702.3,1
6987.16,1
5690.72,1
480.37,1
21556.23,1
3626.06,1
3436.36,1
12051.67,1
1231.67,1
6716.97,1
14787.25,1
12993.59,1
1132.54,1
2975.55,1
10468.97,1
579.06,2
3748.29,1
2572.53,1
4704.06,1
6830.65,1
15946.84,1
5504.51,1
1623.71,1
2115.26,1
21239.78,1
2694.74,1
2765.01,1
7313.81,1
8995.55,1
19983.48,1
9534.69,1
3254.27,1
15350.57,1
3519.8,1
12085.21,1
4101.68,1
6579.85,1
3007.19,1
464.59,1
4501.01,1
2494.19,1
9333.77,1
3813.27,1
6609.86,1
2465.99,1
2728.51,1
10344.65,1
5792.34,1
1504.9,1
293.4,1
15314.83,1
5345.82,1
8018.76,1
1565.95,1
2029.42,1
4212.57,1
8267.46,1
18660.61,1
9349.01,1
1370.58,1
3422.9,1
2704.75,1
14448.71,1
2071.29,1
3082.03,1
2108.06,1
3292.37,1
11471.56,1
15486.73,1
7392.46,1
1322.91,1
5337.41,1
13081.82,1
2863.55,1
2613.47,1
3720.25,1
5897.25,1
3273.17,1
10142.76,1
17309.27,1
15157.79,1
7922.9,1
3639.61,1
12500.89,1
11671.65,1
5904.89,1
1398.17,1
9673.45,1
17186.27,1
2786.85,1
7706.15,1
4299.22,1
2102.25,1
12959.99,1
6766.1,1
6146.81,1
3994.85,1
3343.04,1
10669.42,1
4015.13,1
3228.27,1
3929.93,1
2144.82,1
8875.73,1
1884.49,1
1091.91,1
2801.52,1
7922.91,1
17226.69,1
17867.64,1
6839.78,1
4102.58,1
7551.18,1
5367.04,1
16273.23,1
6872.22,2
1938.18,1
2176.44,1
5722.02,1
2090.77,1
9069.58,1
5652.27,1
16386.62,1
2441.35,1
2278.15,1
4476.84,1
9176.09,1
1317.99,1
2486.58,1
2688.7,1
4932.99,1
258.65,1
2056.41,1
136.78,1
5387.95,1
6011.84,1
6257.64,1
5943.92,1
3824.5,1
5278.46,1
24628.95,1
20528.78,1
3303.96,1
9371.46,1
9610.83,1
2551.31,1
8442.98,1
5701.87,1
8022.7,1
632.75,1
1283.04,1
7077.75,1
1871.08,1
2109.5,1
4591.79,1
17440.6,1
8665.07,1
2008.97,1
1142.25,1
3160.2,1
7069.8,2
14026.23,1
3825.34,1
18685.88,1
227.38,1
742.91,1
5795.8,1
2047.78,1
6935.3,1
7866.42,1
6823.3,1
1815.2,1
10746.13,1
22403.12,1
2512.83,1
1696.67,2
730.27,1
2506.11,1
7114.84,1
388.68,1
2572.06,1
2571.24,1
4708.71,1
10401.23,1
3858.11,1
2582.81,1
14438.89,1
3521.65,1
760.65,1
8931.51,1
1878.83,1
2080.18,1
589.41,1
10338.13,1
9980.31,1
2720.72,1
5133.86,1
8674.03,1
17764.33,1
3462.41,1
13939.65,1
4464.94,1
2582.49,1
2989.59,1
4555.62,1
1253.89,1
5299.91,1
23089.92,1
11173.39,1
9623.81,1
15414.56,1
17033.45,1
11211.42,1
12470.38,1
7342.57,1
3181.52,1
2347.94,1
335.26,1
5684.65,1
4129.72,1
10771.64,1
3306.23,1
10148.33,1
8610.47,1
17043.89,1
6427.47,1
1052.1,1
2287.26,1
5747.69,1
3161.87,1
13538.78,1
51.14,1
16001.07,1
2782.05,1
14708.07,1
8155.46,1
9443.01,1
1712.58,1
4644.09,1
3176.27,1
8557.0,1
9560.11,1
5852.46,1
9981.51,1
5429.78,1
21115.0,1
9976.37,1
10006.96,1
5927.74,1
342.12,1
1064.93,1
3763.53,1
8529.32,1
4549.62,1
717.17,1
10215.11,1
6014.46,1
1514.64,1
10873.46,1
9777.17,1
19618.98,1
2939.23,1
6029.76,1
7558.48,1
5375.46,1
3059.04,1
1641.06,1
6620.65,1
7201.9,1
3487.71,1
1756.7,1
6190.47,1
4367.28,1
8155.35,1
10778.58,1
1690.52,2
6137.38,1
14667.03,1
17419.5,1
2382.76,1
12324.6,1
396.05,1
6631.2,1
197.33,1
10016.37,1
363.92,1
16510.52,1
13453.2,1
13273.25,1
6804.45,1
1765.08,1
20918.34,1
10370.21,1
15242.32,1
3966.08,1
3056.7,1
3348.69,1
6103.79,1
14674.49,1
3744.91,1
11585.95,1
1211.03,2
2067.44,2
15356.69,1
1234.39,1
11770.83,1
3439.9,1
4108.75,1
8372.24,1
2155.95,1
3971.12,1
11980.83,1
7274.68,1
6356.49,1
18524.3,1
5363.49,1
13037.67,1
12880.69,1
12178.05,1
12034.21,1
2415.53,1
3508.37,1
15156.9,1
18553.77,1
58.86,1
14384.99,1
1039.1,1
4925.14,1
5751.87,1
9531.16,1
219.37,1
20759.71,1
2784.14,1
3810.43,1
4242.36,1
1897.87,1
2261.0,1
10247.21,1
16205.75,1
4433.69,1
2379.19,1
12583.17,1
9188.64,1
13939.43,1
5367.93,1
1394.3,1
10301.63,1
10170.07,1
1179.58,1
17924.69,1
619.48,1
17143.6,1
12624.74,1
2644.75,1
4200.38,1
3574.28,1
3628.76,1
3567.52,1
4261.87,1
9639.46,1
3201.06,1
9028.06,1
12239.73,1
4121.24,1
926.9,1
11806.09,1
15662.68,1
1908.42,1
6806.6,2
12262.89,1
8565.06,1
7199.08,1
15673.13,1
7707.71,1
12326.86,1
13848.91,1
22194.78,1
19387.59,1
5429.03,1
11927.86,1
7648.28,1
11145.32,1
19169.61,1
1085.27,1
9612.63,1
12759.72,1
17402.27,1
10369.53,1
3329.31,2
3590.44,1
4486.61,1
1402.59,1
15941.6,1
7932.16,1
396.56,1
13228.99,1
2629.64,1
3337.85,1
1298.55,1
649.58,1
1697.3,1
3841.18,1
21549.99,1
14048.84,1
3304.07,1
8305.49,1
9827.23,1
14251.15,1
19975.28,1
20323.87,1
10495.51,1
4937.19,1
6131.46,1
7649.25,1
5978.99,1
9645.26,1
7975.93,1
13793.57,1
15489.19,1
946.53,1
3679.91,1
4416.69,1
4585.32,1
22061.23,1
8833.59,1
11387.95,1
8040.05,1
3237.11,1
7025.76,1
7506.84,1
349.33,1
8254.05,1
22481.85,1
14701.96,1
13953.24,1
11724.61,1
2496.86,1
7196.35,1
886.71,1
5980.33,1
8925.8,1
16231.48,1
3867.94,1
3387.05,1
7676.63,1
11108.47,1
6681.38,1
4538.75,1
2865.15,1
8842.51,1
4179.21,1
3916.87,1
2389.87,1
2943.97,1
9484.51,1
4746.17,1
8048.66,1
13703.91,1
2764.67,1
10101.36,1
10969.85,1
6044.38,1
10230.59,1
8679.45,1
2071.74,1
12825.98,1
2271.29,1
10233.26,1
2570.22,1
3208.3,1
80.15,1
12034.57,1
5339.38,1
6485.9,1
17288.72,1
2854.24,1
630.63,1
19268.47,1
2520.22,1
5223.08,1
6769.6,1
4267.16,1
3322.33,1
14424.6,1
11818.77,1
17406.97,1
13535.51,1
16230.77,1
775.08,1
8404.89,1
3549.55,1
3229.82,1
13911.42,1
3014.45,1
6818.48,1
115.59,1
11906.34,1
2797.37,1
7874.77,1
3865.69,1
17641.51,1
13746.56,1
3948.12,1
11274.89,1
8006.21,1
8065.58,1
4191.32,1
5818.71,1
19448.05,1
1706.59,1
2007.53,1
13880.05,1
16648.92,1
6278.21,1
2754.46,1
13468.41,1
12371.39,1
20273.11,1
4178.93,1
1761.9,1
2485.9,1
27.11,1
1577.71,1
1379.18,1
1587.8,1
1685.23,1
1089.99,1
4446.43,1
4954.15,1
12948.01,1
2339.07,1
2096.16,1
1170.56,1
17732.48,1
4602.41,1
17720.11,1
108.75,1
15352.52,1
237.33,1
16474.9,1
3086.1,1
10995.38,1
13580.89,1
1770.52,1
4452.11,1
9672.42,1
1177.42,1
1215.67,1
18163.75,1
9357.83,1
2909.62,1
8764.42,1
3729.68,1
1880.29,1
10319.9,1
4171.81,1
3618.79,1
17992.24,1
6143.43,1
7298.57,1
3195.46,1
4236.02,1
2565.76,1
1505.61,1
10079.89,2
6632.96,1
1786.14,1
8021.48,1
7504.52,1
7880.4,1
2228.89,1
6063.2,1
2035.39,1
17529.31,1
3825.38,1
4360.36,1
3506.64,1
8644.63,1
3613.1,1
9224.04,1
10224.98,1
3556.38,1
8542.77,1
4994.5,1
4155.21,1
22865.15,1
1628.6,1
4830.05,1
5298.21,1
1337.44,1
3317.52,1
15093.78,1
1370.35,1
14038.78,1
5538.07,1
15125.53,1
3502.79,1
7360.64,1
13261.15,1
2227.99,1
2666.61,1
6150.71,1
7288.63,1
480.42,1
17116.75,1
21230.34,1
5002.73,1
1318.42,1
10134.63,1
273.54,1
253.36,1
11120.5,1
4189.32,1
430.17,1
2643.0,1
9141.83,1
11884.56,1
14597.55,1
4326.62,1
10296.63,1
276.28,1
1096.17,1
2220.09,1
16600.67,1
1535.27,1
7302.88,1
2071.66,1
7880.76,1
3536.81,1
2384.1,1
3155.51,1
5684.07,1
21164.25,1
3092.11,1
10013.56,1
30.98,1
6023.17,1
5809.65,1
6584.78,1
3288.99,1
5743.64,1
10540.87,1
15119.57,1
1842.62,1
85.77,1
3280.71,1
14631.97,1
7732.12,1
4417.33,1
10932.27,1
18123.59,1
960.07,1
3145.93,1
5622.89,1
2607.1,1
13926.02,1
6146.7,1
605.09,2
4273.07,1
10458.07,1
13389.47,1
4604.65,1
1287.78,1
1480.11,1
2536.16,1
12084.63,1
9563.8,1
4720.91,1
2928.36,1
3454.79,1
1926.5,1
4810.16,1
13912.47,1
17457.98,1
18655.82,1
9358.84,1
4178.27,1
5637.32,1
1579.34,1
2037.29,1
6717.91,1
1383.78,1
16419.76,1
534.8,1
4662.4,1
20575.29,1
9906.7,1
8579.55,1
2630.89,1
193.2,1
2333.77,1
4273.41,1
3444.4,1
5758.47,1
7207.03,1
6677.47,1
1682.32,1
8981.78,1
13679.77,1
2292.34,1
16698.97,1
9945.65,1
1751.38,1
7484.96,1
9700.32,1
11230.47,1
5180.54,1
2100.52,1
2852.31,1
934.12,1
2845.88,1
2872.82,1
4023.5,1
4328.91,1
4496.24,2
6524.28,1
4240.17,1
1438.01,1
524.74,1
20537.26,1
2972.41,1
1602.97,1
16200.12,1
6038.63,1
5019.77,1
1132.73,1
7206.59,1
12117.43,1
12436.55,1
3321.19,1
1335.86,1
9452.44,1
11708.13,1
4553.08,1
14272.52,1
310.19,1
8224.98,1
4138.42,1
22303.5,1
20797.26,1
4134.85,1
2258.88,1
3385.53,1
8759.09,1
15749.98,1
18430.72,1
7148.02,1
3744.7,2
4094.37,1
7251.62,1
13634.13,1
5942.49,1
1475.95,1
11566.32,1
5551.05,1
2997.59,1
770.71,1
12527.43,1
9778.68,1
2323.62,1
9459.52,1
9645.65,1
9060.38,1
5264.46,1
15569.52,1
402.33,1
5099.12,1
20829.65,1
11076.46,1
3016.22,1
13221.77,1
2962.64,1
9355.75,1
8494.73,1
8327.78,1
4712.98,1
5767.25,1
16623.1,1
398.38,1
8818.17,1
1148.45,1
63.42,1
11418.79,1
6264.83,1
6846.85,1
4526.06,1
10069.27,1
8995.81,1
10933.57,1
270.45,1
29.06,1
651.24,1
2678.81,1
3309.62,1
10083.15,1
5151.06,1
5622.38,1
7706.86,1
8609.35,1
11663.36,1
2203.75,1
7309.72,1
6182.49,1
8755.47,1
6113.87,1
3694.89,1
1540.42,1
232.42,1
4164.04,1
10749.49,1
2754.52,1
4881.75,1
14157.88,1
12615.44,1
1599.37,1
2781.93,1
11233.91,1
13526.27,1
544.87,1
7684.61,1
3358.54,1
1016.04,1
3632.38,1
13769.16,1
2396.72,1
18919.03,1
494.0,1
1987.16,1
878.03,1
10444.24,1
14174.88,1
8387.8,1
4118.58,1
2423.6,1
1484.2,1
4450.6,1
8452.0,1
10461.42,1
2075.96,2
3725.51,1
15901.61,1
12149.53,1
8257.59,1
2637.77,1
18806.35,1
8183.68,1
12887.97,1
13916.75,1
3673.63,1
10640.52,1
176.88,1
11501.1,1
3866.51,1
10328.2,1
12848.89,1
8072.21,1
1288.18,1
7792.67,1
3835.21,1
5937.32,1
12811.07,1
9037.79,1
2894.73,1
3239.87,1
1061.8,1
20006.05,1
14038.31,1
4659.7,1
2007.02,1
12791.76,1
9328.15,1
3448.2,1
558.44,1
6385.55,1
4138.43,1
2851.51,1
1452.79,1
2953.18,1
3135.62,1
19215.05,1
11191.46,1
6405.97,1
4622.56,1
20157.29,1
1928.92,1
21652.0,1
10610.04,1
2057.25,1
643.71,1
2325.78,1
8285.86,1
2053.82,1
7315.21,1
3362.79,1
10812.59,1
579.51,1
2534.94,1
10022.09,1
18432.42,1
5420.97,1
13303.36,1
9590.23,1
13034.65,1
9312.95,1
9926.43,1
13436.31,1
1235.38,1
1119.29,1
1262.01,1
5608.2,1
5457.35,1
5714.48,1
4645.19,1
1710.25,1
1149.49,1
8584.02,1
4541.12,1
3379.78,1
7072.65,1
380.02,1
8159.74,1
4473.73,1
3035.97,1
10691.16,1
910.61,1
21848.01,1
1800.76,1
8292.29,1
12530.18,1
5860.59,1
15293.1,1
407.43,2
15309.73,1
4377.13,1
6648.39,1
756.03,1
820.19,1
4999.26,1
3199.23,1
7881.55,1
6818.71,1
8186.56,1
12596.75,1
421.88,1
4493.35,1
889.58,1
17756.62,1
10946.71,1
5725.22,1
360.7,1
13863.95,1
8397.15,1
4950.98,1
4367.55,1
14102.25,1
9513.5,1
15650.07,1
8333.81,1
12772.93,1
990.32,1
4614.99,1
2235.98,1
9707.98,1
790.65,1
15418.54,1
1187.17,1
2622.1,1
4168.94,1
440.98,1
7303.62,1
11153.31,1
2355.99,1
2937.05,1
2634.06,2
4156.38,1
2606.34,1
4598.75,1
6812.49,1
16973.45,1
1956.59,1
12025.27,1
10183.89,1
9440.26,1
1613.01,1
241.51,1
10315.98,1
9844.56,1
4444.22,1
3354.85,1
3715.87,1
7911.03,2
1852.83,1
1437.33,1
5408.58,1
22941.48,1
14081.18,1
12856.86,1
4081.75,1
6539.9,1
1653.64,1
3123.31,1
5318.15,1
2735.34,1
2499.05,1
2538.55,1
10530.82,1
5551.69,1
9851.96,1
7839.76,1
13430.93,1
2614.06,1
18355.79,1
4379.68,1
12829.71,1
632.45,1
5109.4,1
5979.94,1
2560.0,1
12706.38,1
1484.65,1
6180.01,1
2404.84,1
6326.62,1
10708.48,1
5754.74,1
19877.01,1
3620.78,1
19057.34,1
2157.22,1
6868.23,1
5815.16,1
8669.61,1
3863.9,1
23280.87,1
6033.74,1
4865.1,1
21074.87,1
6484.47,1
12029.17,1
2705.73,1
14399.52,1
13451.68,1
425.37,1
2471.54,1
6663.29,1
3763.27,1
3390.84,1
5456.68,1
2367.19,1
5439.49,1
3573.59,1
24135.19,1
4094.97,1
5864.95,2
269.92,1
6247.02,2
7670.36,1
3304.69,1
3067.51,1
5493.61,2
9762.69,1
3061.25,1
5184.46,1
6101.62,1
13480.62,1
4564.09,1
574.61,1
2733.51,1
11768.76,1
1099.92,1
8928.62,1
16466.86,1
7547.02,1
2436.21,1
8780.63,1
4492.97,1
1943.05,1
10299.75,1
1155.11,1
2510.9,1
10780.25,1
3202.72,1
2513.65,1
4485.32,1
10372.7,1
14274.43,1
12856.85,1
9070.75,1
4683.52,1
606.01,1
20637.18,1
880.62,1
4793.94,1
18939.54,1
3176.98,1
700.0,1
14036.78,1
5044.1,1
13130.24,1
5046.6,1
5652.28,1
15638.86,1
9731.8,1
3959.12,1
9252.18,1
4093.39,1
17533.29,1
9369.6,1
15908.6,1
1484.66,1
2818.91,1
1152.45,1
3450.22,1
6466.8,1
4709.0,1
2602.91,1
8924.03,1
14315.46,1
4635.6,1
1200.33,1
4977.46,1
10994.25,1
2358.1,1
3947.33,1
1472.72,1
1987.53,1
5976.54,1
6222.28,1
6084.0,1
7511.16,1
22998.29,1
7365.29,1
2518.14,1
11296.93,1
13178.52,1
5205.23,1
7328.7,1
594.37,1
7087.35,1
4238.61,1
3048.74,1
4594.84,1
15878.01,1
19165.05,1
22161.11,1
15291.26,1
380.08,1
6043.07,1
3769.43,1
11221.87,1
12665.89,1
19465.6,1
2324.05,1
8379.0,1
1269.3,1
5780.33,1
8128.98,1
4464.81,1
8085.51,1
1793.65,1
5156.59,1
12929.24,1
6477.89,1
11530.48,1
7072.55,1
7114.21,2
5185.27,1
6652.61,1
13315.5,1
5560.97,2
16297.34,1
1971.15,1
10414.94,1
6073.81,1
778.95,1
5497.97,1
3085.1,1
7552.28,1
2978.05,1
8448.01,1
11099.0,1
5515.65,1
10960.63,1
11950.42,1
18250.64,1
23372.38,1
17552.12,1
4270.35,1
6377.24,1
5482.56,1
2007.74,1
231.34,1
7043.3,1
6248.77,1
3751.55,1
10413.76,1
8038.31,1
7386.26,1
2383.35,1
4680.73,1
1578.47,1
14703.74,1
8868.29,1
287.79,1
3033.74,1
6420.16,1
9135.92,1
9270.69,1
13775.62,1
21842.53,1
7928.1,1
13199.4,1
9273.84,1
593.87,1
17900.91,1
3340.01,1
6648.69,1
22645.29,1
13202.37,1
7572.04,1
10712.66,1
3383.62,1
3649.99,1
12020.41,1
4223.05,1
5051.93,1
16125.48,1
1664.23,1
12627.26,1
2109.34,1
11987.97,1
10827.23,1
2325.95,1
2867.86,1
14888.8,1
3854.06,1
5425.38,1
3635.65,1
4270.59,1
840.44,1
23331.99,1
5047.7,1
525.77,1
2769.1,1
5372.18,1
11203.83,1
13773.82,1
2197.99,1
7318.36,1
9152.74,1
5463.7,1
5574.37,1
2508.3,1
8835.26,1
4562.22,1
10070.62,1
2979.64,1
7642.62,1
7055.35,1
1312.26,1
16605.56,1
5721.21,1
7387.76,1
7786.44,1
5800.33,1
8313.7,1
7303.04,1
18186.85,1
17718.69,1
13720.61,1
4595.6,1
8277.77,1
1489.47,1
3550.8,1
1378.95,1
4062.77,1
10485.35,1
9922.62,1
4830.4,1
535.39,1
6774.17,1
1310.18,1
1818.99,1
15074.13,1
6386.38,1
2229.64,1
11611.92,1
3507.28,1
58.55,1
5991.91,1
1245.49,1
2534.36,1
3141.75,1
10278.96,1
7787.76,1
3595.37,1
4776.2,1
5764.14,1
2938.16,1
769.44,1
10542.23,1
17849.83,1
6035.79,1
646.59,1
3490.56,1
14955.11,1
7775.8,1
3380.23,1
5006.98,1
12014.44,1
10727.77,1
2603.62,1
8553.54,1
30.73,1
2883.64,1
16283.61,1
4266.2,1
3219.78,1
2822.45,1
9092.75,1
1572.37,1
1681.95,1
11522.45,1
1276.38,2
7281.17,1
4907.52,1
10848.93,1
3019.58,1
4212.38,1
767.74,1
870.58,1
1134.91,1
2991.69,1
4786.49,1
3252.93,1
2099.48,1
5067.64,1
2469.45,1
4412.64,1
7854.63,1
21889.52,1
859.37,1
8477.93,1
3087.48,1
5656.5,1
1520.65,1
1422.66,1
7404.62,1
1393.61,1
18434.68,1
7462.04,1
7460.87,1
11879.86,1
1458.66,1
3998.68,1
5732.73,1
13013.14,1
4437.07,1
16060.47,1
1865.67,1
2045.74,1
2767.29,1
9059.26,1
2821.25,1
2067.33,1
5195.31,1
17563.72,1
1918.27,1
5961.68,1
6030.84,1
4123.34,1
8094.87,1
8680.92,1
7244.97,1
1317.87,1
5925.35,1
3924.4,1
2499.95,1
16126.71,1
3008.44,1
4030.33,1
16025.59,1
16941.26,1
5259.09,1
6851.87,1
13216.1,1
975.44,1
18812.86,1
9694.89,1
2154.34,1
6368.12,1
12129.97,1
10569.34,1
15110.53,1
16017.17,1
4271.59,1
11707.73,1
11978.34,1
3739.73,1
8091.04,1
1609.76,1
6534.85,1
2471.36,1
1135.19,1
8904.46,1
12879.07,1
5236.29,1
5085.5,1
2428.86,1
3491.5,1
18372.06,1
15820.2,1
9463.0,1
12851.83,1
13503.87,1
8858.19,1
14026.65,1
2531.07,1
5923.93,1
8874.96,1
7142.91,1
9027.31,1
3264.48,1
13074.1,1
8458.31,1
3264.41,1
17042.49,1
3463.7,1
9923.24,1
6427.52,1
6888.34,1
10806.3,1
13297.41,1
2511.14,1
2568.73,1
1405.18,1
15408.04,1
6421.44,1
15469.18,1
21109.18,1
7587.81,1
4692.99,1
14067.53,1
3743.97,1
7728.88,1
3723.67,1
3724.36,1
11764.36,1
15862.3,1
22023.54,1
9020.28,1
2984.67,1
19730.83,1
3715.77,1
7596.66,1
4153.63,1
8409.12,1
3161.96,1
12702.66,1
1502.21,1
18395.18,1
11859.66,1
5547.66,1
18397.77,1
13980.31,1
10254.0,1
1412.31,1
6425.17,1
4559.18,1
8376.83,1
5267.37,1
3236.27,1
9107.73,1
8121.98,1
6622.98,1
11693.74,1
6239.06,1
1490.01,2
14681.79,1
12995.42,1
8757.21,1
4456.64,1
295.72,1
4683.72,1
11474.58,1
4570.27,1
11530.67,1
627.43,1
4380.12,1
11612.87,1
5253.24,1
5428.19,1
4631.54,1
2136.94,1
12670.31,1
9905.91,1
4110.67,1
9815.51,1
3768.87,1
9686.56,1
17417.3,1
610.56,1
12311.65,1
13641.08,1
814.88,1
5654.15,1
419.74,1
11381.36,1
1947.06,1
19837.36,1
15125.32,1
5128.84,1
1339.83,1
1333.96,1
1746.05,1
251.64,1
5862.93,1
5250.32,1
7764.97,1
3410.84,1
3003.5,1
8853.85,1
4724.83,1
2136.07,1
2130.86,1
9995.63,1
9753.06,1
9726.98,1
320.46,1
8032.58,1
5100.63,1
1524.36,1
19254.81,1
3621.66,1
8822.85,1
15996.9,1
2703.44,1
1285.51,1
672.44,1
2956.32,1
415.07,1
9541.05,1
619.74,1
2673.92,1
4106.73,1
2498.5,1
12262.16,1
2176.89,1
13529.6,1
4050.46,1
639.79,2
6829.96,1
4426.39,1
6477.5,1
14271.12,1
1726.69,1
15751.73,1
5050.57,1
547.75,1
10018.29,1
19039.56,1
320.64,1
17198.3,1
1141.8,1
10085.68,1
13173.51,1
3152.44,1
1339.78,1
12691.39,1
5421.13,1
11921.23,1
2390.2,1
2710.14,1
7639.82,1
3738.89,1
8913.47,1
19264.88,1
10035.98,1
6211.49,1
558.34,1
18857.13,1
2881.4,1
2411.14,1
7484.03,1
1245.02,1
10813.0,1
7169.86,1
14006.75,1
2434.46,1
18214.75,1
6816.58,1
6050.0,1
3260.49,1
203.27,1
286.6,1
3699.84,1
9105.72,1
15524.48,1
13662.6,1
3563.63,1
4192.83,1
12917.86,1
13527.18,1
1122.15,1
14516.51,1
3786.13,1
16318.69,1
14381.05,1
8475.78,1
22691.34,1
231.72,1
6586.84,1
802.77,1
1445.79,1
9877.63,1
7094.73,1
20914.84,1
12664.44,1
1321.75,1
8094.46,1
6711.44,1
16316.52,1
15632.0,1
5612.78,1
9330.99,1
2326.05,1
14693.14,1
1750.68,1
1626.12,1
6775.84,1
4138.26,1
9428.36,1
4603.44,1
5079.63,1
12910.53,1
1974.37,1
5341.05,1
736.02,1
8432.36,1
4469.47,1
3121.89,1
3643.7,1
15260.57,1
11520.03,1
6542.92,1
7151.27,1
6061.45,1
7555.85,1
2722.74,1
7953.36,1
7205.14,1
1243.83,1
1128.77,1
7211.79,1
1318.34,1
3298.7,1
13493.35,1
10087.37,1
6932.03,1
3058.7,1
1546.84,1
12560.27,1
12706.26,1
13298.89,1
9471.65,1
1750.47,1
3993.31,1
3525.89,1
6948.61,1
7866.97,1
10397.07,1
11944.59,1
2341.16,1
1379.3,1
1347.16,1
10444.37,1
22499.28,1
4049.64,1
10428.49,1
1869.96,1
8791.34,1
5753.75,1
11123.01,1
857.89,1
8822.31,1
11006.25,1
13954.71,1
8854.23,1
10443.65,1
1016.44,1
5740.57,1
3411.38,1
3101.88,1
7294.82,1
22328.76,1
16598.99,1
11021.94,1
4896.31,1
4782.32,1
1640.8,1
5627.64,1
18635.8,1
13359.48,1
3465.31,1
2406.79,1
17177.2,1
21416.25,1
12165.71,1
1528.78,1
18791.42,1
15216.26,1
6429.24,1
7243.85,1
13379.62,1
7002.77,1
6159.76,1
556.12,1
1881.03,1
2548.42,1
3166.11,1
1988.0,1
17348.99,1
4793.18,1
7500.78,1
6300.5,1
8761.65,1
11789.96,1
12533.47,1
13609.97,1
16729.3,1
2812.06,1
14545.2,1
3988.64,1
6027.19,1
21744.75,1
1540.13,1
1227.15,1
6053.17,1
2841.9,1
8795.82,1
2970.29,1
2743.33,1
8727.11,1
6429.81,1
6085.15,1
18321.35,1
14039.05,1
15237.89,1
6065.92,1
11188.82,1
23733.2,1
4448.46,1
7262.43,1
17690.79,1
2702.3,1
91.0,1
6891.86,1
1203.3,1
5646.99,1
1084.69,1
889.45,1
3733.02,1
11798.79,1
8165.51,1
2031.64,1
2589.22,1
3541.39,1
16601.39,1
3014.61,1
13435.27,1
836.79,1
7002.31,1
7041.28,1
7228.02,1
6097.42,1
3714.25,1
1520.79,1
5428.95,1
8542.8,1
14498.98,1
6032.43,1
7649.15,1
3589.1,1
4518.64,1
6318.09,1
16390.82,1
16062.55,1
3428.2,1
19492.93,1
5141.71,1
2731.48,2
2941.27,1
2532.63,1
1736.75,1
3011.31,1
13515.35,1
3766.2,1
7575.46,1
472.82,1
1014.77,1
16530.33,1
8594.6,1
15720.99,1
8098.28,1
13573.68,1
4266.37,1
9055.69,1
13766.29,1
7135.76,1
5919.4,1
2652.83,1
13741.69,1
11512.15,1
20001.25,1
13210.77,1
9201.14,1
2338.54,1
4075.01,1
2654.54,2
3589.98,1
12836.96,1
3845.25,1
1986.55,1
9055.22,1
3737.57,1
12783.46,1
863.59,1
9459.87,1
697.43,1
22497.64,1
13305.25,1
5710.11,1
6611.72,1
5202.5,1
4448.21,1
291.84,1
7352.03,1
4403.28,1
3378.97,1
2591.53,1
5355.09,1
6145.45,1
2501.32,1
5096.66,1
3532.85,1
2321.61,1
10532.92,1
1477.82,1
9315.1,1
1732.5,1
2412.17,1
4953.99,1
12903.63,1
2886.95,1
8486.04,1
9150.07,1
4359.49,1
4853.38,1
513.04,1
1488.08,1
11173.45,1
3025.22,1
6350.74,2
4798.6,1
7828.35,1
21115.12,1
14738.38,1
4336.1,1
584.74,1
18862.77,1
4608.99,1
8524.4,1
2641.86,1
1455.64,1
6614.0,1
3665.33,1
5599.81,1
2205.03,1
6643.42,1
5312.33,1
6508.99,1
18191.22,1
2368.8,1
2776.43,1
1812.31,1
14747.76,1
437.44,1
1671.84,1
11115.29,1
17700.71,1
8092.19,1
5009.47,1
12519.63,1
6286.9,1
1811.72,1
2239.26,1
9949.95,1
4929.86,1
12230.66,1
7891.56,1
5227.4,1
4309.5,1
22635.87,1
1386.04,1
11813.06,1
1189.62,1
1734.22,1
22176.33,1
3195.74,1
387.79,1
9899.91,1
1745.3,1
1851.67,1
9080.72,1
3986.69,1
1657.6,2
5754.69,1
1498.28,1
11094.33,1
8084.0,1
7302.43,1
19752.43,1
3436.14,1
1208.9,1
2212.1,1
5875.42,1
9621.01,1
2571.9,1
3113.07,1
9259.49,1
5094.76,1
3482.24,1
1957.4,1
3550.89,1
4358.07,1
3346.19,1
3586.21,1
2222.03,1
21658.86,1
15555.42,1
5280.28,1
13936.6,1
23491.12,1
14073.83,1
8204.39,1
11404.97,1
4895.08,1
12373.38,1
17922.81,1
8502.32,1
8788.18,1
6722.64,1
3510.09,1
3936.57,1
1600.18,1
15433.98,1
18747.96,1
10665.51,1
250.95,1
5828.99,1
1489.17,2
7773.55,1
7423.96,1
8053.38,1
13975.38,1
2328.42,1
7820.19,1
2505.79,1
3183.29,1
12147.19,1
76.74,1
8578.94,1
3071.1,1
13550.1,1
13573.55,1
4802.39,1
10605.79,1
933.51,1
208.2,1
10447.64,1
14676.8,1
5513.99,1
4920.51,1
10343.34,1
5842.68,1
6167.28,1
13407.75,1
762.36,1
9587.19,1
3595.45,1
20103.1,1
2098.13,1
2151.43,1
4017.04,1
17091.16,1
9688.75,1
9752.15,1
7333.28,1
2287.2,1
6909.44,1
5717.94,1
795.29,1
801.25,1
9025.74,1
287.42,1
530.42,1
4899.22,1
764.12,1
21232.59,1
22762.19,1
10660.39,1
13568.08,1
14426.04,1
794.43,1
3354.26,1
15683.68,1
4131.94,1
3293.21,1
14726.56,1
13830.21,1
13167.63,1
19974.8,1
5330.91,1
12725.25,1
7154.4,1
8390.66,1
3821.36,1
6626.49,1
588.13,1
3772.86,1
19077.84,1
16705.65,1
3135.36,1
9234.25,1
5152.6,1
3568.55,1
12801.16,1
5269.35,2
19549.66,1
10005.41,1
510.06,1
4159.86,1
13582.41,1
8049.83,1
262.24,1
18254.6,1
2322.85,1
4902.01,1
23661.92,1
1729.18,1
7030.01,1
10297.06,1
16573.51,1
407.59,1
5462.81,1
4800.46,1
12276.01,1
5130.9,1
5493.69,1
3413.81,1
3460.08,1
1252.54,1
5083.78,1
325.14,1
7258.92,1
1937.71,2
747.11,1
7345.98,1
313.49,1
3912.08,1
6920.59,1
8891.67,1
1203.43,1
751.97,1
2180.54,1
8916.38,1
1527.82,1
7507.62,1
7314.03,1
16197.07,1
1733.49,1
13750.96,1
5582.15,1
144.75,1
7779.07,1
7211.45,1
3089.05,1
7965.7,1
6012.19,1
13029.78,1
3292.49,1
10647.66,1
9557.99,1
4348.95,1
3244.57,1
22405.54,1
7608.54,1
4493.61,1
9681.27,1
10270.7,1
1203.4,1
8912.12,1
5439.71,1
12985.87,1
5425.33,1
7630.07,1
4722.59,1
5674.08,1
3836.22,1
413.97,1
13181.08,1
7358.7,1
21094.56,1
543.04,1
7865.27,1
4062.25,1
9909.02,1
8911.21,1
7083.75,1
4073.84,1
2097.21,1
9963.58,1
836.9,1
15348.84,1
7837.55,1
18797.67,1
11467.15,1
1826.88,1
9483.53,1
20053.8,1
5057.65,1
3931.34,1
15049.39,1
6995.04,1
678.76,1
2513.15,1
8516.34,1
5132.13,1
990.65,1
8932.17,1
4079.53,1
29.27,1
431.37,1
21402.33,1
6577.41,1
6109.42,1
18475.16,1
2525.76,1
18344.43,1
3090.06,1
4331.87,1
18471.96,1
1655.92,1
11939.44,1
2080.32,1
17435.35,1
11473.07,1
11059.05,1
18238.91,1
1585.33,1
1064.22,1
7074.12,1
8872.32,1
4067.07,1
1487.88,1
3253.17,1
7277.88,1
11958.0,1
582.39,1
3136.24,1
593.08,1
5658.0,1
16350.09,1
10231.6,1
2519.92,1
12782.25,1
2016.11,1
4358.63,1
6113.63,1
3774.51,1
5598.17,1
9104.24,1
21438.12,1
1267.18,1
13535.85,1
13099.28,1
10298.44,1
4857.08,1
11368.25,1
15321.85,1
3258.65,1
3242.3,1
5563.38,1
6732.37,1
16803.17,1
2237.68,1
4828.47,1
4632.11,1
2419.46,1
1402.26,1
13334.02,1
2437.26,1
9581.93,1
4170.56,1
10313.58,1
2635.39,1
11273.49,1
2874.14,1
2326.95,1
2059.8,1
59.11,1
5458.69,1
12164.67,1
4704.21,1
2478.41,1
10249.74,1
3386.26,1
6089.58,1
3814.03,1
518.2,1
6800.1,1
1586.25,1
2143.22,1
6159.86,1
4015.83,1
7130.85,1
4747.16,1
5043.55,1
10682.73,1
12312.2,1
1093.39,1
8063.99,1
1580.94,1
9543.82,1
6980.44,1
11258.21,1
12174.5,1
12399.55,1
9713.98,1
4649.57,1
4930.25,1
6109.84,1
4691.08,1
4169.22,1
485.32,1
303.06,1
10240.49,1
21794.72,1
14820.64,1
2621.03,1
4381.24,1
5234.79,1
3645.17,1
23350.81,1
4934.45,1
3051.87,1
717.19,1
21741.74,1
11489.87,1
753.88,1
19209.75,1
3292.11,1
2422.49,1
4388.92,1
8577.2,1
9386.13,1
18293.69,1
6737.61,1
11529.48,1
30.61,1
4440.65,1
4004.36,2
2746.45,1
7268.08,1
1943.36,1
3815.73,1
3065.01,1
2571.36,1
13455.65,1
485.73,1
15887.68,1
14631.85,1
3311.86,1
4101.24,1
4833.84,1
6253.9,1
11700.56,1
3307.43,1
7345.43,1
1125.09,1
11095.36,1
1486.05,1
2049.01,1
710.41,1
2026.04,1
2524.47,1
14717.14,1
12450.14,1
2739.65,1
4992.95,1
9305.4,1
6559.16,1
11734.34,1
3988.65,1
2054.91,1
87.28,1
4770.0,1
957.92,1
4936.73,1
677.8,1
15137.16,1
10192.87,1
17522.15,1
8915.22,1
12707.03,1
6051.01,1
2174.75,1
11886.21,1
2816.34,1
1137.55,1
10247.28,1
3873.28,1
12375.76,1
1262.55,1
2491.6,1
20933.3,1
11211.95,1
3673.26,1
11831.13,2
6686.78,1
1266.85,1
12761.28,1
16828.63,1
6587.89,1
6644.22,1
7710.18,1
1172.23,1
15103.75,1
15814.76,1
7249.13,1
1947.08,1
2516.07,1
7775.47,1
6999.94,1
12463.05,1
16241.44,1
12793.54,1
1439.26,1
4129.42,1
2651.72,1
12914.96,1
5119.08,1
309.11,1
3389.17,1
16677.26,1
803.76,1
9182.84,1
3471.68,1
1369.52,1
6021.54,1
5621.33,1
1747.37,1
16378.2,1
11802.41,1
10984.93,1
15339.51,1
8220.39,1
8426.6,1
6440.16,1
11322.14,1
3268.12,1
4187.72,1
1413.78,1
343.57,1
2927.2,1
9885.56,1
4667.07,1
7110.96,1
15601.53,1
18929.59,1
2108.39,1
4037.48,1
11936.32,1
7209.83,1
14777.51,1
300.88,1
2791.56,1
7434.24,1
14933.34,1
8742.62,1
6539.41,1
5023.66,1
6164.45,1
2083.04,1
5669.13,1
8095.88,1
11721.61,1
13128.77,1
795.93,1
692.7,2
5049.59,1
8237.33,1
6421.16,1
336.85,1
14275.94,1
11590.19,1
12535.94,1
6770.56,1
1217.89,1
7404.56,1
18359.9,1
13514.83,1
15239.98,1
6631.51,1
5536.1,1
6078.86,1
16803.76,1
20774.51,1
15776.77,1
924.39,1
5670.24,1
7663.83,1
8351.06,1
3069.9,1
9308.83,1
7424.98,1
2586.63,1
16788.34,1
17044.8,1
2405.25,1
8229.55,1
16882.9,1
22119.85,1
5968.87,1
2118.89,1
3422.94,1
12239.12,1
9990.45,1
6814.36,1
8892.31,1
10053.72,1
2500.81,1
3220.18,1
11244.71,1
12498.74,1
20688.5,1
16318.5,1
12963.9,1
6995.4,1
5115.4,1
2575.09,1
1798.39,1
12573.96,1
10305.61,1
13683.44,1
1291.68,1
12041.82,1
3501.47,1
10931.11,1
3990.75,1
7279.22,1
2353.89,1
8789.95,1
6863.12,1
1517.23,1
2101.33,1
13064.84,1
21888.14,1
4438.2,1
12506.86,1
6848.57,1
3842.35,1
4193.79,1
2172.29,1
2085.17,1
3573.07,1
2853.45,1
1827.56,1
10545.52,1
5904.77,1
13958.6,1
21238.51,1
8178.09,1
3151.22,1
1355.09,1
17151.71,1
3676.09,1
3882.82,1
2166.5,1
10487.66,1
17454.22,1
4235.01,1
2527.96,1
807.74,1
398.88,1
3982.69,1
14741.61,1
4285.03,1
2996.68,1
2646.01,1
5034.97,1
3426.96,1
2924.73,1
5372.56,1
7178.75,1
12233.92,1
2922.46,1
9293.99,1
8010.48,1
6281.83,1
21745.95,1
2229.33,1
3583.02,1
1416.92,1
4785.3,1
1806.89,1
9760.22,1
16439.86,1
3073.37,1
5496.28,1
8342.66,1
13582.49,1
3565.53,1
19000.03,1
1369.97,1
8335.88,1
3670.36,1
6949.79,1
15245.62,1
4231.92,1
4374.0,1
5415.38,1
5387.38,1
8749.9,1
3110.14,1
2115.82,1
17624.97,1
5008.38,1
10189.64,1
13101.13,1
11181.44,1
16187.52,1
1615.53,1
17555.59,1
8448.89,1
10895.29,1
4542.88,1
1550.15,1
12862.35,1
5018.67,1
3909.44,1
14880.4,1
2277.08,1
2802.84,1
13875.88,1
3576.19,1
4462.07,1
88.76,1
1735.25,1
17453.23,1
7837.04,1
6102.77,1
17306.42,1
4923.94,1
4598.02,1
7680.63,1
8859.79,1
13001.84,1
4360.54,1
3833.97,1
5815.53,1
2764.03,1
82.69,1
2441.12,1
3103.29,1
7970.37,1
1995.58,1
10298.14,1
1447.54,1
1398.34,1
6065.96,1
6530.38,1
7277.69,1
2160.35,1
8451.68,1
1540.99,1
7658.34,1
3429.43,1
13055.6,1
194.35,1
6992.02,1
20992.03,1
8112.98,1
427.89,1
3877.78,1
14866.35,1
4140.15,1
479.4,1
10375.8,1
15761.0,1
172.53,1
18966.49,1
1315.12,1
16882.62,1
2909.09,1
5960.0,1
12338.03,1
2105.61,1
801.92,1
1638.17,1
12126.08,1
6317.15,1
2289.36,1
7269.08,1
12392.85,1
13160.05,1
8800.45,1
9363.98,1
7271.72,1
5389.24,1
5801.57,1
14347.01,1
3548.35,1
5858.41,1
1868.94,1
1674.87,1
2293.62,1
14811.28,1
9289.14,2
2480.79,1
2617.28,1
7142.92,1
6909.42,1
1978.33,1
2514.59,1
13604.05,1
12159.35,1
7553.55,1
2462.46,1
8190.31,1
1779.79,1
17106.4,1
16133.38,1
13675.35,1
6308.21,1
12039.07,1
5712.28,1
1795.66,1
9367.47,1
1240.73,1
142.73,1
4431.3,1
16637.36,1
12321.65,1
631.64,1
2440.84,2
1459.96,1
11726.84,1
18331.5,1
2200.95,1
1515.66,1
12814.92,1
3934.16,1
907.63,1
20180.42,1
19886.15,1
14683.42,1
6049.67,1
13024.55,1
4908.0,1
17940.46,1
4338.37,1
10707.6,1
8130.47,1
4040.36,1
5151.2,1
6024.68,1
4329.67,1
10797.13,1
18616.84,1
587.37,1
5399.25,2
1137.48,1
6853.69,1
4984.22,1
50.47,1
22562.55,1
15655.48,1
3064.69,1
7783.97,1
1242.51,1
3819.19,1
3083.82,1
18882.68,1
3624.67,1
2815.1,1
8682.56,1
4784.23,1
5244.73,1
3480.45,1
14335.52,1
167.46,1
770.44,1
13859.33,1
8722.79,1
14260.38,1
4505.64,1
20824.93,1
12849.43,1
6215.66,1
7832.27,1
7863.13,1
2107.74,1
4298.02,1
5763.54,1
11582.07,1
9209.03,1
3425.18,1
19487.87,1
13388.32,1
2928.02,1
6816.16,1
1055.25,1
1606.26,1
8302.87,1
1000.1,1
3146.32,1
1621.72,1
2483.33,1
1289.73,1
2102.09,1
2826.84,1
10701.7,1
14415.35,2
14533.04,1
12372.87,1
8597.54,1
5568.05,1
12288.2,1
4173.55,1
5060.87,1
8478.8,1
5534.73,1
16487.64,1
6766.27,1
9416.2,1
5549.84,1
15225.01,1
15918.05,1
5446.88,1
2782.25,1
7582.0,1
879.63,1
15085.12,1
5694.69,1
2490.72,1
4793.67,1
3527.61,1
3580.96,1
12729.42,1
2566.05,1
12182.6,1
3364.85,1
13221.11,1
2544.59,2
562.5,1
1893.76,1
9839.03,1
7076.94,1
5868.83,1
10342.78,1
2406.63,1
5417.38,1
1846.63,1
1537.73,1
1745.13,1
5666.72,1
21001.95,1
10800.34,1
1293.17,1
5621.93,1
772.44,1
535.59,2
2779.36,1
410.17,1
61.79,1
18710.26,1
15277.41,1
18139.44,1
8149.41,1
3130.56,1
2816.81,1
377.79,1
1939.55,1
2648.92,1
658.83,1
10371.36,1
19864.08,1
4451.15,1
264.82,1
22030.91,1
3790.91,1
8339.03,1
3632.84,1
6348.04,1
11229.94,1
19462.17,1
7300.24,1
14390.97,1
3001.34,1
8899.22,1
8049.02,1
3223.19,1
7989.6,1
13024.3,1
2649.71,1
19278.85,1
5905.87,1
11229.31,1
11243.44,1
1078.73,1
6766.67,1
6122.18,1
3677.31,1
2857.8,1
3333.33,1
3087.31,1
2555.66,1
2335.93,1
11817.84,1
214.87,1
16598.35,1
12586.31,1
19561.14,1
11346.05,1
5043.39,1
15503.05,1
3306.76,1
5475.7,1
6857.49,1
6312.16,1
7839.88,1
1527.89,1
15519.13,1
1751.8,1
2313.27,1
7377.16,1
4656.83,1
2860.8,1
16599.31,1
15320.37,1
14629.66,1
2011.24,1
1103.11,1
6127.24,1
183.98,1
6821.42,1
11510.81,1
160.5,1
11725.74,1
20249.01,1
2545.79,1
16270.64,1
4841.25,1
12388.81,1
2832.2,1
9875.08,1
2334.7,1
22926.86,1
9839.4,1
9226.41,1
6299.6,1
7644.05,1
3233.34,1
4106.34,1
13428.64,1
2259.5,1
2516.95,1
13920.92,1
8656.91,1
2673.94,1
225.86,1
6873.91,1
7759.11,1
17515.98,1
7027.97,1
12444.95,1
3475.88,1
14373.67,1
1852.17,1
4477.67,1
9090.82,1
3271.7,1
1208.03,1
426.91,1
6375.53,1
4761.59,1
18685.54,1
6632.03,1
8173.89,1
9655.71,1
11858.32,1
1593.84,1
1688.06,1
251.12,1
3977.91,1
9953.26,1
4124.93,1
5325.61,1
2417.48,1
3804.54,1
4233.98,1
4269.36,1
12463.04,1
13509.01,1
1802.35,1
3604.94,1
812.24,1
8669.3,1
12955.17,1
1509.79,1
7333.85,1
7141.1,1
6589.27,1
13168.88,1
810.35,1
12898.21,1
658.65,1
1018.5,1
9332.16,1
8245.63,2
9423.87,1
8681.14,1
6016.9,1
842.5,1
6404.65,1
2386.34,1
4690.77,1
9333.81,1
1234.73,1
9566.27,1
4540.95,1
985.48,1
16112.22,1
21406.7,1
10363.57,1
1352.85,1
4770.72,1
5036.38,1
1512.88,1
322.22,1
12721.32,1
13796.78,1
1938.92,1
17398.23,1
6693.75,1
7972.51,1
2249.81,1
4666.98,1
1427.16,1
5201.87,1
5922.85,1
12456.57,1
6807.02,1
8178.66,1
4061.63,1
5638.91,1
7361.22,1
10771.36,1
21050.4,1
5660.35,1
8045.27,1
19935.26,1
5752.2,1
11008.3,1
9284.4,1
2658.78,1
2262.35,1
2525.0,1
11664.05,1
4980.71,1
7872.3,1
3789.27,1
2747.2,1
2121.87,1
4624.36,1
14417.91,1
14483.31,1
909.3,1
16129.5,1
14787.87,1
13463.42,1
9430.12,1
1643.1,1
7645.1,1
5568.04,1
1263.58,1
11658.73,1
12618.67,1
14941.81,1
16297.86,1
4024.63,1
849.86,1
7115.48,1
1740.98,1
7480.14,1
2668.27,1
3335.86,1
6568.62,1
3974.3,1
5908.94,1
1806.26,1
9105.84,1
4451.28,1
14439.96,1
4265.69,1
15338.68,1
3007.26,1
1058.24,1
5021.74,1
2905.79,1
1058.38,1
6743.12,1
417.45,1
5961.66,1
299.55,1
829.24,1
2752.0,1
5621.79,1
233.3,1
4906.24,1
3764.82,1
5704.43,1
9940.17,1
8231.08,1
2073.3,1
10627.37,1
1166.19,1
1826.75,1
13455.52,1
4413.89,1
12030.87,1
14615.49,1
13404.21,1
1431.25,1
16077.85,1
4960.57,1
335.9,1
5495.21,1
4566.17,1
3960.34,1
6176.84,1
3638.68,1
1421.13,1
5766.49,1
18983.72,1
12798.21,1
7051.12,1
3201.83,1
11238.78,1
10388.61,1
9365.34,1
6834.25,1
16847.67,1
1905.08,1
4922.36,1
11761.06,1
4813.07,1
3444.51,2
3721.39,1
9432.75,1
8100.46,1
11961.12,1
11255.38,1
7804.35,1
3972.63,1
1570.28,1
6398.04,1
16054.05,1
1039.77,1
2677.86,1
1936.12,1
22676.0,1
5933.29,1
6203.66,1
9141.63,1
4212.42,1
19346.52,1
13824.93,1
8295.11,1
14527.56,1
353.69,1
4685.2,1
1378.72,1
6319.81,1
9435.66,1
3035.76,1
3539.76,1
3265.11,1
6203.4,1
10982.86,1
7888.11,2
12026.12,1
8072.79,1
2918.7,1
449.45,1
2803.74,1
543.62,1
2921.47,1
6782.1,1
11326.48,1
5879.88,1
1917.63,1
1991.95,1
2014.33,1
16424.66,1
9295.83,1
7062.96,1
5965.63,1
2494.72,1
5683.46,1
13706.3,1
305.49,1
5769.02,1
3650.77,1
355.69,1
4277.72,1
4089.73,1
10963.62,1
3598.38,1
7080.65,1
5504.7,1
4390.5,1
2576.99,1
12161.42,1
4382.42,1
5741.56,1
1921.86,1
9433.88,1
1233.15,1
127.49,2
767.76,1
2710.29,1
8378.6,2
3882.12,1
6652.29,1
17805.2,1
5675.15,1
7785.65,1
22242.41,1
4502.49,1
13855.49,1
5229.69,1
2577.63,1
20027.35,1
13931.21,1
8290.42,1
5381.16,1
3998.07,1
1890.14,1
2177.97,1
3435.06,1
13463.58,1
6011.45,1
3149.62,1
18427.58,1
10227.69,1
5165.75,1
11951.7,1
3778.61,1
3184.84,1
10781.39,1
4053.37,1
202.99,1
1155.55,1
7578.48,1
5823.15,1
2787.48,1
1129.92,1
18261.63,1
9394.55,1
552.06,2
1369.41,1
1074.86,1
4485.82,1
4940.41,1
14352.67,1
5939.58,1
1755.73,1
8021.32,1
1233.0,1
10813.31,1
302.11,1
3900.16,1
5743.32,1
5701.82,1
5714.91,1
6082.46,2
4221.02,1
14666.12,1
17118.15,1
6099.11,1
13429.83,1
17612.07,1
10561.84,1
1921.07,1
13281.8,1
6377.66,1
5960.56,1
1270.66,1
1405.76,1
415.62,1
460.47,1
1095.62,1
6549.15,1
3083.95,1
2833.88,1
721.79,1
6292.01,1
6529.55,1
29.49,1
12831.31,1
15456.91,1
3036.46,1
19695.0,1
57.92,1
8278.69,1
4073.81,1
4252.83,1
9794.58,1
2757.26,1
9376.59,1
13281.11,1
2271.13,1
1453.98,1
2434.86,1
11035.99,1
20181.83,1
5401.48,1
11383.58,1
8251.59,1
4138.18,1
10020.69,1
1905.88,1
9970.46,1
3136.04,1
1752.13,1
7687.51,1
1919.3,1
12820.78,1
15645.05,1
8148.8,1
356.6,1
1939.05,1
245.85,1
3600.78,1
2420.96,1
11374.98,1
12149.28,1
5759.93,1
6133.23,1
8261.37,1
20182.66,1
3251.76,1
21346.38,1
9806.88,1
3136.01,1
7405.05,1
584.06,1
9506.07,1
8685.46,1
4982.04,1
12000.19,1
1781.79,1
2925.36,1
2336.79,1
1122.24,1
19548.2,1
17172.15,1
11279.81,1
4119.14,1
13331.92,1
13151.5,1
6754.53,1
1324.72,1
15926.94,1
585.1,1
2296.96,1
4306.29,1
3820.96,1
1397.08,1
10531.44,1
1464.4,1
13869.71,1
21030.82,1
19775.51,1
2995.99,1
6432.35,1
13349.19,1
11472.7,1
7943.42,1
6577.56,1
6588.68,1
7279.51,1
13096.86,1
8781.97,1
7697.02,1
1837.85,1
13468.21,1
17336.65,1
7885.84,1
3183.87,1
12406.32,1
4978.22,1
5935.46,1
4833.08,1
414.18,1
2231.53,1
4720.19,1
75.03,1
1397.92,1
11084.21,1
14306.61,1
11655.18,1
8948.3,1
5418.89,1
2096.7,1
3199.45,1
6711.23,1
6050.64,1
4299.4,1
12951.35,1
581.83,1
438.36,2
19196.11,1
14813.23,1
5955.78,1
2905.1,1
10276.01,1
6617.32,1
7412.0,1
10008.93,1
1296.48,1
14003.5,1
11578.2,1
4037.96,1
8046.54,1
3466.8,1
1484.51,1
12857.32,1
1220.1,1
2395.73,1
3605.76,1
6852.05,1
3081.64,1
861.97,1
9721.83,1
504.96,1
13179.87,1
7573.08,1
516.42,1
9294.23,1
2924.93,1
12046.2,1
3847.38,1
18411.27,1
432.37,1
1775.49,1
6018.07,1
1167.23,1
3314.38,1
1811.63,1
3917.54,1
18628.56,1
13559.44,1
4616.14,1
217.92,1
5102.61,1
16551.97,1
13043.17,1
2608.17,1
4329.09,1
59.85,1
12083.42,1
20239.87,1
8048.67,1
4558.57,1
17196.57,1
4866.91,1
14976.45,1
5020.71,1
1091.52,1
2516.33,1
1151.95,1
12123.41,1
16639.64,1
802.14,1
6916.93,1
112.04,1
6751.81,1
8460.31,1
144.23,1
13310.39,1
4592.22,1
1998.77,1
4355.82,1
6324.54,1
19904.35,1
4315.38,1
12230.63,1
2923.38,1
5426.49,1
12153.96,1
18316.71,1
22447.28,1
2658.53,1
7964.32,1
288.97,1
2554.22,1
1803.54,1
15391.58,1
9679.42,1
5270.3,1
4342.56,1
1699.74,1
1834.7,1
9394.76,1
2499.04,2
5042.29,1
2433.77,1
10204.75,1
1084.3,1
22582.1,1
3933.75,1
78.43,1
14539.22,1
15514.23,1
302.46,1
8671.21,1
3107.5,1
6617.05,1
9298.41,1
6588.01,1
5090.46,1
10645.87,1
7807.31,1
4685.02,1
5974.46,1
13933.62,1
10022.07,1
5629.66,1
2310.78,1
10766.18,1
6079.6,1
10767.45,1
16887.1,1
253.27,1
4745.79,1
14181.67,1
1959.08,2
9003.85,1
6230.26,1
13662.09,1
2689.37,1
572.99,1
11666.36,1
2284.78,1
1793.59,1
2627.14,1
6300.24,1
2497.36,1
6839.39,1
5829.9,1
9565.69,1
11250.58,1
7096.21,1
6482.21,1
4362.59,1
1484.44,1
2458.67,1
3278.88,1
18094.47,1
1258.79,1
6442.43,1
7485.29,1
6490.59,1
21355.67,1
4728.51,1
7520.59,1
1457.17,1
5960.36,1
7543.28,1
12976.39,1
11831.48,1
9411.36,1
383.56,1
1199.89,1
1792.49,1
10054.7,1
3021.91,1
11671.81,1
18911.68,1
443.53,1
4746.21,1
3312.25,1
2871.62,1
8236.76,1
9031.65,1
234.56,1
8553.56,1
8113.05,1
2980.69,1
9652.99,1
9307.11,1
3613.41,1
2999.83,1
4877.79,1
13018.38,1
9249.03,1
12095.74,1
2936.1,1
7583.04,1
2947.12,1
5977.45,1
1858.66,1
14121.91,1
1417.33,1
1441.64,1
11688.02,1
5425.57,1
5445.96,1
7515.19,1
1995.6,1
4749.72,1
1141.27,1
5259.04,1
11087.26,1
6506.01,1
1493.18,1
4203.26,1
4109.08,1
5999.66,1
964.03,1
16555.9,1
4572.92,1
675.2,1
19843.27,1
2345.61,1
5527.49,1
16215.25,1
3891.68,1
1317.67,1
16701.54,1
4288.47,1
468.02,1
18070.51,1
2856.21,1
17738.76,1
4358.15,1
1130.69,1
7291.32,1
1753.28,1
6206.38,1
7932.67,1
18209.38,1
4409.6,1
5712.38,1
17399.43,1
2756.74,1
3351.94,1
4452.34,1
12762.62,1
7743.45,1
16769.25,1
14024.95,1
6773.81,1
16824.45,1
10675.69,1
8536.89,1
15131.22,1
18873.42,1
3551.88,1
18176.91,1
3578.39,1
6409.53,1
8607.01,1
10542.42,1
206.57,1
5578.89,1
811.04,1
4608.29,1
10018.25,1
8617.19,1
1298.97,1
7062.76,1
7784.31,1
7682.41,1
20318.21,1
8658.32,1
13696.6,1
58.24,1
1949.09,1
2788.69,1
18138.82,1
18433.48,1
7946.47,1
2099.02,1
7198.04,1
12014.06,1
3505.43,1
4883.1,1
3843.63,1
4111.38,1
15613.91,1
5818.2,1
4306.36,1
946.33,1
8526.4,1
427.85,1
1711.9,1
7597.52,1
1657.85,1
154.88,1
9625.85,1
807.45,1
788.98,1
1367.73,1
4276.94,1
11422.81,1
6334.03,1
2941.3,1
13173.95,1
7416.05,1
2186.88,1
2398.01,1
3412.75,1
1227.85,1
8213.99,1
612.71,1
2607.86,1
1300.4,1
2304.57,1
6986.56,1
16690.53,1
6176.86,1
6502.78,1
2180.96,1
18646.54,1
7504.29,1
4260.15,1
1818.96,1
6457.7,1
2975.17,1
12566.99,1
5079.75,1
3840.9,1
2331.29,1
7894.24,1
5820.16,1
3359.0,1
2838.01,1
8051.49,1
2921.4,1
2377.08,1
3843.78,1
1223.43,1
469.43,1
2577.12,1
2506.77,1
11652.01,1
7131.73,1
7339.96,1
4494.7,1
10780.7,1
8879.7,1
15419.21,1
13115.8,1
3474.31,1
10761.76,1
183.94,1
8773.51,1
3436.3,1
8945.27,1
11377.68,1
5004.29,1
10642.79,1
8489.91,1
16790.62,1
16506.44,1
3009.24,1
1932.62,1
2085.42,1
13226.2,1
7813.06,1
3114.51,1
10229.52,1
1611.85,1
1618.41,1
11975.38,1
6455.08,1
4650.14,1
1810.7,1
3940.69,1
3410.13,1
11699.92,1
19833.68,1
7981.25,1
5805.67,1
5036.95,1
9075.29,1
532.85,1
5998.22,1
2783.18,1
3893.47,1
5824.89,1
1773.79,1
3217.48,1
6238.35,1
18656.06,1
14282.64,1
3406.78,1
777.55,1
2829.16,1
12303.43,1
1071.51,1
9892.22,1
5822.54,1
4004.25,1
6505.69,1
1547.65,1
14119.32,1
15748.48,1
2016.86,1
4560.13,1
13282.83,1
5777.32,1
18927.38,1
15588.06,1
5722.84,1
13868.1,1
1187.35,1
2767.11,1
5521.78,1
19200.34,1
6793.98,1
12022.45,1
377.31,1
7866.65,1
8148.71,1
6879.34,1
9293.75,1
2287.31,1
16698.89,1
3610.68,1
4182.51,1
1934.9,1
12010.32,1
6007.94,1
9166.64,1
13974.82,1
8433.53,1
15880.67,1
2786.27,1
12909.93,1
5410.56,1
7954.77,1
7246.97,1
4844.46,1
10241.02,1
3339.9,1
3375.33,1
3503.15,1
17149.02,1
3621.0,1
711.94,1
13292.85,1
13240.89,1
19707.7,1
5111.21,1
1163.77,1
4140.31,1
15620.49,1
5453.81,1
197.47,1
9804.75,1
8751.85,1
6343.69,1
1785.0,1
8219.33,1
1413.72,1
2063.88,1
18873.83,1
18849.53,1
11078.2,1
1269.32,1
8510.31,1
6058.77,1
4140.46,1
3294.12,1
193.0,1
1825.92,1
2679.96,1
8147.79,1
11661.64,2
3468.9,1
6593.79,1
7568.37,1
10719.73,1
1152.64,1
6071.8,1
396.74,1
7913.27,1
6045.68,1
17049.59,1
7625.15,1
6974.76,1
12864.52,1
14875.39,1
6363.46,1
1249.64,1
1233.34,1
8648.9,1
2252.47,1
4863.63,1
15197.44,1
2885.65,1
1660.29,1
1378.63,1
3919.2,1
5077.69,1
12177.65,1
6267.41,1
4164.9,1
9820.04,1
16910.34,1
2027.38,1
4965.25,1
3277.87,1
1969.73,1
8603.64,1
15864.49,1
21954.18,1
3573.64,1
949.0,1
2529.08,1
5627.02,1
2177.91,1
3389.27,1
13242.69,1
2825.71,1
4274.96,1
8893.48,1
8386.03,1
4783.2,1
2988.47,1
14551.93,1
14565.99,1
9497.71,1
3289.66,1
1042.73,1
7870.43,1
1823.73,1
8869.84,1
6126.48,1
5313.19,1
374.05,1
4376.69,1
3612.22,1
67.18,1
6302.88,1
6087.81,1
13160.01,1
400.93,1
10350.41,1
13173.03,1
4377.49,1
2077.95,1
4503.61,1
4071.73,1
2478.86,1
731.89,2
4581.27,1
6884.97,1
1598.68,1
5285.57,1
15722.89,1
10892.67,1
3075.26,1
13596.28,1
9343.65,1
9088.88,1
3928.69,1
11136.39,1
3224.65,1
179.26,1
12349.27,1
7846.84,1
15056.84,1
160.45,1
782.44,1
22710.05,1
3005.39,1
9811.4,1
14742.38,1
164.84,1
21820.61,1
7953.81,1
8213.54,1
4294.07,1
12064.52,1
6527.35,1
13429.66,1
11328.73,1
7331.71,1
3846.77,1
2307.19,1
6240.99,1
4566.79,1
11631.39,1
4941.13,1
2668.91,1
3585.52,1
2973.49,1
5739.99,1
5263.73,1
7558.61,1
6631.43,1
13246.87,1
170.67,1
8992.6,1
13761.6,1
5262.38,1
3185.59,1
3205.85,1
7046.16,1
12363.6,1
3480.71,1
8269.32,1
7399.99,1
9760.56,1
2000.24,1
4004.35,1
16951.88,1
2452.03,1
2153.14,1
17286.8,1
5528.56,1
1856.22,1
2023.64,1
777.68,1
7395.45,1
21107.83,1
2552.55,1
12257.4,1
3037.03,1
19634.52,1
3977.17,1
2575.69,1
628.23,1
2495.61,1
4436.84,1
16131.9,1
2392.93,1
21179.87,1
5681.67,1
4996.02,1
7682.76,1
13390.1,1
2305.75,1
4289.44,1
1583.44,1
12781.1,1
7043.7,1
270.85,1
1622.49,1
1577.24,1
7380.67,1
2428.96,1
4494.24,1
17843.51,1
11391.65,1
15815.38,1
2049.82,1
1819.08,1
8999.88,1
3180.81,1
14425.26,1
12048.28,1
8095.25,1
6150.25,1
19210.54,1
13531.62,1
18930.01,1
20791.0,1
14925.47,1
2933.81,1
777.74,2
5745.95,1
4088.3,1
5148.56,1
3080.8,1
858.34,1
20258.48,1
4338.56,1
9368.23,1
3747.9,1
6055.85,1
11103.31,1
539.6,1
7304.55,1
13447.85,1
238.67,1
3842.08,1
5757.15,1
1360.85,1
20575.32,1
8988.5,1
17224.52,1
236.29,1
4650.46,1
2133.02,1
2051.15,2
4157.08,1
1159.29,1
16976.22,1
1851.09,1
3737.98,2
5238.04,1
12067.48,1
12867.05,1
3810.14,1
3453.57,1
13058.17,1
13289.92,1
8195.19,1
6876.5,1
13279.64,1
11356.72,1
10216.53,1
6033.51,1
1747.39,1
8937.83,1
2550.34,1
425.19,1
23154.51,1
12185.39,1
1725.91,1
8678.76,1
16655.46,1
15789.07,1
14616.84,1
2116.71,1
9685.36,1
2321.05,1
12496.6,1
14055.38,1
8050.83,1
1509.46,1
7862.71,1
4339.23,1
3283.24,1
2533.65,1
318.34,2
21245.84,1
8999.23,1
18311.39,1
6104.22,1
9043.45,1
21483.37,1
1995.37,1
13390.19,1
1673.78,1
3379.36,1
7679.64,1
999.45,1
1146.69,1
3276.08,1
10996.56,1
3200.86,1
9735.52,1
1611.97,1
4906.34,1
5018.43,1
1218.58,1
12308.26,1
8079.31,1
1333.53,1
1571.26,1
2322.12,1
5679.83,1
3146.05,1
2708.4,1
6891.71,1
1038.35,1
12034.36,1
4630.6,1
7503.27,1
1411.43,1
4933.2,1
2600.02,1
4446.39,1
2062.65,2
4306.51,1
3886.38,1
794.54,1
3073.96,1
2493.81,1
14404.37,1
333.34,1
7260.79,1
464.09,1
15503.37,1
1108.48,1
6970.46,1
1671.89,1
19362.17,1
10775.87,1
6180.22,1
6209.96,1
5726.28,1
11937.34,1
3613.5,1
1101.35,1
9526.89,1
4743.01,1
2517.14,1
5913.8,1
2930.57,1
14137.98,1
8678.6,1
7360.86,1
20137.34,1
11007.01,1
13723.53,1
14589.59,1
10875.21,1
8576.59,1
330.56,1
6504.7,1
8448.08,1
4735.06,1
3403.64,1
1132.03,1
3994.9,1
1098.7,1
4180.17,1
2516.31,1
6692.04,1
1266.26,1
8943.32,1
4597.53,1
5665.53,1
7766.65,1
5503.07,1
7166.15,1
972.54,1
3371.3,1
12641.87,1
8133.94,1
1159.56,1
105.86,1
17115.64,1
4249.13,1
4922.23,1
4106.78,1
8619.62,1
1056.95,1
2819.59,1
10376.11,1
7597.23,1
4018.26,1
6121.58,1
4531.42,1
6314.67,1
3967.88,1
1064.63,1
5603.46,1
7340.48,1
4510.25,1
15846.76,1
1143.03,1
14347.93,1
11542.96,1
851.84,1
1635.87,1
1736.5,1
19530.37,1
16641.82,1
2607.53,1
5772.18,1
11309.17,1
3508.04,1
658.69,1
13121.82,1
24627.88,1
10726.24,1
4371.6,1
1321.24,1
8057.13,1
3437.04,1
5726.21,1
5510.35,1
3112.28,1
1618.08,1
4289.94,1
2660.61,1
1126.51,1
7550.38,1
204.49,1
2923.7,1
18975.56,1
3491.24,1
4045.53,1
4139.15,1
6309.43,1
11613.11,1
11029.47,1
2787.79,1
18906.15,1
15066.17,1
11858.24,1
1081.02,1
6439.29,1
712.73,1
4624.19,1
15452.34,1
12059.12,1
4157.46,1
1581.36,1
7531.05,1
9778.84,1
4066.91,1
3210.96,1
2852.93,1
3624.19,1
8506.26,1
178.61,1
1133.42,1
4653.45,1
1122.31,1
7553.74,1
13327.18,1
13420.06,1
74.63,1
10923.11,1
18263.55,1
4807.21,1
12253.94,1
6067.94,1
6468.22,1
999.57,1
6149.3,1
12796.89,1
3386.86,1
4105.59,1
3273.56,1
1216.31,1
11518.1,1
2376.8,1
9524.59,1
9362.08,1
2786.94,1
5728.01,1
10031.37,1
5608.44,1
2116.29,1
792.74,1
15999.86,1
10091.96,1
3270.11,1
3558.28,1
607.33,1
614.72,1
7485.4,1
1988.68,1
3315.33,1
2894.65,1
689.63,1
1200.4,1
1454.89,1
4306.81,1
18013.43,1
141.87,1
7818.54,1
2498.25,1
3608.98,1
3124.4,1
7258.18,1
650.33,1
9683.5,1
2552.41,1
11199.89,1
8717.14,1
7693.81,2
17770.15,1
14108.3,1
3651.28,1
4642.65,1
8193.63,1
11340.94,1
3600.81,1
2052.41,1
11411.59,1
9463.52,1
2873.85,1
13784.78,1
3759.88,1
8526.61,1
5349.53,2
1819.36,1
18021.07,1
3447.42,1
1270.95,1
2997.77,1
11467.61,1
10183.58,1
11322.75,1
1826.51,1
16539.22,1
3906.9,1
8844.18,1
12887.34,1
7510.8,1
899.98,1
5104.68,1
1402.79,1
8334.06,1
5843.91,1
11009.12,1
17101.97,1
1783.3,1
7719.0,1
1666.43,1
7318.42,1
10751.13,1
2764.68,1
3301.01,1
2131.33,1
3605.74,1
16413.42,1
5719.14,1
13212.21,1
7019.8,1
18736.79,1
4110.88,1
19058.15,1
3747.53,1
14374.9,1
9816.34,1
2057.6,1
5326.78,1
18117.0,1
801.29,1
172.67,1
21111.65,1
13132.25,1
13447.61,1
11791.19,1
20410.89,1
8353.26,1
791.59,1
6234.99,1
2606.9,1
15152.04,1
573.52,1
2183.99,2
10945.15,1
8178.54,1
5480.16,1
892.9,1
6479.68,1
1591.66,1
3989.1,1
12597.14,1
4647.35,1
8757.29,1
14922.56,1
2883.5,1
16372.85,1
1238.43,1
894.29,1
23140.12,1
16671.64,1
5015.12,1
9648.57,1
13058.44,1
2121.11,1
2012.43,1
5818.25,1
6677.25,1
1475.62,1
5410.48,1
1916.5,1
6575.93,1
1128.93,1
1413.07,1
1276.78,1
4459.13,1
12897.01,1
13054.36,2
3123.84,1
1341.37,1
9055.21,1
3348.54,1
12466.65,1
3922.46,1
2620.07,1
13264.5,1
2601.96,1
8459.65,1
15381.1,1
8526.84,1
11588.33,1
3712.36,1
10652.41,1
146.9,1
1425.01,1
8017.14,1
12412.65,1
425.64,1
2894.16,1
1154.38,1
2066.64,1
2423.11,1
6835.05,1
1093.02,1
5914.02,1
3208.37,1
3034.85,1
22294.26,1
8333.78,1
4498.55,2
17764.4,1
589.03,2
9122.67,1
8540.06,1
5673.99,1
4009.0,1
12097.57,1
13625.37,1
1798.07,1
12419.97,1
6166.61,1
14518.87,1
3786.55,1
15264.2,1
3251.91,1
1910.9,1
12272.79,1
807.53,1
3058.41,1
6495.08,1
9677.67,1
2657.94,1
918.74,1
2484.87,1
3059.62,1
6284.0,1
11528.92,1
637.38,1
15404.39,1
3777.27,1
5864.59,1
2874.08,1
3255.43,1
5001.09,1
4992.7,1
3054.71,1
1204.93,1
123.44,1
10387.51,1
864.04,1
4687.22,1
7362.5,1
7281.85,1
3346.11,1
1258.11,1
7464.64,1
9405.25,1
7145.52,1
1442.79,1
15648.39,1
9770.41,1
7806.04,1
1039.55,1
755.4,1
9473.92,1
16093.04,1
993.41,1
5900.55,1
6330.25,1
764.1,1
5243.43,1
8712.33,1
170.97,1
3821.0,1
15738.92,1
6216.82,1
1516.71,1
1070.58,1
1745.25,1
2689.22,1
5693.52,1
2195.62,1
652.72,1
439.54,1
5107.79,1
8456.07,1
18947.63,1
3365.43,1
6043.61,1
786.59,1
16228.73,1
12042.23,1
6126.52,1
4761.83,1
2052.61,1
7204.32,1
8813.31,1
659.83,1
12803.19,1
117.68,1
1853.33,1
12304.33,1
9625.38,1
9096.6,1
7471.5,1
2781.62,1
8588.18,1
10841.49,1
18334.71,1
13515.78,1
4440.38,1
5362.11,1
1245.58,1
250.65,1
88.33,1
9642.16,1
2657.18,1
1889.07,1
179.93,1
138.74,1
677.81,1
4443.11,1
2181.82,1
9737.8,1
4943.09,1
14103.63,1
9188.79,1
3024.19,1
1078.61,1
1559.39,1
7471.66,1
6523.49,1
2183.45,1
3648.97,1
2923.03,1
13536.01,1
3280.82,1
20486.14,1
1192.93,1
17245.7,1
13350.41,1
936.93,1
2918.72,1
7805.38,1
11354.43,1
3526.13,1
431.95,1
3940.67,1
3123.45,1
6664.99,1
16721.85,1
7353.75,1
8877.55,1
11972.68,1
16366.29,1
5374.66,1
8876.07,1
2118.61,1
9307.86,1
639.76,1
1326.14,1
2588.1,1
6317.31,1
11898.2,1
13719.23,1
4314.41,1
1928.3,1
13529.09,1
9668.13,1
8873.23,1
1805.61,1
6833.71,1
1283.59,1
9943.91,1
4044.24,1
10686.38,1
7309.92,1
6219.84,1
3183.4,1
2541.31,1
5515.21,2
6316.9,1
14218.49,1
3812.27,1
5735.45,2
18919.8,1
1950.49,1
8257.42,1
748.01,1
3799.5,2
7933.65,1
306.43,1
2940.19,1
18737.23,1
15245.49,1
20046.89,1
5500.54,1
12918.34,1
12979.86,1
8500.63,1
3464.89,1
16603.9,1
6146.29,1
19630.72,1
1176.81,1
15386.43,1
262.16,1
12960.47,1
3687.58,1
5218.22,1
14814.15,1
5955.66,1
1490.22,1
2837.63,1
1805.88,1
6036.08,1
9608.25,1
289.55,1
2005.81,1
10437.63,1
10439.7,1
9547.07,1
11139.49,1
18780.19,1
7021.61,1
10132.05,1
5718.64,1
15948.07,1
7911.57,1
3510.2,1
7391.41,1
6942.29,1
3819.06,1
11811.04,1
2886.19,1
3923.7,1
2435.58,1
8112.27,1
5535.53,1
13791.13,1
4054.63,1
4008.85,1
1129.57,1
4781.95,1
5941.22,1
2679.63,1
5982.98,1
10723.02,1
10118.34,1
15742.16,1
22957.2,1
1729.74,1
3576.48,1
1934.58,1
3029.9,1
199.67,1
20554.5,1
4485.78,1
4052.65,1
17905.98,1
16574.05,1
22731.84,1
8062.73,1
1333.86,1
11917.95,2
157.52,1
11519.56,1
22007.18,1
8210.91,1
13512.31,1
2046.7,1
2137.04,1
20012.98,1
8204.74,1
6072.37,1
21314.15,1
278.89,1
3934.84,1
2082.44,1
3866.76,1
9576.13,1
5384.45,1
9846.09,1
14324.69,1
1269.41,1
4606.21,1
3967.0,1
1361.5,1
7253.07,1
6925.41,1
3040.32,1
800.04,1
1202.35,1
8993.54,1
4790.86,1
4825.1,1
3002.7,1
4131.72,1
11809.36,1
12860.95,1
13112.7,1
8604.56,1
288.61,1
1908.18,1
11563.25,1
10714.02,1
2892.43,1
4046.21,1
3702.57,1
6942.55,1
7480.56,1
3753.34,1
5702.27,1
2005.48,1
2357.63,1
12835.97,1
8728.17,1
14879.05,1
1446.46,1
2539.39,1
10475.01,1
15511.09,1
3909.16,1
13485.31,1
12490.5,1
17440.51,1
21432.2,1
10730.65,1
20764.75,1
1940.25,1
2622.63,1
3086.53,1
10261.51,1
2680.93,2
11849.31,1
2271.34,1
4960.9,1
4239.71,1
618.99,1
20441.22,1
2244.16,1
3035.93,1
1176.17,1
11811.96,1
5022.4,1
11500.49,1
3790.95,1
9988.66,1
3273.85,1
6040.54,1
4387.69,1
7435.9,1
276.17,1
2356.8,1
8867.32,1
7053.05,1
17334.11,1
5379.97,1
8289.27,1
6002.26,1
19833.31,1
4647.62,2
5480.43,2
5616.3,1
4968.14,1
3549.93,1
1251.44,1
1438.81,1
666.13,1
12576.66,1
4688.07,1
4025.44,1
2342.86,1
3552.42,1
2829.75,1
12241.33,1
7255.48,1
3591.25,1
4030.99,1
579.35,1
312.62,1
2747.6,1
2580.07,1
18205.91,1
7049.2,1
3001.7,1
9128.49,1
798.16,1
2091.13,1
3978.12,1
12239.46,1
3819.33,1
9453.01,1
2414.91,1
9361.21,1
20553.17,1
11650.03,1
1255.61,1
9415.53,1
4574.88,1
1838.85,1
14222.78,1
1941.51,1
2937.57,1
18362.38,1
361.67,1
17022.79,1
13674.3,1
2890.92,1
7048.86,1
16407.92,1
5895.3,1
5239.26,1
7260.74,1
3305.28,1
1305.1,1
4888.09,1
9044.19,1
16320.87,1
3059.93,1
9249.22,1
2371.6,2
6163.13,1
15476.53,1
2151.41,1
744.42,1
1811.6,1
5041.39,1
13274.17,1
11744.93,1
4400.24,1
5073.76,1
11030.66,1
783.7,1
4208.99,1
8349.04,1
8736.34,1
6700.4,1
2510.38,1
7261.73,1
887.17,1
3995.04,1
2212.37,1
3896.5,2
280.18,2
498.12,1
11180.26,1
963.33,1
6680.07,1
5459.2,1
2784.61,1
10152.05,1
8704.36,1
5240.51,1
1899.72,1
343.02,1
17103.83,1
175.53,1
7987.2,1
14123.54,1
13009.9,1
1328.7,1
5291.81,1
6061.4,1
6374.89,2
766.8,1
13198.41,1
3728.65,1
3613.79,1
5838.77,1
7809.07,1
16225.05,1
3699.04,1
9620.78,1
11334.03,1
3690.14,1
234.86,1
6747.84,1
2492.35,1
599.51,1
1340.1,1
8989.74,1
1133.75,1
2699.99,1
109.16,1
3902.74,1
10624.95,1
2669.8,1
5764.64,1
3341.63,1
18170.45,1
5699.69,1
3360.74,1
18203.89,1
1101.26,1
3083.97,1
12115.21,1
5872.52,1
21562.64,1
769.14,1
10354.59,1
4298.37,1
4902.35,1
267.38,1
2150.5,1
83.97,1
3565.08,2
20726.95,1
3703.86,1
13707.26,1
1060.97,1
1329.77,1
4165.25,1
4565.7,1
18031.51,1
13054.89,1
10840.21,1
11168.05,1
3405.68,1
5130.92,1
10196.96,1
346.06,1
6978.72,1
11781.09,1
1328.72,1
12682.13,1
2274.58,1
1147.97,1
17468.84,1
14614.64,1
3740.42,1
3816.52,1
15970.95,1
8877.86,1
5398.02,1
17921.53,1
4881.32,1
953.06,1
7605.09,1
7082.25,1
12021.17,1
3834.31,1
1220.94,1
2071.12,1
18724.8,1
5531.7,1
5084.64,1
6684.04,1
16891.05,1
2864.22,1
3865.41,1
2990.86,1
1099.31,1
4496.79,1
8885.53,1
3736.78,1
7801.87,1
20928.52,1
7386.17,1
21565.15,1
21013.48,1
20972.86,1
6233.52,1
3674.02,1
3621.7,1
15508.97,1
495.27,1
724.92,1
154.07,2
14118.98,1
4544.27,1
16696.62,1
2318.6,1
2541.37,1
3824.45,1
10355.9,1
2700.17,1
2845.54,1
12277.62,1
3335.63,1
9295.25,1
7755.4,1
5116.15,1
6759.62,1
7628.79,1
63.46,1
11214.15,1
2437.9,1
5923.16,1
8425.23,1
17609.06,1
9072.85,1
1726.68,1
5091.36,1
9476.16,1
987.53,1
9419.94,1
2221.85,1
22456.09,1
17026.54,1
10166.61,1
3863.08,1
22528.69,1
5888.89,1
102.19,1
1449.95,1
3048.94,1
2142.12,1
2222.94,1
2739.87,1
146.92,1
12637.88,1
15667.44,1
19057.62,1
1181.42,1
7643.98,1
8530.73,1
3271.31,1
1270.36,1
6702.4,1
9439.51,1
17153.48,1
6053.35,1
3012.86,1
9123.17,1
5936.67,1
3875.11,1
1160.3,1
3395.73,1
4312.22,1
2918.16,1
8328.02,1
426.21,1
13300.34,1
11144.46,1
18900.51,1
10106.3,1
123.81,1
2678.43,1
2249.31,1
10108.03,1
15916.66,1
1803.53,1
916.36,1
12604.79,1
14722.14,1
14719.8,1
1867.15,1
4160.03,1
3182.52,1
8966.21,1
3484.41,1
3997.64,1
15594.01,1
5232.18,1
14192.46,1
1876.88,1
1908.66,1
10202.58,1
11293.96,1
1513.43,1
2446.33,1
4341.9,1
999.16,1
15760.94,1
10373.54,1
15973.46,1
2150.27,1
16467.33,1
5869.04,1
11105.48,1
1624.78,1
11541.65,1
3145.22,1
6612.48,1
13910.48,1
17441.76,1
7621.1,1
7670.6,1
8392.46,1
3230.8,1
690.19,1
7492.22,1
6641.46,1
13602.92,1
11868.46,1
12827.92,1
8133.99,1
5968.39,1
12225.22,1
2899.13,1
19652.6,1
2845.94,1
3791.42,1
1639.14,1
6004.01,1
18982.06,1
231.9,1
3697.85,1
3715.63,1
3894.31,1
556.92,1
4682.08,1
632.06,1
15579.34,1
5922.34,1
17307.51,1
16449.19,1
110.45,1
2976.85,1
79.87,1
5361.31,1
1049.44,1
16360.29,1
831.68,1
6761.41,1
3042.18,1
10988.42,1
14486.02,1
19692.84,1
4245.88,1
2585.56,1
8225.44,1
10127.83,2
12990.98,1
3625.69,1
1770.74,1
6501.09,1
20495.78,1
5716.06,1
16429.6,1
10882.98,1
285.99,1
17779.62,1
421.92,1
6266.89,1
4128.74,2
10794.17,1
19697.55,1
2385.74,1
17416.7,1
1894.31,1
14396.45,1
3276.69,1
6740.04,1
2311.65,1
7612.31,1
15193.59,1
8532.54,1
581.64,1
1035.22,1
4518.24,1
1604.51,1
11082.89,1
21568.7,1
21617.31,1
17170.8,1
8267.98,1
2021.14,1
3671.36,1
3460.97,1
3043.71,1
2313.5,1
6840.42,1
7216.34,1
3820.11,1
13869.15,1
12069.03,1
4071.18,1
15141.62,1
507.35,1
3722.19,1
6984.88,1
21332.09,1
7071.48,1
89.61,1
20017.03,1
3623.86,1
10995.4,1
8370.44,1
1975.67,1
3742.39,1
11107.63,1
8467.72,1
5965.57,1
2505.54,1
11626.68,1
9548.56,1
401.59,1
6880.72,1
8479.93,1
3773.08,1
1910.37,1
14917.84,1
4318.75,1
2388.13,1
5174.52,1
9280.98,1
14370.97,1
1797.54,1
20833.36,1
1881.66,1
3218.81,1
8042.66,1
13240.92,1
3030.56,1
7116.04,1
5780.95,1
3979.2,1
1570.92,1
8409.64,1
640.37,1
3839.45,1
9736.54,1
6669.39,1
23746.96,1
5778.25,1
1499.33,1
8451.15,1
9531.97,1
9200.1,1
151.46,1
4555.15,1
2054.74,1
3556.64,1
23128.52,1
1532.36,1
5486.7,1
597.38,1
3620.94,1
5342.69,1
14401.66,1
8651.19,1
9098.1,1
1397.45,1
3377.21,2
8223.35,1
6079.47,1
3567.51,1
2137.62,1
3717.52,1
15409.91,1
9364.87,1
245.44,1
22822.22,1
4832.71,1
5368.66,1
5768.51,1
7035.26,1
1531.54,1
387.49,1
10488.96,1
6932.0,1
3169.02,1
2682.02,1
5364.02,1
1636.63,1
3460.56,1
764.41,1
3761.27,1
4548.85,1
2204.63,1
15705.36,1
506.7,1
745.14,1
613.8,1
13907.32,1
4620.08,1
5744.16,1
11889.67,1
19447.4,1
12367.17,1
11686.43,1
7839.94,1
2399.78,1
4877.45,1
2614.99,1
1127.34,1
3444.76,1
10842.07,1
14835.1,1
15895.2,1
11048.75,1
14203.9,1
3588.93,1
5586.73,1
7144.96,1
5395.62,1
2891.06,1
19902.31,1
1226.17,1
6213.96,1
4583.9,1
6026.67,1
2015.82,1
15954.49,1
1092.34,1
4686.59,1
14046.95,1
10351.41,1
6100.48,1
14141.2,1
1694.13,1
2441.53,1
11165.12,1
2860.46,1
1586.21,1
5296.16,2
2745.09,1
16052.82,1
12562.53,1
13808.14,1
4119.24,1
1927.13,1
2819.01,1
8296.43,1
19062.97,1
7075.36,1
2629.82,1
19492.69,1
3484.46,1
740.49,1
1932.59,1
3569.0,1
14045.4,1
2651.96,1
74.57,1
635.66,1
2275.84,1
5074.99,1
3212.81,1
12015.33,1
9003.53,1
1650.75,1
3784.75,1
7069.38,1
3427.57,1
732.84,1
3227.98,1
13173.99,1
18336.55,1
16209.51,1
3825.43,1
2586.68,1
7169.04,1
20250.57,1
1074.32,1
2525.16,1
4490.38,1
10448.7,1
21347.47,1
4144.09,1
1891.78,1
3150.89,1
1019.84,1
8148.43,1
3983.49,1
6824.38,1
10449.91,1
15299.78,1
8438.65,1
4020.55,1
20144.25,1
504.55,1
498.39,1
6265.65,1
9557.73,1
733.51,1
3737.92,1
2043.52,1
7219.97,1
2541.67,1
6943.32,1
1496.9,1
4508.68,1
540.62,1
4358.33,1
2344.96,1
3593.21,1
8424.89,1
8326.99,1
8652.09,1
4868.72,1
3920.38,1
18364.57,1
3725.17,1
2188.24,1
4138.38,1
14837.6,1
1037.55,1
16174.86,1
5081.09,1
12671.88,1
2184.16,1
234.23,1
2273.09,2
3387.39,1
6067.65,1
4943.72,1
1555.62,1
12414.73,1
6773.89,1
17876.34,1
10513.6,1
2192.61,1
18832.44,1
15859.81,1
6456.71,1
12359.99,1
5180.17,1
4247.99,1
2052.29,1
7966.02,1
6442.44,1
11734.73,1
1945.83,1
8240.76,1
3632.36,1
6661.02,1
3318.7,1
9962.39,1
9043.97,1
16792.88,1
3749.88,1
3284.08,1
6165.69,1
5398.98,1
1489.73,1
2728.06,1
964.87,1
3454.02,1
12172.28,1
1025.48,1
5805.43,1
2390.01,1
2923.13,1
3769.03,1
818.15,1
3705.46,1
3418.99,1
1441.12,1
11869.51,1
2711.71,1
5029.12,1
6642.26,1
822.21,1
3915.8,2
11963.31,1
2579.28,1
4863.8,1
5241.17,1
1532.83,1
12382.91,1
151.63,1
13715.01,1
15382.97,1
15317.58,1
17126.49,1
3368.76,1
4747.79,1
6809.01,1
11616.04,1
4266.81,1
3125.56,1
8907.32,1
2631.3,1
9420.85,1
1456.22,1
5078.5,1
18545.19,1
3449.91,1
13689.89,1
20580.3,1
4600.49,1
134.23,1
954.33,1
17266.31,1
3459.86,1
1053.87,1
5104.76,1
3672.93,1
2550.22,1
7737.98,1
7598.09,1
23283.67,1
299.27,1
2530.92,1
5097.68,1
503.14,1
1842.99,1
4007.53,1
2759.15,1
3024.09,1
14615.71,1
15683.69,1
13554.49,1
13968.96,1
21860.42,1
949.52,1
9766.8,1
5563.48,1
4428.31,1
610.48,1
8091.43,1
5412.35,1
4844.2,1
21818.01,1
5300.29,1
7390.47,1
4698.11,1
15772.19,1
5200.38,1
18951.07,1
3681.47,1
5661.39,1
8805.99,1
8826.74,1
12765.55,1
1697.15,1
13781.95,1
3480.32,1
3024.12,1
2215.7,1
6615.76,1
1495.72,1
160.79,1
801.87,1
4115.36,1
109.73,1
55.47,1
2295.03,1
4332.0,1
2058.66,1
2716.74,1
1427.74,1
12812.46,1
5953.69,1
7570.53,1
8907.83,1
22089.67,1
9311.88,1
2849.88,1
1331.08,1
14044.14,1
8499.96,1
10084.58,1
18675.35,1
3408.56,1
187.54,1
7007.39,1
7764.01,1
5991.49,1
8235.33,1
9344.62,1
21874.61,1
429.92,1
3316.47,1
375.06,1
8658.81,1
18137.45,1
1906.26,1
2259.88,1
546.03,1
3857.46,1
2276.2,1
6150.69,1
3853.71,1
12654.23,1
4875.83,1
7673.04,1
3339.05,1
2820.88,1
7248.07,1
101.12,1
3373.49,1
1510.7,1
8432.23,1
1630.93,1
12347.0,1
8228.24,1
6827.73,1
4111.52,1
6376.32,1
1205.74,1
24365.31,1
3602.75,1
3517.54,1
7263.1,1
22001.77,1
7037.46,1
4951.97,1
11186.94,1
4594.32,1
3313.42,1
3836.71,1
1633.25,1
5527.54,1
4305.04,1
2682.46,1
4156.23,1
6752.58,1
8597.9,1
18018.57,1
23985.76,1
11400.27,1
6046.32,1
8448.07,1
4638.81,1
8910.39,1
573.37,1
1367.01,1
1374.56,1
8709.22,1
147.6,1
17310.09,1
13689.48,1
4841.21,1
3199.5,1
7361.45,1
1903.37,1
15786.41,1
6315.16,1
1314.31,1
8032.93,1
7447.16,1
18040.23,1
9701.43,1
1283.9,1
2004.01,1
3426.37,1
4697.68,1
1904.21,1
22609.64,1
18484.86,1
5279.31,1
11839.68,1
1536.9,1
4565.9,1
3083.36,1
2968.79,1
561.82,1
5320.37,1
8720.96,1
2674.99,1
2382.31,1
1888.05,1
256.24,1
9482.21,1
10051.73,1
14523.52,1
624.82,1
7890.26,1
449.25,1
8094.86,1
3094.43,1
15271.93,1
29.85,1
1297.33,1
2039.41,1
6742.65,1
1059.19,1
711.3,1
3639.16,1
1487.7,1
6452.16,2
5438.26,1
3699.44,1
12073.72,1
1210.39,1
7524.56,1
4875.99,1
23443.61,1
9503.22,1
23136.25,1
10739.06,1
20944.71,1
1581.4,1
1015.7,1
13227.81,1
4297.91,1
3028.57,1
9200.86,1
19281.6,1
4772.86,1
5239.0,1
7181.07,1
1895.36,1
6094.64,1
19202.31,1
4433.61,1
6447.39,1
18329.61,1
2249.66,1
3765.7,1
1858.43,1
2633.36,1
5002.65,1
8635.43,1
3357.24,1
12370.31,1
14567.97,1
6200.12,1
4749.48,1
11124.58,1
12594.68,1
4998.79,1
9883.17,1
2258.77,1
13362.22,1
8070.79,1
13379.65,1
19146.1,1
22756.93,1
296.85,1
4585.36,1
5583.0,1
13814.12,1
5184.4,1
1840.05,1
3529.43,1
318.46,1
2675.58,1
5680.92,1
4096.32,1
6116.25,1
5346.16,1
378.46,1
15395.91,1
14617.02,1
4745.77,1
6536.34,1
21186.04,1
429.16,1
9795.36,1
9359.51,1
4136.79,1
3864.35,1
6884.74,1
4425.57,1
16769.54,1
121.19,1
5344.09,1
19557.4,1
13218.23,1
12376.08,1
10295.73,1
13710.26,1
510.42,1
15330.59,1
8732.84,2
4107.0,1
5147.71,1
7073.9,1
6811.94,1
4149.12,1
4821.9,1
2260.34,1
11411.4,1
6536.52,1
219.97,1
4625.56,1
2667.82,1
18057.38,1
12742.94,1
1490.15,1
9203.57,1
460.24,1
3256.28,1
16550.66,1
6066.81,1
115.89,1
5928.84,1
15765.44,1
5511.52,1
8648.54,1
9575.41,1
3503.18,1
1159.83,1
21298.79,1
3457.18,1
78.08,1
10187.04,1
3765.51,1
3887.85,1
5613.2,1
5590.29,1
7187.22,1
1526.62,1
191.1,1
1375.98,1
5640.72,1
1977.19,2
9185.05,1
1212.95,1
13570.46,1
10813.86,1
401.87,1
81.89,1
4939.14,1
8666.5,2
4565.27,1
9376.82,1
21068.72,1
11688.8,1
4550.29,1
1810.41,1
9556.96,1
1870.89,1
1339.25,1
7897.52,1
7052.84,1
5619.98,1
111.34,1
2798.5,1
6433.85,1
9325.67,1
3655.88,1
3580.02,1
7143.69,1
20717.5,1
343.93,1
3360.6,1
8314.17,1
12078.3,1
6294.18,1
7615.68,1
8202.89,1
7944.48,1
2030.07,1
2942.32,1
7854.43,1
4343.9,1
5493.11,1
1086.72,1
10608.33,1
16328.42,1
8634.92,1
8159.2,1
6506.75,2
714.68,1
13817.91,1
1353.33,1
1071.95,1
8275.86,1
6677.88,1
3285.57,1
9268.39,1
1481.42,1
2678.14,1
2001.56,1
259.13,1
8971.09,1
9992.16,1
13559.54,1
2271.09,1
20669.67,1
3496.81,2
9154.06,1
3350.79,1
4939.7,1
4186.65,1
11827.42,1
13712.21,1
9274.97,1
6550.7,1
5822.79,1
3555.15,1
1952.63,1
14292.1,1
4929.39,1
11194.66,1
10779.79,1
3055.13,1
1903.12,1
2775.94,2
15100.69,1
16379.82,1
6616.22,1
4026.53,1
11745.78,1
8515.17,1
8265.31,1
7260.61,1
7274.23,1
7727.69,1
24023.87,1
5824.91,1
12058.31,1
10082.18,1
6451.3,1
8362.23,1
6345.41,1
10066.96,1
15676.19,1
10121.13,1
3530.69,1
2849.91,1
11622.08,1
11399.16,1
7792.87,1
16387.08,1
4924.88,1
407.29,1
7073.44,1
2967.87,1
6896.14,1
1286.46,1
4712.22,1
5888.92,1
4527.13,1
865.16,1
3777.72,1
4286.57,1
9346.63,1
2466.77,1
700.41,1
3533.82,1
16337.07,1
5527.06,1
10266.45,1
1289.85,1
3559.26,1
14250.91,1
6581.21,1
5788.02,1
11037.14,1
5343.39,2
12009.11,1
5663.68,1
2272.15,1
497.4,1
1952.66,1
9318.62,1
15832.55,1
9981.4,1
9648.66,1
8970.45,1
622.36,1
6634.01,1
5042.7,1
4411.1,1
12712.17,1
4636.03,1
13724.03,1
2054.87,1
3404.73,1
8683.36,1
344.0,1
2343.16,1
8912.98,1
3572.73,1
16665.51,1
12698.9,1
2213.37,1
2205.49,1
8493.57,1
8835.2,1
4015.77,1
5663.87,1
4222.51,1
430.13,1
4769.86,1
3545.39,1
4400.02,1
5602.49,1
5134.92,1
14557.18,1
3909.5,1
745.7,1
7594.4,1
8630.89,1
20235.28,1
3815.82,2
4488.01,1
1192.57,1
8411.41,1
11922.5,1
7133.24,1
1183.86,1
5099.05,1
8961.67,1
3848.31,1
595.63,1
9769.23,1
16878.6,1
18362.57,1
8461.16,1
6321.95,1
11801.74,1
2908.13,1
7535.89,1
19453.3,1
4072.88,1
6498.71,1
5917.68,1
12312.87,1
2097.33,1
3291.87,1
6918.92,1
7092.18,1
17488.05,1
1616.58,1
2934.44,1
15975.41,1
2493.23,1
6740.3,1
2839.39,1
5686.43,1
437.46,1
420.02,1
9088.14,1
2377.83,1
9544.62,1
17538.54,1
17923.15,1
177.76,1
12746.54,1
2912.9,1
1844.41,1
3194.38,1
4444.45,1
1621.86,1
865.57,2
17838.41,1
4968.8,1
11895.99,1
5822.67,1
8249.73,1
7287.27,1
839.84,1
4512.68,1
9485.52,1
18991.36,1
1180.72,1
7066.64,1
4991.44,1
3201.73,1
487.25,1
14055.03,1
1683.64,1
4539.98,1
3143.16,1
15179.49,1
11072.4,1
439.05,1
5873.46,1
10270.74,1
19563.32,1
582.6,1
7909.47,1
18421.55,1
16536.54,1
2228.03,1
10424.78,1
11013.09,1
4250.35,1
8122.2,1
12637.16,1
2795.05,1
10440.52,1
14061.49,1
13431.62,1
3324.43,1
1837.92,1
3741.97,1
3237.34,1
3271.21,1
1748.37,1
2927.99,1
3550.83,1
13620.34,1
9630.46,1
11948.2,1
7679.43,1
4956.85,1
13210.85,1
4755.39,1
3589.66,1
11234.15,1
590.8,1
5214.79,1
5124.97,1
13469.99,1
3253.5,1
3347.7,1
19626.7,1
12710.31,1
6498.51,1
4975.06,1
1595.76,1
1232.2,1
4182.21,1
2891.52,1
9902.7,1
1259.49,1
5812.32,1
2094.71,1
1848.94,1
3709.28,1
11738.37,1
5910.36,1
7803.92,1
4031.47,1
22273.97,1
9684.61,1
9233.39,1
17154.97,1
10610.5,1
998.17,1
2610.87,1
2560.85,2
9424.34,1
7417.07,1
8373.74,1
13575.11,1
8937.44,1
6339.79,1
3632.59,1
19782.44,1
16537.18,1
6018.69,1
3713.61,1
16449.37,1
13596.79,1
15378.6,1
16210.94,1
2355.04,1
10740.12,1
311.81,1
1754.44,1
21485.36,1
1611.13,1
3381.97,1
3758.26,1
1177.95,1
1770.59,1
1586.58,1
15037.91,1
2887.91,1
12965.81,1
2176.99,1
2155.75,1
5594.3,1
9801.82,1
6648.85,1
8084.58,1
9011.34,1
10030.69,1
3696.4,1
14145.93,1
2653.92,2
8546.11,1
1194.54,1
10724.77,1
12842.47,1
17739.36,1
10773.05,1
6232.13,1
16777.46,1
18904.63,1
6851.51,1
7794.41,1
18399.5,1
3130.79,1
14741.01,1
9228.2,1
2181.66,1
10433.66,1
12481.21,1
9751.08,2
6866.83,1
3374.22,1
438.42,1
4350.07,1
1113.94,1
11500.83,1
5204.1,1
11669.84,1
12476.86,1
1107.17,1
3643.04,1
4041.19,1
9655.62,1
7457.41,1
7412.67,1
15751.54,1
7541.19,1
3540.52,1
7897.63,1
466.02,1
6219.58,1
3948.17,1
4430.24,1
9824.89,1
5375.44,1
881.92,1
10872.74,1
3281.14,1
11657.42,1
19506.2,1
2485.79,1
5797.75,1
19226.89,1
2947.96,1
9366.7,1
16938.54,1
17842.84,1
183.59,1
2602.42,1
6570.83,1
12495.0,1
2322.99,1
9554.55,1
3150.09,1
11869.41,1
317.06,1
2821.19,1
7429.92,1
7229.05,1
10208.02,1
6180.39,1
4824.57,1
5608.58,1
10139.64,1
7204.0,1
8902.25,1
8844.95,1
16733.03,1
10564.15,1
143.23,1
11223.89,1
8858.85,1
5550.34,1
2314.92,1
8455.81,1
5174.07,1
3346.34,1
662.33,1
17225.71,1
3212.26,1
1969.38,1
2847.2,1
976.6,1
3369.02,1
3459.97,1
13954.61,1
3330.31,1
3509.69,1
2139.06,1
2072.85,1
1805.62,1
4106.23,1
7267.93,1
9744.25,1
17056.87,1
14955.86,1
14383.79,1
554.37,1
3929.4,1
4426.8,1
2433.35,1
4719.35,2
14898.1,1
3871.71,1
14222.68,1
1873.07,1
919.06,1
6053.4,1
9162.75,1
8088.04,1
7394.54,1
3908.57,1
5750.21,1
4772.6,1
1407.66,1
744.17,1
5766.64,1
9518.9,1
23754.18,1
2660.43,1
483.75,1
1401.31,1
6288.19,1
4187.67,1
5596.67,1
5508.58,1
2010.68,1
9038.77,1
3944.66,1
5589.58,1
3772.36,1
9927.28,1
192.63,1
11454.56,1
1245.74,1
4074.37,1
2048.54,1
1698.07,1
5212.98,1
4187.52,1
8312.95,1
7912.63,1
6184.23,1
15552.5,1
6880.51,1
12943.96,1
3174.0,1
5785.07,1
6047.39,1
2005.84,1
19237.91,1
5763.18,1
4977.41,1
4408.26,1
3413.98,1
4790.27,1
22921.14,1
2029.8,1
1589.74,1
23782.05,1
5225.91,1
2497.78,1
24889.65,1
11253.09,1
10193.96,1
12666.82,1
1443.29,1
9019.5,1
18210.6,1
121.21,1
13346.58,1
7960.47,1
2914.0,1
1435.66,1
1245.93,1
3694.9,1
179.86,1
1679.25,1
52.97,1
12470.33,1
11797.66,1
1051.24,1
12856.72,1
15001.61,1
6969.4,1
2746.53,1
952.0,1
9330.74,1
4633.62,1
8147.57,1
1404.97,1
3425.29,1
9614.03,1
6514.98,1
7534.43,1
7366.13,1
1285.59,1
10564.65,1
3644.19,1
5258.05,1
8656.25,1
6102.19,1
7404.17,1
18805.39,1
16677.31,1
1631.16,1
5052.93,1
4953.16,1
8597.17,1
487.71,1
14503.36,1
219.39,1
949.24,1
2980.39,1
515.27,1
2277.59,1
3303.39,1
6821.57,1
18318.9,1
4484.53,1
13870.52,1
17290.38,1
2484.06,1
7972.57,1
3016.24,1
16700.84,1
431.1,1
4080.1,1
4077.39,1
17572.54,1
3822.0,1
5069.14,1
3840.86,1
3596.22,1
15434.16,1
1943.46,1
12356.76,1
4251.8,1
3999.15,1
6793.21,1
1537.03,1
13586.66,1
20011.27,1
3285.93,1
186.77,1
2871.8,1
2192.69,1
5365.38,1
12554.23,1
4116.83,1
2580.5,1
15838.18,1
6149.18,1
4999.75,1
3337.52,1
15037.74,1
6639.87,1
10388.54,1
4177.15,1
1216.28,1
10155.12,1
5246.23,1
4916.72,1
3127.45,1
5934.36,1
2580.18,1
3308.01,1
548.71,1
6389.18,1
13724.95,1
7332.66,1
5262.6,1
8229.05,1
7636.54,1
3507.37,1
1170.33,1
10279.33,1
1840.99,1
2963.84,1
7566.63,1
486.93,1
5224.25,1
2648.16,1
1483.94,1
2986.65,1
5815.41,1
6364.56,1
4611.25,1
2315.31,1
10778.87,1
2521.35,1
12322.82,1
5115.55,1
3344.03,1
13809.0,1
6060.59,1
13599.18,1
8025.93,1
96.02,1
4991.37,1
6016.56,1
585.85,1
13412.67,1
14822.07,1
2570.46,1
2654.53,1
11422.75,1
10688.93,1
4147.83,1
4073.01,1
13072.04,1
6226.66,1
604.43,1
4192.96,1
8322.7,1
23830.35,1
2303.48,1
5196.87,1
2682.41,1
4798.52,1
4261.65,1
10766.98,1
1620.78,1
4358.76,1
17045.82,1
1339.45,1
6386.43,1
2277.51,1
5793.58,1
89.78,1
2001.02,1
16299.81,1
18534.04,1
11189.64,1
9650.91,1
5381.9,1
10029.23,1
459.48,1
3448.77,1
803.71,1
1482.62,1
8017.35,1
18617.92,1
2458.65,1
3942.07,1
2413.03,1
1212.36,1
1289.67,1
7782.31,1
10105.25,1
4324.34,1
8596.48,1
5154.39,1
12970.75,1
315.89,1
7660.38,1
6753.86,1
4745.12,1
84.59,1
4221.25,1
14419.13,1
4056.92,1
12398.98,1
3229.11,1
5268.02,1
885.65,1
6329.66,1
18545.73,1
11202.03,1
12213.58,1
6718.7,1
9156.74,1
2134.34,1
7284.6,1
241.76,1
2368.08,1
1845.44,2
7318.14,1
3199.18,1
7163.87,1
9146.32,1
2826.87,1
6976.93,1
5095.64,1
2421.75,1
2766.55,1
1489.67,1
7480.84,1
7309.68,1
6332.45,1
11513.5,1
10376.24,1
11884.32,1
2906.97,1
2342.24,1
2736.99,1
6065.69,1
6228.0,1
2801.85,1
13394.39,1
5770.7,1
4473.27,1
17350.64,1
6532.5,1
6224.92,1
16675.96,1
14094.99,1
8210.1,1
3627.46,1
15590.21,1
2489.62,1
321.58,1
16691.88,1
3484.09,1
3046.11,1
9254.49,1
10596.98,1
5905.3,1
3387.66,1
5524.8,1
1227.03,1
16080.59,1
4043.64,1
2633.89,1
15117.56,1
2159.4,1
3546.13,1
13075.48,1
2959.84,1
13415.81,1
2369.88,1
12531.33,1
7722.97,1
7533.36,1
594.98,1
19393.86,1
7979.92,1
6931.97,1
1785.12,1
9196.9,1
19180.97,1
6278.28,1
3221.75,1
3103.36,1
721.85,1
8576.06,1
9872.94,1
18827.67,1
4758.74,1
21895.79,1
6541.05,1
3785.9,1
10021.01,1
11737.12,1
279.4,1
11828.06,1
5604.41,1
1988.27,1
6341.64,1
2344.65,1
5192.3,1
12772.59,1
3325.94,1
12320.4,1
17059.0,1
12159.69,1
1161.94,1
15065.77,1
3973.16,1
17368.4,1
3781.08,1
6640.96,1
9982.1,1
618.62,1
308.33,1
17350.18,1
4344.35,1
1266.21,1
19764.43,1
7565.34,1
2594.53,1
274.43,1
2615.29,1
8315.22,1
5652.13,1
1780.05,1
9215.83,1
7225.57,1
1787.2,1
3611.74,1
3341.1,1
1091.24,1
16700.07,1
15397.42,1
3282.66,1
1859.66,1
3559.72,1
7143.71,1
1442.11,1
1240.89,1
17945.2,1
3022.53,1
4490.65,1
6777.11,1
17722.72,1
7440.65,1
8245.57,2
19117.61,1
2273.17,1
448.69,1
4008.51,1
4565.18,1
15819.23,1
8550.62,1
4999.24,1
1708.39,1
8457.35,1
934.72,1
3651.19,1
3897.11,1
4391.76,1
7118.28,1
1574.0,1
4187.77,1
17088.44,1
8675.51,1
2374.98,1
5029.26,1
13296.27,1
3142.11,1
395.57,1
2555.16,1
1880.99,1
4306.39,1
8438.7,1
10162.1,1
9152.98,1
12839.21,1
10002.4,1
5221.22,1
5214.34,1
12931.1,1
22740.81,1
12136.81,1
5768.3,1
7088.11,1
4843.19,1
14725.79,1
4013.63,1
3649.41,1
355.38,1
2635.47,1
7221.8,1
3487.18,1
3131.11,1
20832.78,1
10068.09,1
2852.6,1
2430.54,1
17364.82,1
2036.75,1
9381.77,1
819.55,1
3446.64,1
10210.38,1
3808.43,1
8148.81,1
399.16,1
2485.45,1
1195.68,1
3612.95,1
16526.54,1
21627.71,1
5928.32,1
6575.4,1
7299.62,1
2298.54,1
4029.15,2
9312.15,1
9683.54,1
12820.24,1
3092.51,1
5721.51,1
3464.23,1
6105.92,1
765.1,1
2811.53,1
2910.8,1
9630.09,1
16338.39,1
3131.93,1
15958.79,1
9914.97,1
4985.33,1
13366.54,1
11429.72,1
1302.35,1
7410.44,1
9983.56,1
1510.23,1
4010.66,1
5822.18,1
5283.63,1
14916.44,1
1673.36,1
5912.87,1
17516.53,1
4057.87,1
4136.72,1
6958.16,1
3780.99,2
2619.61,1
9045.76,1
4735.65,1
10950.02,1
2176.19,1
4922.11,1
5774.07,1
3148.54,1
913.7,1
315.2,1
21887.02,1
12324.3,1
2478.3,1
6219.75,1
1268.74,1
2954.82,1
7799.9,1
6625.98,1
3907.84,1
1535.51,1
7289.83,1
14845.64,1
10576.51,1
8585.2,1
10517.15,1
3535.7,1
19172.48,1
118.4,1
14690.29,1
9167.49,1
16555.41,1
19399.12,1
1274.17,1
362.52,1
9568.41,1
7899.99,1
4244.59,1
476.65,1
18369.91,1
7871.79,1
825.55,1
7835.07,1
1734.2,1
7276.9,1
5671.06,1
15065.92,1
3249.05,1
1723.73,1
16919.31,1
533.7,1
4361.0,1
2949.57,1
19110.46,1
7571.08,1
7630.65,1
1318.76,1
7101.21,1
10493.58,1
7074.66,1
2996.5,1
11003.9,1
962.92,1
17031.16,1
2295.2,1
4452.68,1
2611.16,1
8467.58,1
604.62,1
3100.42,1
1749.8,1
8781.14,1
3438.03,1
5119.3,1
12291.47,1
3080.79,1
8366.03,1
2935.7,1
7158.54,1
4678.48,1
7174.52,1
8666.34,1
10734.18,1
9192.62,1
1697.01,1
11631.15,1
17748.56,1
680.2,1
5604.77,1
4525.35,1
6151.92,1
10820.0,1
6889.53,1
1315.55,1
9010.47,1
8487.29,1
5275.4,1
3361.43,1
2460.69,1
22636.07,1
4247.67,1
11524.65,1
17073.6,1
6450.01,1
383.43,1
3290.52,1
3944.26,2
7106.61,1
13657.78,1
16443.93,1
2085.39,1
2641.32,1
15009.23,1
14762.51,1
4636.61,1
7410.12,1
3915.87,1
18186.68,1
3908.95,1
11855.74,1
3134.81,1
3906.48,1
5327.01,1
9378.83,1
10398.88,1
15209.45,1
6021.38,1
1874.38,1
772.02,1
13248.11,1
6704.58,1
10360.68,1
4447.42,1
11433.77,1
3066.28,1
9054.4,1
6847.56,1
11378.68,1
3890.23,1
1174.64,1
8388.58,1
2003.47,1
8652.41,1
2774.61,1
7044.33,1
6897.29,1
9431.41,1
5429.6,1
17271.59,1
7923.54,1
11088.75,1
9665.31,1
14063.12,1
4758.76,1
20042.66,1
7496.29,1
4516.02,1
21215.52,1
5446.45,1
4221.62,1
5852.56,1
11249.95,1
5458.6,1
2282.9,1
2693.07,1
6556.52,1
21259.4,1
5113.03,1
5655.86,1
1640.49,1
10631.18,1
8037.25,1
18356.26,1
11279.37,1
18104.34,1
12287.14,1
13642.93,1
6913.66,1
7934.26,1
795.2,1
5192.13,1
5854.26,1
7264.4,1
26.23,1
5880.64,1
3714.07,1
9929.01,1
2274.36,1
5426.67,1
1408.31,1
58.16,2
922.26,1
4175.23,1
12873.92,1
2659.62,2
7646.43,1
2636.69,1
19889.61,1
1409.83,1
1378.3,1
7175.78,1
5489.37,1
1596.9,1
6816.77,1
13033.23,1
5603.79,1
12290.09,1
3884.14,1
3312.54,1
3178.81,1
981.32,1
5408.22,1
22009.93,1
484.29,1
12907.42,1
6723.54,1
4306.47,1
3529.75,1
678.2,1
3368.7,1
2230.59,1
6830.87,1
7498.42,1
10688.06,1
5079.53,1
17017.21,1
11918.39,1
2368.35,1
1643.67,1
2442.55,1
236.75,1
22008.09,1
6272.63,1
13292.58,1
5644.08,1
4441.44,1
14442.11,1
7900.11,1
13084.12,1
1689.19,1
17857.89,1
5376.01,1
23029.45,1
8132.37,1
24228.22,1
2957.16,1
1302.55,1
8208.21,1
12112.7,1
7933.63,1
7461.0,1
4605.45,1
9692.35,1
78.65,1
7158.67,1
14401.65,1
9056.41,1
7029.07,1
1196.41,1
7171.04,1
4838.69,1
1209.25,1
8436.83,1
5933.08,1
282.1,1
16373.65,1
2067.08,1
3094.58,1
6163.12,1
2386.62,1
2694.17,1
1972.01,1
293.52,1
14365.26,1
4819.85,1
3650.13,1
4795.4,1
7395.2,1
843.37,1
192.35,1
15020.72,1
4143.85,1
3095.64,1
3843.07,1
1899.07,1
1958.73,1
3553.86,1
4639.47,1
12430.32,1
15678.34,1
9673.1,1
13424.13,1
10759.94,1
14989.2,1
3386.55,1
1957.88,1
2283.86,1
13560.29,1
5796.03,1
14424.96,1
5749.34,1
5630.86,1
2184.73,1
4399.24,1
1901.95,1
591.5,1
8216.02,1
2864.06,1
3090.46,1
12380.88,1
637.29,1
7168.63,1
4594.66,1
7275.09,1
4394.2,1
1028.17,1
574.66,1
7057.5,1
7580.69,1
11970.99,1
9048.73,1
5922.61,1
1492.67,1
16913.03,1
6974.83,1
5956.38,1
12419.18,1
10958.75,1
3485.45,1
13636.88,1
2908.44,1
12210.09,1
8043.16,1
7692.99,1
1831.0,1
4720.3,1
4372.02,1
4966.37,1
10666.66,1
7097.58,1
8654.07,1
16233.35,1
2675.24,1
2640.23,1
11899.23,1
2406.55,1
5847.5,1
12861.99,1
1975.6,1
13122.61,1
21003.01,1
15466.85,1
1807.77,1
5431.39,1
7674.36,1
3521.82,1
2934.38,1
320.73,1
4277.74,1
904.4,1
1006.78,1
11180.1,1
13557.83,1
18546.44,1
11166.88,1
4218.41,1
2327.12,1
245.81,1
4036.42,1
945.74,1
6588.74,1
10883.35,1
2464.35,1
2546.52,1
6316.82,1
2009.08,1
13704.28,1
21089.14,1
2324.62,1
3626.94,1
2546.81,1
2204.93,1
3978.53,1
6621.99,1
6049.96,1
1004.2,1
4362.4,1
14240.7,1
6287.57,1
7308.58,1
3200.73,1
3331.74,1
4313.61,1
8579.35,1
2160.09,1
8046.44,1
17577.32,1
1690.51,1
9464.61,1
2356.82,1
3580.48,1
4679.76,1
3142.06,1
8170.58,1
7472.33,1
7845.64,1
14003.42,1
7948.0,1
2067.24,1
1959.62,1
21401.56,1
8268.22,1
9484.77,1
1790.34,1
3738.38,1
8784.58,1
7561.39,1
3794.7,1
11308.7,1
3815.21,1
650.6,1
5924.42,1
442.51,1
246.29,1
9466.2,1
4282.75,1
19361.58,1
3816.45,1
9208.13,1
4835.63,1
4941.69,1
15396.7,1
2696.14,1
8554.11,1
12758.51,1
15014.43,1
680.29,1
4938.2,1
4188.36,1
5027.22,1
3446.37,1
439.44,1
10134.0,1
242.46,1
15792.71,1
551.85,1
6431.73,1
7768.4,1
2354.4,1
8910.14,1
6005.11,1
3312.28,1
10923.63,1
8858.3,1
8077.3,1
4769.23,1
10360.56,1
3217.91,1
22404.43,1
963.21,1
9854.46,1
8211.45,1
2886.65,1
5617.25,1
5413.2,1
14806.48,1
3385.23,1
323.34,1
6144.97,1
7009.5,1
3260.21,1
13601.99,1
14535.02,1
8240.24,1
2202.45,1
5144.43,1
2377.28,1
17145.53,1
8536.18,1
11998.95,1
8318.79,1
1020.38,1
6103.49,1
1782.09,1
1218.24,1
5435.15,1
2258.11,1
2033.92,1
8258.8,1
6400.85,1
1535.45,1
5990.83,1
8753.12,1
3889.86,1
729.26,1
817.9,1
6120.88,1
12398.23,1
3193.42,1
4003.67,1
4548.46,1
18503.82,1
1657.68,1
1891.22,2
15393.33,1
3087.82,1
1416.73,1
2659.19,1
3639.5,1
18072.85,1
2007.4,1
1899.17,1
3818.63,1
9303.35,1
506.54,1
1897.37,1
125.78,1
6712.73,1
15995.56,1
10816.26,1
6416.12,1
2290.37,1
17669.11,1
8796.61,1
1101.21,1
8161.6,1
3972.17,1
3530.78,1
6548.58,1
497.94,1
3143.89,1
6519.65,1
8888.75,1
2839.1,1
3189.91,1
5245.51,1
4937.24,1
4926.23,1
4373.04,1
1629.82,1
3512.82,1
58.2,1
6494.6,1
3344.96,1
2217.6,1
14361.92,1
8069.72,1
3225.49,1
5927.8,1
2930.96,1
386.49,1
7827.41,1
5444.71,1
8756.84,1
10224.56,1
17717.4,1
439.43,1
8421.66,1
3811.73,1
15465.55,1
15168.61,1
12915.97,1
8949.83,1
14144.75,1
11470.18,1
7787.32,1
2212.34,1
964.27,1
221.46,1
2784.84,1
1481.14,1
20849.03,1
3375.06,1
2689.99,1
1390.46,1
2564.66,1
1771.23,1
7512.47,1
11016.55,1
12067.74,1
3895.0,1
12221.41,1
8134.29,1
802.9,1
14691.78,1
17119.71,1
575.21,1
16782.33,1
6407.27,1
20665.67,1
2925.87,1
2532.34,1
3050.29,1
1246.01,1
4541.44,1
2731.77,1
5805.66,1
1182.43,1
7678.83,1
6517.36,1
9981.26,1
1468.38,1
2980.64,1
14503.75,1
5865.67,1
5566.87,1
992.75,1
7462.65,1
3447.92,1
5126.87,1
2320.6,1
12640.11,1
1781.09,1
3593.43,1
3558.18,1
1233.16,1
1242.4,1
4130.71,1
180.57,1
1196.39,1
1619.44,1
711.19,1
2613.08,1
5747.98,1
15405.71,1
22183.17,1
8105.44,1
3862.4,1
566.88,1
8930.64,1
8779.55,1
4207.97,1
8751.46,1
14932.5,1
12051.63,1
7939.77,1
6264.03,1
2499.31,1
3303.61,1
12875.23,1
7403.45,1
11334.36,1
1307.29,1
6102.32,1
2504.72,1
6990.08,1
5512.41,1
698.83,1
4174.13,1
11025.34,1
11789.55,1
3039.91,1
13554.36,1
2808.77,1
14944.93,1
3554.17,1
16032.95,1
6044.28,1
180.28,1
13635.94,1
796.85,1
6902.77,1
3373.74,1
12477.81,1
8133.79,1
2319.83,1
12891.24,1
556.91,1
2962.22,1
10189.01,1
6935.46,1
6126.09,1
10959.42,1
1743.76,1
5701.89,1
13779.77,1
2954.7,1
1181.61,1
3083.04,1
291.92,1
20688.28,1
3198.92,1
11309.95,1
11533.94,1
13321.9,1
16791.67,1
10256.67,1
1415.15,1
14876.12,1
1599.38,1
696.36,1
4536.44,1
17599.43,1
18477.92,1
3834.12,1
3946.34,1
8842.86,1
6396.73,1
3360.12,1
3857.15,1
12501.57,1
7513.57,1
285.04,1
7316.11,1
5202.44,1
12439.3,1
7937.94,1
6187.48,1
5701.73,1
12447.25,1
11670.62,1
997.48,1
2826.06,1
1362.39,1
9265.45,1
1955.99,1
7329.46,1
19269.76,1
2235.15,1
19425.54,1
5033.68,1
9648.67,1
1326.76,1
2035.34,1
3617.11,1
7130.54,1
6642.09,1
1781.86,1
6219.26,1
3778.57,1
12822.94,1
2051.66,1
6880.11,1
11236.31,1
7263.78,1
3266.76,1
16337.65,1
5784.28,1
11298.1,1
19566.44,1
2117.99,1
1047.71,1
14685.08,1
10668.64,1
4214.34,1
3208.75,1
12102.36,1
1809.89,1
2981.58,1
11789.35,1
7561.84,1
5440.3,1
1302.04,1
7018.08,1
4624.34,1
10829.61,1
3567.14,1
1539.33,1
2577.04,1
1184.95,1
1629.36,1
4801.23,1
4329.29,1
2036.78,1
2698.8,1
14310.27,1
9231.95,1
1174.36,1
2810.47,1
3438.35,1
1571.79,1
5062.65,1
3809.15,1
1765.43,1
4013.05,1
3453.83,1
9738.23,1
14836.23,1
16080.71,1
11053.54,1
439.41,1
14973.25,1
2598.19,1
2966.1,1
1897.39,1
4976.99,1
3271.47,1
4679.45,1
2716.52,1
7651.5,1
2709.23,1
881.75,1
5832.96,1
2992.89,1
10319.6,1
2366.05,1
7120.21,1
91.55,1
4936.46,1
10216.92,1
577.82,1
8314.79,1
1402.97,1
4028.81,1
13902.61,1
13459.33,1
11250.16,1
4091.69,1
13074.09,1
6145.03,1
193.05,1
4333.76,1
5266.28,1
4748.3,1
7117.34,1
14853.57,1
1060.4,1
995.04,1
8182.32,1
4242.54,1
3578.33,1
12294.11,1
3451.27,1
805.79,1
432.93,1
6790.35,1
634.16,1
6092.43,1
2886.33,1
11802.22,1
4532.35,1
6848.42,1
2391.8,1
3623.75,1
4181.54,1
7831.19,1
16487.74,1
7624.78,1
14598.9,1
8981.42,1
1692.63,1
2273.74,1
8735.85,1
4823.89,1
8103.57,1
6270.33,1
22354.75,1
6251.69,1
2109.06,1
3183.65,1
3160.95,1
8111.91,1
3320.19,1
2869.89,1
13610.37,1
3864.06,1
1422.19,1
10682.88,1
13256.68,1
14799.63,1
6941.51,1
6146.45,1
2916.4,1
10004.55,1
6099.15,1
5139.29,1
7088.1,1
2700.53,1
17359.81,1
2491.85,1
4864.04,1
3818.61,1
930.32,1
8748.48,1
17618.67,1
535.28,1
14038.54,1
4423.68,1
2805.36,1
7424.05,1
2753.51,1
16095.08,1
8936.85,1
11163.47,1
4573.47,1
123.59,1
17796.97,1
8037.0,1
7255.26,1
204.21,1
5310.57,1
4115.8,1
2759.01,1
527.91,1
3478.75,1
17903.83,1
8336.14,1
7911.92,1
7770.56,1
21874.65,1
8039.91,1
625.52,1
13037.53,1
1313.37,1
5489.63,1
13097.85,1
4306.09,1
2468.97,1
4885.07,1
11352.1,1
13589.11,1
10543.9,1
1195.72,1
4419.76,1
5363.4,1
9629.79,1
2347.45,1
4243.16,1
10612.39,1
7229.72,1
11839.51,1
4558.33,1
9392.21,1
4514.16,1
17819.76,1
6200.87,1
7288.03,1
6796.1,1
3108.81,1
6009.43,1
2246.19,1
4612.49,1
2749.27,1
5642.71,1
2170.59,1
5537.38,1
18114.95,1
5977.58,1
14879.7,1
6933.31,1
3217.98,1
21790.06,1
5080.49,1
14944.33,1
5787.96,2
212.28,1
2571.01,1
5710.51,1
1049.75,1
9503.76,1
15749.2,1
2522.86,1
9450.51,1
15374.54,1
5077.55,1
2661.49,1
7580.98,1
12415.28,1
1146.86,1
16449.73,1
12162.82,1
11952.81,1
5221.19,1
17724.11,1
7001.98,1
5890.57,1
6948.52,1
9324.97,1
328.17,1
5886.65,1
1324.03,1
6741.81,1
2870.06,1
1317.94,1
9741.94,1
12346.33,1
15822.66,1
2414.52,1
20532.41,1
13560.97,1
1235.33,1
3910.59,1
1467.75,1
6165.95,1
1859.68,1
3962.57,1
17322.12,1
8234.87,1
4200.85,1
1976.47,1
7028.77,1
22859.22,1
16562.58,1
4562.43,1
1391.04,1
4046.69,1
16607.68,1
12319.0,1
3727.3,1
16585.93,1
1261.07,1
22043.77,1
14470.22,1
2193.56,1
5398.78,1
2398.24,1
269.21,1
4241.12,1
18831.72,1
2738.02,1
1643.54,1
8270.57,1
5507.53,1
10161.81,1
7137.53,1
4505.92,1
5252.31,1
969.9,1
12228.36,1
2518.82,1
14115.17,1
418.38,1
14183.47,1
139.89,1
12838.21,1
5848.96,1
2963.19,1
9679.54,1
4384.21,1
2246.14,1
3601.63,1
7903.69,1
3209.38,1
18908.42,1
4643.51,1
3732.32,1
5799.89,1
5970.66,1
408.97,1
6848.31,1
5496.27,1
5415.86,1
22990.36,1
511.21,1
9857.07,1
5825.03,1
3158.59,1
3449.27,1
12330.88,1
3913.68,1
4948.16,1
1331.73,1
627.12,1
1493.39,1
9705.05,1
204.54,1
20032.45,1
3702.19,1
4022.59,1
295.36,1
11798.43,1
21616.13,1
6753.33,1
3866.06,1
17500.19,1
12615.34,1
5026.86,1
129.2,1
4046.39,1
3569.39,1
3030.76,1
6310.37,2
3093.54,1
4136.05,1
17134.67,1
23003.93,1
4736.34,1
2350.92,1
3272.01,1
9118.61,1
13764.58,1
15876.04,1
3932.48,1
1749.98,1
19940.52,1
11556.65,1
2954.33,1
3999.06,1
4931.71,1
17993.38,1
8284.95,1
6768.58,1
10293.33,1
2995.08,1
611.28,1
5218.96,1
9162.49,1
6568.65,1
5098.12,1
19601.32,1
2144.88,1
9173.43,1
2341.64,1
8834.33,1
18975.29,1
2410.83,1
8279.26,1
2148.32,1
4645.63,1
1187.64,1
4015.16,1
6106.09,1
10706.22,1
2061.15,1
477.52,1
12981.67,1
7406.62,1
2114.18,1
1778.51,1
100.98,1
1310.73,1
10451.55,1
3644.82,1
1860.76,1
8237.9,1
9261.83,1
17347.49,1
4006.01,1
15193.65,1
14153.95,1
14352.5,1
1993.7,1
3691.48,1
14640.63,1
6269.92,1
8559.92,1
15296.47,1
6884.62,1
7774.04,1
12070.1,1
3041.76,1
8985.56,1
12547.22,1
2128.0,1
5453.83,1
14578.37,1
1630.6,1
1838.14,1
10190.94,1
9958.66,1
3492.57,1
8128.53,1
7172.49,1
4477.72,1
11509.98,1
10972.58,1
2919.91,1
12880.98,1
10764.58,1
8378.36,1
10745.68,1
3189.34,1
10852.21,1
2989.57,1
10083.04,1
18886.47,1
2548.14,1
7926.15,1
6089.17,1
286.3,1
3645.09,1
626.17,1
2280.68,1
4225.24,1
317.94,1
7016.0,1
7265.84,1
18299.08,1
6671.96,1
10813.68,1
12169.94,1
3705.04,1
18419.72,1
5389.35,1
4627.2,1
2239.54,1
1479.71,1
7517.93,1
16590.86,1
4338.96,1
3242.18,1
705.3,1
2837.12,1
4778.76,1
6495.79,1
4777.33,1
12043.24,1
15338.23,1
21502.08,1
1249.04,1
9911.25,1
5752.57,1
7736.02,1
3148.38,1
4939.53,1
3458.07,1
18369.77,1
4246.71,1
7308.28,1
2540.86,1
17735.61,1
2067.07,1
20507.07,1
1010.59,1
4538.26,1
1449.84,1
4653.04,1
4313.97,1
17226.7,1
2175.32,1
1945.82,1
7111.86,1
2938.17,1
12728.47,1
3946.86,1
1092.81,1
12248.57,1
4005.33,1
478.59,1
3169.72,1
18347.01,1
18647.91,1
4592.53,1
1910.49,1
884.72,1
2572.38,1
10647.34,1
8117.19,1
2775.86,1
7601.66,1
8717.4,1
14268.26,1
11375.67,1
7300.75,1
11291.38,1
11883.3,1
2510.99,1
4735.02,1
7119.33,1
141.74,1
7229.9,1
614.31,1
2030.14,1
10698.62,1
1105.61,1
6246.3,1
6556.32,1
8555.15,1
10231.99,1
1704.88,1
2043.19,1
19138.6,1
20002.46,1
1352.65,1
14013.55,1
2992.84,1
2812.22,2
22230.55,1
1118.6,1
2965.14,1
3567.71,1
1853.7,1
10858.66,1
11550.24,1
1431.68,1
1939.97,1
15060.92,1
2919.27,1
13548.63,1
1953.12,1
1710.28,1
2198.23,1
14658.89,1
6871.34,1
14029.76,1
5221.74,1
1133.46,1
5342.14,1
3892.85,1
7459.18,1
2190.47,1
15098.52,1
22090.26,1
11158.36,1
16367.64,1
4753.99,1
7096.24,1
11353.55,1
2985.29,1
2642.54,1
16530.77,1
10148.43,1
7575.17,1
10531.68,1
9556.5,1
12332.76,1
7290.18,1
2948.97,1
2878.44,1
2950.36,1
4433.98,1
16985.56,1
632.19,1
1219.59,1
17671.18,1
2703.18,1
10696.08,1
13874.92,1
16012.53,1
15937.08,1
12456.49,1
2484.0,2
12444.82,1
20623.95,1
2587.53,1
12163.43,1
2697.17,1
7948.83,1
4314.95,1
14536.41,1
3668.0,1
4899.46,1
8910.61,1
19476.54,1
2546.21,1
11800.54,1
7607.71,1
8869.74,1
7675.75,1
2491.02,1
3302.12,1
1181.07,1
11620.65,1
19694.51,1
7829.14,1
4484.75,1
8719.68,1
3774.9,1
15546.47,1
4391.57,1
8755.86,1
20665.48,1
4135.67,1
2141.12,1
3988.03,1
12261.39,1
17432.61,1
9496.03,1
525.03,1
3988.09,1
6453.0,1
5068.41,1
20525.28,1
13738.56,1
10986.0,1
381.21,1
2664.1,1
17366.36,1
14249.57,1
10003.78,1
19484.55,1
3117.11,1
4269.04,1
15393.84,1
7336.4,1
10389.53,1
17323.39,1
4567.87,1
4066.94,1
2659.51,1
8513.47,1
12921.33,1
6261.47,1
2682.96,1
2535.33,1
5871.94,1
20346.86,1
7204.43,1
13868.04,1
2971.33,1
3546.65,1
7203.47,1
13992.35,1
7773.87,1
11894.73,1
2018.72,1
1530.11,1
7896.08,1
1733.17,1
21983.29,1
5877.59,1
10603.0,1
2228.16,1
3353.13,1
7403.18,1
12551.63,1
977.16,1
4088.27,1
2282.0,1
417.11,1
8524.95,1
12452.07,1
8337.81,1
3610.33,1
13442.64,1
17199.3,1
11789.66,1
14408.53,1
5805.83,1
1032.25,1
1768.12,1
804.76,1
4380.44,1
2546.79,1
2611.84,1
6159.22,1
5412.1,1
2610.92,1
6777.04,1
578.11,1
1138.27,1
4515.91,1
11498.48,1
4288.6,1
1922.08,1
3426.46,1
17913.06,1
7285.4,1
13209.01,1
9458.71,1
237.21,1
658.87,1
5974.84,1
8162.49,1
4870.69,1
7111.94,1
6247.57,1
11098.76,1
7920.78,1
5157.92,1
10746.95,1
11089.41,1
16502.99,1
6135.89,1
19215.23,1
10945.66,1
4637.49,1
3940.29,1
308.98,1
12618.83,1
1498.29,1
6062.28,1
1894.48,1
812.96,1
7512.35,1
9405.17,1
1163.98,1
7001.36,1
574.41,1
9141.69,1
9642.84,1
19822.68,1
13145.55,1
9303.1,1
3080.38,1
659.59,1
3803.3,1
3618.14,1
2985.93,1
11925.36,1
2524.71,1
18727.36,1
1104.96,1
3453.91,1
11226.43,1
7669.56,1
3628.81,1
9541.42,1
15728.05,1
4318.21,1
9479.79,1
5652.6,1
12197.45,1
1334.16,2
427.77,1
10401.46,1
6325.24,1
1996.91,1
618.79,1
4557.15,1
3506.2,1
1394.08,1
7766.09,1
3023.09,1
10259.42,1
5215.26,1
1093.67,1
1580.05,1
17927.92,1
7383.21,1
13093.84,1
9077.66,1
4657.86,1
24261.5,1
5838.55,1
2432.75,1
11886.39,1
2974.38,1
10470.11,1
5351.58,1
10945.21,1
5088.98,1
9138.51,1
4770.34,1
1079.39,1
3967.15,1
9808.15,1
3055.48,1
1634.49,1
1097.42,1
7703.56,1
802.97,1
345.24,1
4334.6,1
7592.11,1
805.3,1
2440.08,1
16706.83,1
4547.12,1
656.34,1
4202.59,1
17964.35,1
3966.31,1
1683.43,1
6173.21,1
9968.44,1
220.64,1
1786.2,1
7464.66,1
12348.72,1
4908.27,1
19285.36,1
21983.55,1
2342.36,1
7938.69,1
2049.32,1
22199.12,1
6886.38,1
3864.73,1
844.22,1
3852.82,1
3699.24,1
9341.04,1
17342.6,1
6440.79,1
4622.58,1
10410.33,1
3218.57,1
6934.87,1
714.59,1
1561.7,1
13989.13,1
2931.77,1
18501.16,1
9903.58,1
8682.57,1
20671.66,1
3559.47,1
11435.53,1
2370.54,1
11551.59,1
3183.57,1
9437.08,1
118.74,1
1504.96,1
14313.49,1
867.08,1
6473.42,1
1629.18,1
6071.39,1
4292.42,1
5517.27,1
6643.11,1
11335.43,1
2903.85,1
4693.0,1
4182.81,1
11987.6,1
364.89,1
11356.87,1
7810.42,1
2215.15,1
5877.46,1
6780.45,1
4861.88,1
12678.93,1
881.87,1
1920.4,1
1807.47,1
1053.01,1
851.52,1
2338.97,1
186.22,1
5333.6,1
14982.81,1
7058.03,1
11057.65,1
7216.88,1
4299.59,1
5784.61,1
9772.7,1
4331.26,1
14204.11,1
4005.92,1
3365.19,1
3734.36,1
4245.16,1
16521.59,1
1855.33,1
6108.95,1
4694.9,1
2749.21,1
11460.13,1
811.08,1
13001.47,1
237.8,1
4607.38,1
6774.46,1
2824.08,1
18818.47,1
18952.81,1
3390.51,1
7980.12,1
8919.48,1
1969.48,1
3762.19,1
3765.77,1
1366.95,1
7407.72,1
5147.68,1
7689.94,1
770.33,1
726.79,1
5337.83,1
6701.67,1
8191.54,1
9347.62,1
3585.57,1
4040.23,1
458.32,1
1528.24,1
5817.7,1
16085.64,1
415.5,1
3868.36,1
23435.07,1
2907.22,1
5745.66,1
15253.18,2
7526.37,1
7396.88,1
459.31,1
22970.26,1
14536.34,1
6191.4,1
4495.08,1
4109.88,1
3342.22,1
14620.39,1
19478.78,1
3696.06,1
4671.11,1
8030.81,1
7088.92,1
8171.25,1
16427.56,1
179.65,1
1964.72,1
13168.59,1
10487.33,1
11063.75,1
719.78,1
13419.6,1
12738.36,1
3932.69,1
1682.92,1
2478.37,1
23503.04,1
13016.91,1
15616.05,1
4225.1,1
1246.58,1
2018.9,1
529.1,1
4134.55,1
5560.29,1
2638.36,1
8271.41,1
495.77,1
9960.39,1
4075.23,1
1727.06,1
1808.09,1
145.16,1
10713.06,1
805.84,1
6140.79,1
11902.64,1
5228.75,1
22171.45,1
3648.12,1
1556.25,1
8073.88,1
1063.69,1
3744.54,1
6405.84,1
205.91,1
5346.45,1
21120.06,1
762.49,1
3882.74,1
21923.04,1
1595.84,1
11825.62,1
1364.71,1
4327.96,1
1797.1,1
1625.54,1
6178.76,1
1809.23,1
13369.83,1
2352.79,1
19313.77,1
2420.45,1
1398.29,1
16824.2,1
10901.04,1
13070.32,1
4966.3,1
3809.36,1
11179.78,1
14879.45,1
2100.78,1
11432.12,1
13273.7,1
12792.76,1
2492.89,1
4548.98,1
16683.98,1
8886.5,1
4940.97,1
12266.34,1
21272.62,1
4038.75,1
3724.05,1
2117.81,1
1681.84,1
5811.31,1
6255.81,1
22219.3,1
2482.89,1
16135.91,1
2453.32,1
8942.13,1
2317.28,1
876.27,1
10692.39,1
332.96,1
8895.16,1
1310.09,1
2542.82,1
9010.81,1
4409.97,1
6300.28,1
1900.97,1
8777.52,1
13847.2,1
7167.65,1
1717.84,1
747.24,1
15050.84,1
8028.85,1
2087.52,1
255.23,1
9338.36,1
744.67,1
15492.93,1
3458.17,1
2919.13,1
10680.7,1
19637.36,1
2956.71,1
428.15,1
11731.54,1
9140.37,1
8254.87,1
12683.82,1
6381.45,1
7992.28,1
3828.78,1
3795.09,1
447.94,1
1795.5,1
5450.58,1
2257.98,1
7373.84,1
12207.45,1
722.32,1
5606.78,1
10951.79,1
122.42,1
4091.66,1
365.65,1
2144.01,1
2519.58,1
8605.23,1
10495.7,1
14647.53,1
11787.12,1
12494.7,1
11602.16,1
8897.2,1
5608.61,1
4029.82,1
12258.34,1
5425.11,1
7249.06,1
3940.85,1
531.78,1
13585.63,1
1800.08,1
14792.03,1
1794.86,1
6594.29,1
7869.89,1
1769.67,1
3563.22,1
2546.67,1
20426.68,1
5922.89,1
7274.39,1
7887.91,1
4330.23,1
1532.99,1
2767.4,1
9933.78,1
6735.51,1
3169.77,1
19505.53,1
10734.3,1
18691.81,1
1050.83,1
522.81,1
454.19,1
2360.38,1
8653.62,1
4316.19,1
6630.25,1
22398.61,1
3473.52,1
868.3,1
1253.19,1
3488.81,1
7475.79,1
3538.57,1
357.56,1
9000.83,1
2351.27,1
3813.68,1
16954.82,1
9433.69,1
6828.15,1
144.98,1
3880.73,1
3022.48,1
3736.3,1
9901.82,1
3976.17,1
5794.87,1
7312.01,1
10367.24,1
6373.8,1
4363.58,1
10821.66,1
3668.54,1
7824.21,1
7201.16,1
19934.3,1
2357.03,1
9024.3,1
98.31,1
4291.32,1
10145.83,1
3022.21,1
2609.57,1
5063.88,1
3185.84,1
9454.78,1
10332.09,1
401.68,1
4368.1,1
9906.11,1
8481.88,1
601.65,1
2939.46,1
20671.4,1
7131.17,1
889.93,1
3683.16,1
11922.66,1
4810.47,1
6679.89,1
877.49,1
2772.04,1
3541.11,1
9166.39,1
12019.46,1
9729.39,1
12871.93,1
4618.73,1
7092.86,1
22863.18,1
4957.39,1
630.37,1
9335.09,1
3949.68,1
7151.52,1
927.06,1
7850.1,1
7276.44,1
2332.32,1
15802.92,1
58.27,1
4075.39,1
7779.48,1
15904.89,1
617.32,1
7958.33,1
7731.63,1
1953.09,1
1717.95,1
2280.26,1
20550.16,1
3545.97,1
6463.12,1
2764.52,1
1179.7,1
16465.17,1
1883.91,1
1131.61,1
17339.2,1
8638.43,1
3750.82,1
12646.58,1
2331.81,1
4979.63,1
2685.13,1
5382.1,1
13850.23,1
2591.67,1
7123.38,1
8238.8,1
4006.64,1
3499.16,2
14043.77,1
4044.94,1
11960.18,1
14545.32,1
7516.34,1
13191.11,1
2301.86,1
18585.59,1
15468.61,1
3443.28,1
9023.78,1
3748.96,1
1269.12,1
10238.11,1
13926.57,1
7438.96,1
6715.68,1
3418.76,1
7235.31,1
6348.81,1
4337.0,1
3368.56,1
4519.9,1
3683.26,1
2257.4,1
3239.95,1
2038.1,1
2782.21,1
5525.86,1
6372.07,1
3672.95,1
13154.66,1
2376.76,1
10785.0,1
5930.57,1
1602.46,1
6825.7,1
919.03,1
2568.04,1
2341.06,1
6168.19,1
7051.78,1
443.86,1
1163.53,1
18312.91,1
10383.76,1
855.19,1
3899.85,1
1190.27,1
6854.24,1
2870.48,1
1320.26,1
1631.57,1
4953.74,2
17140.06,1
5846.8,1
9497.0,1
1944.03,1
2424.11,1
3031.77,1
12112.14,1
2708.87,1
16954.41,1
11861.22,1
17165.24,1
5216.14,1
4019.49,1
776.53,1
4486.52,1
17550.13,1
16127.61,1
5447.08,1
6352.35,1
3384.6,1
5450.37,1
7431.47,1
5386.43,1
4029.7,1
117.07,1
8944.8,1
2346.68,1
5999.42,1
12231.67,1
18707.02,1
7411.91,1
6221.51,1
499.76,1
2489.22,1
20149.63,1
3372.65,1
8402.28,1
1061.13,1
7472.47,1
6730.92,1
8957.7,1
6905.65,1
11995.76,1
7147.54,1
813.26,1
1570.06,1
6025.86,1
12031.12,1
12154.73,1
2215.26,1
1238.74,1
8849.61,1
2237.96,1
6554.8,1
3903.91,1
2365.31,1
7131.39,1
13112.45,1
7361.38,1
2977.41,1
2343.49,1
1444.92,1
8440.63,1
5095.73,1
11915.34,1
1831.58,1
1718.18,1
1760.38,1
19662.99,1
8841.5,1
4751.61,1
11391.0,1
4486.04,1
1045.57,1
17811.94,1
1775.7,1
3561.41,1
1668.7,1
453.62,1
12204.88,1
10788.29,1
1053.92,1
5051.92,1
4006.26,1
3677.8,1
6868.78,1
4123.88,1
11929.07,1
3718.91,1
3879.75,1
6012.63,1
8871.1,1
18618.89,1
1371.67,1
235.94,1
786.1,1
8134.47,1
16012.19,1
1362.9,1
13239.91,1
9536.14,1
2035.48,1
4222.01,1
6572.28,1
6056.48,1
19009.44,1
1715.4,1
9704.11,1
6693.76,1
21203.52,1
2914.63,1
152.95,1
1220.51,1
139.26,1
1593.78,1
6101.77,1
13719.91,1
2371.96,1
2798.58,1
15008.42,1
14131.79,1
19017.32,1
11250.69,1
6042.37,1
372.16,1
579.11,1
2819.49,1
23007.86,1
8816.26,1
10695.45,1
4932.55,1
2388.0,1
4051.7,1
563.17,1
1330.64,1
3497.05,1
14401.35,1
8794.66,1
9896.88,1
4692.72,1
532.82,1
8294.42,1
13196.01,1
15698.41,1
10150.69,1
2064.46,1
3105.5,1
10094.19,1
5933.43,1
12689.21,1
3753.74,1
9941.12,1
1045.91,1
568.69,1
6788.29,1
116.47,1
19668.21,1
7450.14,1
5500.34,1
5574.02,1
18090.78,1
19608.78,1
5539.66,1
5199.08,1
1479.46,1
13924.22,1
3258.26,1
3077.68,1
5793.04,1
5080.4,1
4446.13,2
8136.62,1
4773.15,1
7917.77,1
12494.62,1
3498.76,1
9527.29,1
335.32,1
3024.04,1
4899.61,1
799.58,1
3719.44,1
2649.26,1
6325.53,1
1712.65,1
8206.28,1
2864.89,1
4147.2,1
2250.38,1
6824.83,1
2964.53,1
23932.23,1
12881.05,1
10424.42,1
389.91,1
7632.42,1
11246.57,1
8547.24,1
1538.19,1
1558.6,1
16300.16,1
14759.39,1
3220.7,1
3561.01,1
5644.32,1
15053.56,1
11119.52,1
2399.9,1
10728.7,1
20532.08,1
1703.59,1
6144.79,1
11568.8,1
12888.76,1
15596.31,1
11573.4,1
366.74,1
10225.92,1
5543.67,1
13450.44,1
2625.47,1
7888.1,1
14855.9,1
12551.95,1
144.48,1
14856.35,1
13735.59,1
4228.04,1
11417.82,1
3237.7,1
4860.55,1
13412.6,1
6773.49,1
3004.19,1
4375.94,1
754.08,1
3505.76,1
10446.4,1
8855.88,1
2896.21,1
9335.65,1
17758.92,1
2734.92,1
19088.44,1
15465.77,1
5958.8,1
11475.82,1
9142.83,1
12730.55,1
80.5,1
13607.59,1
10625.74,1
15040.59,1
3925.14,1
16012.31,1
730.43,1
6282.15,1
20272.32,1
5698.24,1
14092.67,1
1915.4,1
10589.87,1
7615.37,1
1575.63,1
2641.67,1
1399.57,1
6760.65,1
16850.78,1
389.82,1
7499.57,1
1664.28,1
1469.44,1
3788.21,1
5184.96,1
7990.08,1
6374.58,1
2203.77,1
590.07,1
2061.05,1
2058.74,1
3135.13,1
10497.09,1
2306.46,1
12212.55,1
11249.58,1
2923.57,1
14241.95,1
8816.34,1
3497.77,1
5326.0,1
2695.79,1
14742.3,1
5066.69,1
2481.96,1
3094.85,1
7498.12,1
3998.82,1
2940.65,1
2842.59,1
14411.59,1
5475.64,1
5783.23,1
6860.3,1
10739.71,1
4468.25,1
15288.87,1
1280.13,1
12392.11,1
7711.56,1
13510.23,1
1411.34,1
12215.08,1
13353.43,1
3433.15,1
900.98,1
3442.1,1
6841.23,1
1173.9,1
1800.01,1
2254.65,1
6333.54,1
2778.88,1
16971.07,1
13986.27,1
6827.84,1
8550.28,1
4648.09,1
8624.58,1
10088.95,1
6243.64,1
6089.38,1
4882.02,1
906.39,1
1309.25,1
2982.96,1
3342.47,1
453.85,1
2066.0,1
11824.42,1
3770.36,1
5369.2,1
1708.32,1
4203.35,1
9108.68,1
406.2,1
409.51,1
7521.4,1
3382.71,1
2887.03,1
8469.36,1
7205.47,1
4311.51,1
14561.3,1
11100.19,1
1292.08,1
7336.91,1
664.54,1
6481.33,1
7198.79,1
1973.55,1
16289.97,1
7066.72,1
975.68,1
9519.55,1
14771.05,1
5745.14,1
13937.3,1
9220.64,1
2742.38,1
4994.89,1
600.76,1
5866.71,1
11857.37,1
7085.85,1
3180.38,1
14425.67,1
2465.53,1
3006.3,1
18262.69,1
15570.33,1
4652.93,1
9754.32,1
23086.47,1
8176.1,1
979.74,1
5933.49,1
13359.56,1
303.15,1
3468.94,1
1863.74,1
4163.58,1
3988.37,1
2840.58,1
3087.77,1
22132.74,1
3846.69,1
17922.07,1
8256.99,1
9195.45,1
2271.53,1
2790.47,1
73.97,1
2560.13,1
14002.99,1
4274.32,1
17456.49,1
9255.62,1
677.98,1
1472.74,1
11460.47,1
6508.38,1
2457.79,1
10092.49,1
1064.45,1
136.31,1
3661.62,1
8465.4,1
4660.07,1
3342.32,1
4579.01,1
14550.0,1
1305.55,1
13087.97,1
4518.7,1
1124.62,1
5259.59,1
12095.12,1
4979.65,1
2462.49,1
3024.16,1
16653.54,1
19823.67,1
1827.9,1
557.02,1
5400.53,1
3772.34,1
2175.94,1
8338.63,1
12594.28,1
12063.96,1
209.11,1
5830.75,1
9329.46,1
16066.55,1
5995.49,1
3030.86,1
2186.54,1
13795.44,1
16328.77,1
5016.05,1
10884.59,1
5239.25,1
5655.29,1
3709.84,1
6707.0,1
7224.4,1
6053.48,1
16857.73,1
9318.78,1
5666.31,1
5000.78,1
7774.81,1
2147.08,1
2616.09,1
384.76,1
17924.86,1
13016.52,1
3352.71,1
4993.98,1
10462.54,1
8460.88,1
16413.49,1
3110.73,1
412.47,1
13214.0,1
11592.52,1
3968.75,1
436.28,1
4135.43,1
967.74,1
15523.35,1
5503.09,1
575.98,1
3921.77,1
2150.75,1
391.15,1
6676.62,1
854.42,1
16421.07,1
1918.21,1
10839.65,1
1618.38,1
9345.39,1
5831.11,1
17285.78,1
3596.56,1
1540.48,1
11962.49,1
1771.74,1
4201.46,1
2405.06,1
6630.69,1
4482.47,1
5058.39,1
2952.72,1
1445.33,1
14318.58,1
3366.08,1
267.46,1
17164.8,1
7189.91,1
6163.7,1
1588.27,1
8759.61,1
4785.12,1
15246.15,1
10802.2,1
4970.49,1
18262.96,1
571.81,1
4195.6,1
7450.75,1
2254.58,1
2024.31,1
6766.05,1
8078.81,1
2274.66,1
1643.03,1
8158.71,1
4142.1,1
1985.8,1
6852.96,1
18785.87,1
514.17,1
7335.71,1
783.31,1
926.16,1
3921.21,1
2331.57,1
1846.0,1
4604.46,1
4260.55,1
6889.0,1
6777.14,1
2944.8,1
13686.22,1
3770.21,1
1918.3,1
2875.54,1
8282.92,1
7805.48,1
1631.52,1
2041.4,1
4516.63,1
3504.27,1
3986.41,1
2411.94,1
12628.79,1
10531.66,1
3899.71,1
15837.03,1
3530.58,1
14269.43,1
2944.46,1
1593.42,1
7782.49,1
6651.72,1
21690.63,1
4844.45,1
2782.62,1
2722.22,1
418.97,1
2216.35,1
10109.15,1
3536.64,1
6447.95,1
16441.05,1
817.93,1
2033.65,1
1762.71,1
6566.71,1
12376.17,1
6479.48,1
1137.31,1
10106.51,1
20460.79,1
18801.45,1
3081.34,1
8080.21,1
8913.76,1
17204.23,1
1264.21,1
1112.69,1
5033.79,1
13619.15,1
12069.72,1
7651.86,1
14613.97,1
14613.01,1
5061.69,1
3769.24,1
2952.16,1
9340.92,1
2600.94,1
3247.57,1
20542.31,1
9603.65,1
2349.31,1
569.66,1
10310.07,1
3141.44,1
4553.64,1
6713.04,1
10112.28,1
11986.3,1
1158.43,1
13051.39,1
13965.84,1
10543.76,1
10356.76,1
5493.44,1
11210.39,1
9957.04,1
2905.94,1
2561.92,1
3244.35,1
5677.31,1
1198.61,1
6909.73,1
5030.06,1
18879.25,1
17989.64,1
7770.04,1
13236.83,1
5134.9,1
7040.18,1
2046.39,1
14945.7,1
1718.46,1
9486.21,1
6671.78,1
3164.71,1
8204.76,1
7714.35,1
433.39,1
3832.73,1
4527.52,1
4410.23,1
3822.77,1
8424.87,1
5340.59,1
4348.27,1
1173.69,1
3703.24,1
3167.33,1
4391.8,1
18510.11,1
4054.78,1
4646.29,1
434.24,1
919.4,1
1921.05,1
3671.66,1
7160.97,1
3061.1,1
5889.0,1
9896.35,1
7282.09,1
9345.01,1
7448.94,1
7967.16,1
2091.61,1
8786.8,1
13641.56,1
24337.89,1
243.03,1
8771.55,1
6203.61,1
12296.16,1
1941.68,1
11484.77,1
3408.54,1
510.32,1
533.71,1
10863.91,1
10646.39,1
10873.98,1
16370.81,1
2975.83,1
6891.43,1
1723.0,1
1891.58,1
584.67,1
1218.63,1
362.82,1
11870.7,1
10994.4,1
2481.14,1
2479.54,1
577.65,1
11031.7,1
693.52,1
8877.68,1
6675.95,1
3441.35,2
3270.91,1
643.12,1
863.21,1
5776.45,1
784.48,1
469.74,1
11537.42,1
20949.85,1
4762.14,1
14623.18,1
3127.29,1
14674.64,1
10565.02,1
227.63,1
62.33,1
15582.21,1
2632.04,1
4152.5,1
3845.65,1
1276.92,1
5010.61,1
1554.84,1
3390.8,1
9921.78,1
8875.69,1
5846.94,1
3325.86,1
2931.46,1
4297.89,1
2301.39,1
18635.31,1
5649.82,1
16702.59,1
11939.07,1
4498.4,1
7266.14,1
8411.97,1
18561.47,1
3155.17,1
1734.12,1
13157.82,1
16667.87,1
2814.02,1
9996.83,1
11177.47,1
10428.44,1
1405.86,1
2755.58,1
7316.85,1
13704.66,1
4159.04,1
8187.08,1
181.47,1
5894.77,1
12402.86,1
3479.98,1
2506.28,1
8916.04,1
543.25,1
586.99,1
20248.24,1
4408.86,1
8176.94,1
267.31,1
12128.52,1
4051.01,1
6063.74,1
14322.59,1
5405.48,1
1530.69,1
662.47,1
9758.55,1
1650.67,1
1413.5,1
6765.58,1
2018.82,1
2142.67,1
13104.87,1
9527.94,1
14478.92,1
3931.14,1
2559.3,1
4830.59,1
6532.06,1
5389.62,1
1977.83,1
4251.34,1
272.74,1
7680.96,1
1111.1,1
1789.69,1
18076.32,1
15886.42,1
4964.63,1
17737.21,1
1576.09,1
1212.66,1
2881.59,1
9389.0,1
11718.44,1
4574.38,1
3667.24,1
2664.07,1
11724.93,1
4114.04,1
3123.55,1
2402.58,1
12965.22,1
6643.45,1
2015.15,1
3745.47,1
1579.44,1
3395.98,1
3593.01,1
5038.2,1
4161.85,1
10515.75,1
16100.35,1
13686.17,1
19005.23,1
14811.06,1
1238.49,1
8475.68,1
11065.05,1
4497.29,1
1810.11,1
1397.31,1
4945.59,1
13062.08,1
2798.83,1
2290.65,1
11831.67,1
1987.91,1
7914.03,1
10039.79,1
3620.54,1
15160.93,1
1610.5,1
3594.78,2
3836.42,1
140.15,1
6689.51,1
11849.62,1
1101.36,1
3136.77,1
161.17,1
20760.52,1
1977.45,1
2919.87,1
5048.0,1
2811.39,1
13142.28,1
9590.9,1
19720.34,1
9997.46,1
1318.62,1
1768.93,1
9069.67,1
553.06,1
1131.59,1
2474.54,1
9658.59,1
3298.53,1
1557.37,1
589.86,1
11683.54,1
2635.33,1
14930.52,1
1605.08,1
11847.48,1
77.79,1
12647.51,1
3085.28,1
858.04,1
7913.98,1
6797.93,1
6359.48,1
3919.34,1
12332.33,1
11437.49,1
16123.63,1
2488.75,1
7092.8,1
257.61,1
3634.87,1
2144.15,1
2564.31,1
3482.85,1
287.4,1
4688.72,1
8069.97,1
958.83,1
10561.68,1
2101.08,1
3520.09,1
5006.25,1
16355.53,1
16855.1,1
776.24,1
3124.69,1
7060.16,1
8978.5,1
10190.32,1
3902.49,1
5770.93,1
1030.47,1
18533.87,1
5311.08,1
6643.27,1
10107.92,1
18827.9,1
16203.18,1
15491.52,1
6307.52,1
1319.28,1
12687.16,1
17028.73,1
5392.35,1
2723.72,1
13831.28,1
2342.18,1
3909.51,1
2828.82,1
4780.88,1
1305.16,1
734.2,1
2194.68,1
15731.25,1
4142.58,1
10608.54,1
8098.6,1
13829.35,1
6526.0,1
14328.22,1
8427.58,1
1325.87,1
4399.67,1
20386.68,1
13429.78,1
5013.75,1
9940.65,1
4905.75,1
3981.83,1
15862.27,1
5763.48,1
11488.63,1
1789.37,1
18923.92,1
12766.78,1
192.67,1
3643.75,1
11605.05,1
2321.64,1
2943.06,1
14339.94,1
749.32,1
4332.8,1
6476.42,1
3981.34,1
12798.29,1
974.07,1
22764.13,1
8439.57,1
11288.87,1
14783.78,1
6319.09,1
11250.07,1
2027.66,1
3018.35,1
14345.32,1
11893.15,1
1150.56,1
6100.3,1
3197.98,1
7880.18,1
1663.83,1
8924.63,1
2070.3,1
4160.53,1
3329.16,1
4941.49,1
15539.96,1
19522.31,1
15219.98,1
1285.98,1
8831.13,1
7626.25,1
12925.18,1
12302.63,1
6398.33,1
2764.81,1
4117.65,1
2626.58,1
6928.48,1
1693.7,1
7508.72,1
3996.26,1
4217.91,1
1498.98,1
4370.81,1
1857.33,1
3476.41,1
7645.19,1
4676.38,1
15944.46,1
6555.73,1
531.58,1
860.4,1
14144.33,1
6990.07,1
7274.48,1
1416.78,1
7438.62,1
1240.62,1
7753.01,1
601.75,1
27.56,1
5463.48,1
4716.31,1
4873.55,1
19664.12,1
5148.57,1
11467.36,1
11203.81,1
14119.1,1
2591.39,1
2323.86,1
2106.78,1
8996.36,1
1709.19,1
13991.15,1
648.16,1
7507.41,1
2393.04,1
10891.31,1
15013.63,1
380.9,1
2571.98,1
4908.69,1
8720.81,1
19721.23,1
12408.04,1
13815.31,1
9220.83,1
6542.98,1
3008.88,1
2242.13,1
2408.46,1
10630.92,1
3448.3,1
3112.03,1
1567.6,1
11685.01,1
10570.05,1
11961.01,1
1024.86,1
20502.83,1
12908.44,1
12814.76,1
12538.18,1
2120.65,1
3070.39,1
3149.86,1
6367.32,1
7233.27,1
15683.92,1
14497.34,1
3101.33,1
1903.79,1
2074.52,1
20091.39,1
2095.52,1
2845.96,1
10587.54,1
19669.53,1
5381.29,1
406.54,1
18547.37,1
5221.9,1
13938.35,1
2454.63,1
14013.2,1
7017.13,1
3663.18,1
4268.78,1
517.27,1
920.38,1
5492.67,1
21911.8,1
12470.28,1
11336.67,1
5244.71,1
10922.49,1
11989.62,1
2861.41,1
17360.14,1
6197.75,1
9450.67,1
8996.86,1
281.74,1
5994.03,1
3146.48,1
7346.53,1
3167.74,1
650.76,1
11739.95,1
9019.82,1
13001.02,1
2735.42,1
1136.76,1
5762.42,1
3657.95,1
18124.27,1
10339.55,1
5229.93,1
3413.39,1
14809.02,1
6829.73,2
5337.85,1
4813.71,1
6295.36,1
6087.36,1
2284.2,1
4863.65,1
6949.21,1
3879.42,1
12432.83,1
8756.55,1
8178.07,1
4183.3,1
1394.86,1
7746.64,1
2193.03,1
1849.04,1
862.6,1
6579.77,1
8383.0,1
2874.57,1
774.89,1
8520.65,1
15666.95,1
4694.5,1
3249.27,1
4191.35,1
2580.49,1
16800.62,1
1616.53,1
2173.16,1
4331.25,1
11876.96,1
1813.06,1
7720.56,1
5736.27,1
17472.98,1
1773.89,1
3357.76,1
3996.79,1
8730.37,1
4110.63,1
8322.94,1
7997.4,1
12948.11,1
7213.49,1
14308.52,1
1426.7,1
4324.83,1
13869.97,1
3058.96,1
14422.7,1
1942.52,1
3376.58,1
2568.5,1
5327.83,1
1961.07,1
1305.24,1
12876.53,1
19973.8,1
5916.68,1
19276.75,1
10676.54,1
4007.45,1
2892.48,1
12487.58,1
1696.9,1
2027.55,1
17116.65,1
3139.72,1
1251.61,1
20394.34,1
14050.3,1
1574.02,1
3468.97,1
10344.51,1
7575.49,1
1456.15,1
12458.45,1
9726.56,1
13249.31,1
14135.94,1
8264.42,1
5876.46,1
2132.33,1
1144.87,1
5752.34,1
14061.96,1
7964.16,1
6111.28,1
5069.4,1
4765.45,1
18077.23,1
6486.63,1
14960.39,1
1174.41,1
10440.2,1
3265.34,1
845.01,1
4553.42,1
1547.88,1
4237.5,1
10675.09,1
1215.96,1
19956.23,1
8376.11,1
1947.72,1
5594.08,1
806.92,1
2413.99,1
2222.95,1
2423.37,1
7186.9,1
7443.65,1
8987.11,1
8799.42,1
6561.1,1
9657.63,1
12253.73,1
2812.81,1
4159.7,1
69.8,1
467.29,1
11350.76,1
11091.08,1
11912.93,1
19003.74,1
12308.4,1
9499.98,1
4647.87,1
9071.04,1
4462.29,1
4268.09,1
12847.76,1
650.02,1
14684.4,1
11072.02,1
1061.12,1
895.04,1
1805.71,1
5530.13,1
3914.66,1
7826.02,1
14314.18,1
11145.4,1
1776.14,1
11383.22,1
3962.35,1
19519.76,1
12093.45,1
4635.12,1
4566.08,1
10580.0,1
358.0,1
617.95,1
2191.69,1
7126.15,1
10084.43,1
4145.02,1
2632.43,1
5783.02,1
2524.24,1
3538.59,1
8096.79,1
17323.09,1
10170.39,1
2551.66,1
10826.83,1
10300.99,1
23605.09,1
1184.3,1
6906.08,1
20069.99,1
14345.1,1
7257.48,1
4092.6,1
216.68,1
21084.1,1
4177.76,1
16797.29,1
10987.38,1
5989.57,1
2575.72,1
602.72,1
1608.37,1
2891.09,1
7451.44,1
2437.48,1
1112.71,1
1647.57,1
5301.87,1
140.47,1
9613.01,1
2818.42,1
195.65,1
184.46,1
9022.53,1
2805.44,1
2025.61,1
8588.36,1
6358.36,1
15122.38,1
7875.16,1
411.57,1
17424.49,1
6443.52,1
1759.04,1
7619.49,1
7675.01,1
17388.26,1
6937.05,1
4144.36,1
606.89,1
316.98,1
958.99,1
3900.55,1
5650.16,1
5625.02,1
577.63,1
3038.33,1
1586.15,1
1765.83,1
11686.61,1
14035.66,1
5929.19,1
4427.86,1
2179.38,1
6199.06,1
3741.61,1
8099.74,1
1920.61,1
2142.98,2
12546.61,1
13919.99,1
7338.19,1
5671.5,1
7490.98,1
4581.32,1
4440.74,1
2600.91,1
3157.63,1
1918.1,1
2556.46,1
12327.66,1
5151.1,1
637.14,1
1399.38,1
3952.29,1
8205.14,1
2945.31,1
1645.17,1
12028.25,1
2741.34,1
4237.57,1
8898.08,1
23564.21,1
2727.65,1
11372.99,1
7940.84,1
21174.14,1
13026.87,1
7141.52,1
12717.3,1
2649.39,1
128.78,1
1340.99,1
1611.12,1
1382.3,1
3387.93,1
4042.2,1
11538.86,1
4946.08,1
1815.42,1
23481.21,1
17300.24,1
623.97,1
7498.32,1
10392.99,1
13780.2,1
7931.17,1
3606.4,1
6727.71,1
10807.98,1
3902.77,1
12184.92,1
9635.88,1
2392.37,1
4642.82,1
23742.23,1
2399.18,1
3752.65,1
8045.96,1
4215.23,1
3761.21,1
2542.46,1
3296.54,1
11168.3,1
11553.29,1
9100.63,1
350.99,1
1932.95,1
3626.24,1
2147.39,1
2399.67,1
6102.46,1
1903.44,1
4624.61,1
106.01,2
16049.48,1
9051.73,1
2581.17,1
10218.47,1
11192.54,1
1142.71,1
3419.03,1
4019.17,1
2391.4,1
11000.77,1
7972.65,1
4448.15,1
8640.8,1
15185.94,1
6056.87,1
7895.28,1
2302.65,1
20374.1,1
1748.55,1
4380.21,1
11508.94,1
22718.39,1
11917.31,1
2574.82,1
18161.4,1
3703.63,1
13111.57,1
2529.75,1
3227.34,1
8581.69,1
3119.22,1
8432.52,1
6798.69,1
2198.85,1
16068.12,1
13768.1,1
2691.21,1
2395.42,1
6417.81,1
2157.9,1
12674.37,1
6191.29,1
22618.2,1
4308.53,1
5034.7,1
6758.16,1
2260.42,1
4839.43,1
13390.96,1
9400.5,1
16030.98,1
3712.01,1
1223.82,1
2340.78,1
15822.2,1
11717.5,1
1562.85,1
7502.69,1
1813.48,1
5736.5,1
15906.31,1
6993.99,1
1329.96,1
13559.28,1
3156.96,1
4897.43,1
3716.88,1
10294.34,1
9355.91,1
6369.18,1
8774.92,1
1311.83,1
2182.45,1
1838.37,1
1130.06,1
10797.19,1
17847.35,1
17879.06,1
12948.96,1
12445.43,1
7076.63,1
7603.38,1
8105.07,1
11614.18,1
4340.11,1
421.66,1
5888.83,1
3535.22,1
5505.19,1
11132.33,1
29.35,1
2300.05,1
1208.25,1
3866.38,1
5998.38,1
7860.86,1
18218.14,1
2649.41,1
4900.69,1
7941.79,1
10186.67,1
4029.94,1
101.01,1
7444.77,1
5752.4,1
6390.29,1
574.63,1
78.87,1
9105.91,1
7466.12,1
9136.82,1
10836.02,1
13708.35,1
1132.49,1
4133.96,1
4604.71,1
3938.23,1
10746.9,1
16939.61,1
4837.16,1
13102.87,1
7011.2,1
20809.65,1
13574.24,1
16097.11,1
2707.25,1
7573.07,1
18476.61,1
659.25,1
8321.36,1
3107.41,1
963.05,1
5502.42,1
13244.0,1
2932.22,1
2373.4,1
5649.12,1
12325.53,1
2031.94,1
1261.91,1
4463.39,1
4224.08,1
9686.47,1
8001.78,1
13836.69,1
19217.76,1
8338.09,1
927.79,1
11183.0,1
12682.98,1
15218.66,1
14486.96,1
1120.12,1
6820.42,1
5082.66,1
1428.92,1
532.02,1
2932.0,1
11788.18,1
16226.75,1
7468.86,1
10030.38,1
5971.25,1
7809.82,1
665.4,1
7093.24,1
4079.52,1
3114.76,1
13284.71,1
11588.62,1
5160.78,1
7570.71,1
281.43,1
7424.02,1
17024.41,1
4593.66,1
3899.67,1
230.67,1
10022.55,1
12816.39,1
1578.53,1
15985.56,1
9326.73,1
6154.81,1
7146.76,1
2823.75,1
5317.26,1
10937.59,1
4103.41,1
8838.82,1
3075.5,1
2215.48,1
7615.52,1
5632.18,1
8770.73,1
1140.01,1
1414.56,1
13377.97,1
7386.32,1
2359.21,1
10309.55,1
11061.83,1
9689.76,1
254.86,1
426.41,1
5966.48,1
1766.95,1
15925.58,1
11392.6,1
2553.13,1
16585.66,1
2406.3,1
7843.18,1
2379.38,1
3006.37,1
4670.33,1
14795.63,1
17695.45,1
9693.43,1
6956.14,1
5458.7,1
13187.53,1
1131.79,1
3773.38,1
6498.29,1
769.39,1
378.48,1
5676.52,1
2356.31,1
11133.81,1
16418.75,1
8132.83,1
1534.95,1
12576.49,1
8710.46,1
177.25,1
4025.71,1
13598.38,1
10801.86,1
21698.69,1
1169.79,1
7701.04,1
19561.46,1
3481.84,1
3064.16,1
3480.07,1
10163.12,1
147.01,1
7384.74,1
337.49,1
4080.67,1
3002.26,1
18255.85,1
3600.23,1
10763.41,1
1281.95,1
13121.96,1
15135.83,1
22463.43,1
5376.1,1
3942.18,1
21537.36,1
4361.06,1
3614.8,1
13116.62,1
5820.37,1
19967.93,1
15988.35,1
4118.02,1
11752.68,1
468.74,1
3822.23,1
15538.49,1
4430.66,1
2777.29,1
2555.47,1
6536.28,1
1720.11,1
429.89,1
8675.86,1
5515.51,1
3692.01,1
9124.5,1
8731.96,1
11102.96,1
1408.72,1
497.23,1
2542.85,1
3045.44,1
7943.38,1
112.56,1
7490.66,1
9621.35,1
4681.46,1
175.67,1
12635.75,1
15201.65,1
9512.0,1
2085.09,1
5649.55,1
1596.97,1
3787.36,1
9719.63,1
10874.48,1
12242.14,1
5310.25,1
12000.57,1
106.95,1
9971.48,1
7791.68,1
3803.32,1
7588.15,1
5328.73,1
7300.5,1
3845.88,1
4013.45,1
3300.88,1
3581.34,1
4405.11,1
101.34,1
3260.2,1
7697.0,1
1714.7,1
11712.69,1
9338.09,1
2810.76,1
1140.14,1
19693.33,1
1696.88,1
5846.07,1
9678.43,1
2541.81,1
2461.65,1
8419.47,1
9522.39,1
4093.81,1
8071.91,1
729.48,1
7893.67,1
22090.37,1
3744.22,1
4474.97,1
16231.03,1
9847.29,1
11598.62,1
7850.33,1
1644.49,1
3219.05,1
12664.3,1
140.7,1
9592.29,1
3119.4,1
5949.64,1
2430.75,1
17022.75,1
14838.73,1
11086.93,1
7572.06,1
4164.63,1
4363.15,1
855.82,1
16677.17,1
9388.97,1
13471.08,1
12552.35,1
5126.01,1
446.48,1
1401.02,1
13192.42,1
19461.6,1
12711.13,1
19568.96,1
22810.94,1
717.95,1
8570.27,1
6193.75,1
242.02,1
2450.49,1
3905.72,1
3445.61,1
2986.47,1
15150.35,1
2282.05,1
3999.77,1
14383.08,1
6448.49,1
16167.72,1
11191.45,1
3719.57,1
3058.52,1
11760.34,1
20135.97,1
10114.3,1
4099.24,1
9467.2,1
280.92,1
2607.98,1
557.69,1
2154.32,1
14326.01,1
1939.26,1
1783.13,1
4372.72,1
7660.08,1
10978.57,1
1426.06,1
11512.47,1
4176.28,1
7392.56,1
2980.24,1
5409.6,1
1742.45,1
3816.88,1
5302.74,1
3873.95,1
7620.09,1
441.92,1
10074.73,1
27.97,1
19636.1,1
959.98,1
4759.78,1
5291.56,1
1160.93,1
18807.09,1
9818.77,1
582.22,1
22947.4,1
13593.29,1
11691.19,1
7805.11,1
654.37,1
1713.09,1
15158.59,1
2333.05,1
4614.4,1
5838.41,1
686.43,1
6901.01,1
6223.82,1
9763.27,1
10370.44,1
8837.51,1
8043.99,1
239.62,1
13606.64,1
1364.34,1
1986.83,1
2143.93,1
12709.71,1
8876.2,1
1444.05,1
7847.99,1
2200.24,1
1750.74,1
1933.78,1
5433.82,1
515.55,1
7027.08,1
2605.92,1
664.57,1
897.84,1
822.33,1
15722.49,1
11397.79,1
302.77,1
16855.49,1
8434.15,1
22978.51,1
17439.26,1
3938.2,1
20583.39,1
17450.0,1
16267.66,1
6747.96,1
10607.4,1
11348.26,1
3134.59,1
5879.86,1
1089.32,1
21290.18,1
15869.51,1
14723.46,1
1008.1,1
4644.71,1
4443.99,1
4113.36,1
9883.96,1
1156.84,1
3194.21,1
2004.24,1
3439.33,1
13591.89,1
14994.26,1
17272.68,1
16122.43,1
18521.04,1
11618.77,1
16446.5,1
4203.0,1
11975.42,1
7001.37,1
1453.25,1
15039.65,1
271.7,1
19871.0,1
20822.34,1
7406.13,1
2747.8,1
5857.12,1
20487.28,1
14509.42,1
703.42,1
6034.24,1
6624.14,1
6244.62,1
11647.02,1
5868.71,1
8817.95,1
2629.87,1
2083.35,1
8038.35,1
10843.82,1
19385.04,1
6062.79,1
1692.01,1
1556.92,1
6940.6,1
1178.68,1
2397.33,1
16953.19,1
9157.42,1
10870.16,1
6805.58,1
8058.19,1
4417.13,1
15430.48,1
7091.19,1
3146.83,1
5560.1,1
835.85,1
795.15,1
6429.96,1
555.21,1
4251.5,1
3459.38,1
2482.36,1
4732.58,1
8090.18,1
377.49,1
8816.14,1
8647.49,1
7678.61,1
4712.71,1
6130.53,1
14392.51,1
278.25,1
4489.83,1
408.76,1
7175.61,1
642.15,1
6589.52,1
3008.27,1
13508.68,1
1967.89,1
17138.03,1
407.21,1
14772.33,1
414.98,1
3124.13,1
18734.29,1
9211.71,1
7779.72,1
7238.64,1
21137.47,1
7106.27,1
1549.73,1
8836.65,1
10260.15,1
12432.58,1
3723.09,1
4039.25,1
7853.91,1
1818.07,1
12960.02,1
8169.55,1
9475.1,1
3197.99,1
4135.09,1
6671.11,1
14449.05,1
1779.66,1
2327.64,1
3562.61,1
13346.49,1
7745.95,1
4885.63,1
3953.89,1
8795.01,1
7285.04,1
4193.32,1
1669.42,1
18033.09,1
16213.43,1
17771.57,1
566.22,1
5746.02,1
19812.8,1
15606.89,1
1138.25,1
3159.09,1
8207.5,1
520.71,1
2909.99,1
1238.47,1
1763.94,1
3942.2,1
13756.79,1
18528.13,1
3209.81,1
2615.46,1
17802.55,1
16078.31,1
257.75,1
1449.8,1
5831.42,1
16846.11,1
11553.44,1
16709.43,1
10860.11,1
10518.34,1
7133.53,1
14206.76,1
1314.32,1
7600.92,1
2485.71,1
19194.23,1
4573.55,1
13054.12,1
2333.91,1
8771.42,1
12491.16,1
20278.27,1
7699.53,1
5282.22,1
8613.04,1
8826.98,1
3555.81,1
1941.61,1
7579.5,1
5668.43,2
3593.24,1
1902.8,1
14217.44,1
7079.83,1
10410.47,1
572.12,1
15634.84,1
9728.44,1
7164.23,1
18287.39,1
2320.71,1
13253.05,1
3121.47,1
7979.13,1
520.47,1
17041.33,1
4357.56,1
1471.81,1
4632.04,1
19492.96,1
366.09,1
9344.34,1
419.69,1
4564.87,1
11701.21,1
8293.02,1
2969.15,1
12353.63,1
1905.42,1
6050.67,1
1248.31,1
16930.85,1
702.13,1
3754.19,1
18928.85,1
5188.68,1
10999.46,1
12451.89,1
9057.69,1
14889.0,1
2840.4,1
13385.26,1
1839.8,1
6468.39,1
12025.7,1
550.19,1
849.21,1
5198.23,1
3150.58,1
1239.38,1
6070.98,1
9015.2,1
81.13,1
1016.92,1
2710.89,1
2016.55,1
17801.34,1
7899.43,1
13207.34,1
1008.46,1
965.84,1
5522.62,1
8155.92,1
9959.42,1
1295.07,1
7441.89,1
9061.06,1
12764.13,1
4020.48,1
1602.68,1
12046.69,1
2924.85,1
3379.55,1
6061.12,1
11931.5,1
3567.09,1
1584.27,1
17971.11,1
3312.52,1
6082.09,1
3217.25,1
12483.8,1
9973.06,1
3984.29,1
6768.48,1
5059.55,1
3774.08,1
6084.45,1
10767.09,1
13872.07,1
7476.56,1
12741.07,1
5108.55,1
107.33,1
8646.91,1
747.27,1
6793.9,2
18453.59,1
22749.46,1
6506.86,1
4476.23,1
11158.44,1
5547.31,1
8043.84,1
3211.3,1
6337.93,1
6887.94,1
20048.09,1
17493.6,1
3501.08,1
4619.97,1
11924.59,1
131.74,1
3055.85,1
2744.33,1
7819.46,1
4385.53,1
12759.69,1
11716.59,1
2217.11,1
5382.79,1
1933.57,1
13504.66,1
9194.67,1
2228.26,1
1702.41,1
2442.7,1
1351.6,1
5507.48,1
152.53,1
8324.23,1
5071.6,1
559.19,1
13108.56,1
8847.96,1
14645.25,1
7335.27,1
8650.08,1
16804.53,1
17943.55,1
5122.22,1
8439.95,1
7368.99,1
19031.01,1
3754.73,2
12893.83,1
4235.61,1
12539.89,1
1663.58,1
1229.03,1
10034.63,1
5450.34,1
13688.45,1
9042.22,1
6926.94,1
847.65,1
7072.16,1
2266.52,1
16611.75,1
4315.23,1
763.97,1
13018.02,1
7651.75,1
12496.11,1
3057.38,1
1846.79,1
1846.68,1
7082.34,1
1568.9,1
6888.24,1
12670.43,1
2220.66,1
6622.53,1
2532.27,1
7640.64,1
1525.19,1
7818.62,1
10942.04,1
14617.78,1
1990.83,1
5293.67,1
7161.24,1
8487.86,1
9811.77,1
2290.05,1
18847.28,1
3555.27,1
2485.43,1
2772.26,1
10719.63,1
3940.12,1
5685.83,1
6823.36,1
5013.02,1
17343.96,1
6071.49,1
1184.4,1
7077.66,1
485.86,1
4720.66,1
3249.44,1
2663.29,1
5541.91,1
8544.93,1
7175.94,1
4213.08,1
8673.61,1
727.53,1
7005.11,1
3952.87,1
1478.62,1
3439.83,1
3964.46,1
17205.61,1
663.16,1
3389.62,1
9249.53,1
3876.33,1
9863.73,1
10979.55,1
14858.06,1
4484.74,1
18041.94,1
3583.92,1
10964.69,1
1776.95,1
3329.59,1
6048.14,1
18577.05,1
4628.86,1
502.41,1
6110.44,1
7426.33,1
8533.36,1
2776.71,1
3317.88,1
6693.62,1
3314.88,1
10711.5,1
17380.34,1
704.12,1
13651.67,1
16578.71,1
19350.97,1
8344.31,1
648.65,1
7375.09,1
2300.18,1
13101.38,1
11121.78,1
6576.41,1
12041.39,1
11570.31,1
4758.9,1
4075.96,1
3101.4,1
3174.44,1
17398.38,1
945.96,1
6654.47,1
2174.38,1
8530.69,1
20053.51,1
2068.23,1
1553.57,1
2724.16,1
7886.1,1
18704.74,1
6954.84,1
3561.24,1
3942.78,1
8486.89,1
8574.35,1
5935.96,1
12053.6,1
2345.71,1
6302.44,1
11778.47,1
3629.09,1
17146.56,1
349.85,1
13057.84,1
5697.59,1
1879.61,1
7673.34,1
1265.98,1
4646.13,1
8674.62,1
10192.88,1
9566.21,1
3822.94,1
13461.26,1
4197.01,1
1150.09,1
9250.65,1
9679.17,1
3973.71,1
16929.76,1
475.14,1
16235.83,1
19200.47,1
3126.47,1
13978.17,1
4558.79,1
8537.44,1
19567.42,1
152.67,1
6269.53,1
17599.31,1
18096.13,1
2510.56,1
5668.03,1
1148.74,1
262.99,1
845.25,1
4368.67,1
6796.51,1
3870.61,1
5266.69,1
10776.4,1
12707.66,1
924.63,1
4467.1,1
2489.74,1
2588.19,1
2263.24,1
16792.47,1
15426.9,1
1464.42,1
5072.24,1
2258.6,1
20490.79,1
9620.83,1
18568.71,1
14706.86,1
4003.48,1
2045.84,1
960.62,1
5735.86,1
9861.79,1
223.61,1
3240.03,1
8439.41,1
7036.5,1
634.04,1
9071.25,1
6731.55,1
15332.05,1
8080.06,1
2468.31,1
7292.83,1
11607.23,1
12413.49,1
11377.75,1
11892.34,1
448.6,1
2941.93,1
4875.84,1
10547.88,1
1983.13,1
12349.55,1
2555.62,1
1654.87,1
7199.91,1
3040.94,1
1937.87,1
9104.71,1
1669.79,1
3798.45,1
954.14,1
6391.41,1
3323.24,1
12002.7,1
4718.09,1
3230.5,1
15889.46,1
4702.81,1
2818.69,1
15393.52,1
1466.11,1
2113.62,1
833.0,1
2718.8,1
19266.16,1
8217.35,1
11268.81,1
11521.28,1
2913.38,1
1872.93,1
2113.96,1
1222.71,1
3281.37,1
5279.85,1
1797.72,1
23062.1,1
6077.13,1
2669.35,1
11043.43,1
3145.82,1
2911.59,1
3733.2,1
3365.76,1
2319.15,1
14792.32,1
12424.15,1
17039.05,1
9621.74,1
5428.61,1
2515.3,1
2648.32,1
7263.74,1
5787.97,1
14522.61,1
14371.6,1
4874.08,1
5948.32,1
3609.93,1
6356.56,1
4035.81,1
1435.31,1
11409.83,1
4540.67,1
3395.22,1
2578.57,1
2848.22,1
3171.18,1
3005.31,1
3103.92,1
1077.4,1
2372.39,1
15598.99,1
7727.13,1
7022.32,1
8412.77,1
2920.76,1
2838.1,1
10299.46,1
15015.63,1
11297.4,1
3611.99,1
2539.53,1
15971.09,1
1741.47,1
1342.02,1
2024.01,1
7624.21,1
2682.9,1
2837.48,1
17341.99,1
2620.92,1
3674.11,1
3129.76,1
7678.17,1
13059.25,1
3128.48,1
8464.24,1
3230.97,1
7517.51,1
5990.44,1
13039.61,1
9030.24,1
7560.18,1
7034.12,1
4607.78,1
8897.34,1
10296.93,1
8422.67,1
5477.33,1
9484.69,1
8386.85,1
4190.78,1
2904.9,1
13989.47,1
17327.44,1
5266.47,1
17442.03,1
2148.44,1
8428.87,1
17136.21,1
10797.31,1
7970.63,1
3170.8,1
1500.29,1
3234.78,1
18517.08,1
2065.29,1
1330.69,1
648.57,1
11548.13,1
16988.86,1
2583.41,1
2205.05,1
10525.06,1
9790.46,1
1605.41,1
6946.01,1
8631.92,1
11530.95,1
11724.99,1
5229.25,1
3882.34,1
9324.89,1
4256.87,1
766.78,1
7352.57,1
4320.25,1
661.13,1
9855.2,1
7165.47,1
2431.63,1
4865.2,1
3354.88,1
8856.17,1
3639.74,1
4718.95,1
12871.37,1
2652.35,1
3850.87,1
12744.26,1
2527.58,1
1058.5,1
1137.35,1
5776.7,1
6889.13,1
10909.03,1
2571.22,1
21693.1,1
1338.66,1
4272.03,1
3709.16,1
12081.07,1
3477.44,1
10569.62,1
1976.43,1
17198.88,1
9941.71,1
17280.4,1
871.8,1
7723.31,1
11888.72,1
2727.31,1
17570.49,1
12370.49,1
15525.12,1
10871.46,1
12437.46,1
3664.48,1
11493.0,1
1480.03,1
4785.78,1
3371.51,1
3761.06,1
3044.3,1
2233.91,1
4008.39,1
4826.14,1
3504.86,1
20155.97,1
7658.64,1
261.94,1
9551.0,1
1472.59,1
12121.08,1
1991.73,1
663.93,1
9743.33,1
529.6,1
16374.68,1
17594.89,1
2904.53,1
3769.11,1
15036.01,1
14182.22,1
7630.31,1
6572.95,1
3964.76,1
13967.1,1
1909.99,1
4786.36,1
5044.22,1
3483.73,1
3888.07,1
7751.87,1
2620.51,1
3514.37,1
5739.35,1
17095.5,1
3671.12,1
2870.09,1
10924.3,1
14858.19,1
9003.15,1
6767.57,1
199.4,1
5301.83,1
6620.39,1
10729.72,1
4289.1,1
6341.79,1
2883.66,1
7430.24,1
7761.48,1
3434.37,1
3712.86,1
4165.77,1
3222.95,1
3859.12,1
7230.06,1
632.65,1
6635.86,1
1189.6,1
20799.62,1
8446.36,1
16155.35,1
338.17,1
1511.24,1
320.09,1
11796.6,1
12430.45,1
5218.59,1
2102.93,1
7941.78,1
973.9,1
13510.89,1
3519.65,1
10657.08,1
13697.52,1
804.4,1
5434.83,1
15254.77,1
14622.13,1
6154.1,1
3751.39,1
824.84,1
14010.2,1
3613.26,1
137.76,1
19776.77,1
3507.72,1
2827.38,1
20780.64,1
15273.84,1
10282.58,1
11555.0,1
4195.47,1
16370.03,1
8529.93,1
2057.71,1
1458.97,1
4238.01,1
4069.86,1
1185.49,1
13105.06,1
4274.25,1
6647.31,1
15327.52,1
2927.67,1
3073.29,1
16220.81,1
2057.35,1
7219.19,1
12476.87,1
29.66,1
22605.62,1
7836.13,1
4347.22,1
7567.12,1
15701.11,1
8303.43,1
7552.89,1
9002.79,1
13065.73,1
7707.59,1
3978.08,1
1870.56,1
10922.01,1
7572.73,1
1199.87,1
17638.25,1
2698.2,1
10297.11,1
11050.63,1
864.95,1
8965.77,1
2220.77,1
4876.56,1
20083.22,1
6087.79,1
1994.72,1
1587.25,1
21392.11,1
14775.62,1
11271.55,1
1986.54,1
2717.53,1
4749.9,1
2094.74,1
4037.76,1
5734.26,1
17906.91,1
5798.76,1
12386.22,1
10038.8,1
17091.27,1
5334.84,1
4898.6,1
14134.78,1
2384.29,1
3407.68,1
14287.14,1
5464.69,1
2677.43,1
7528.34,1
4056.99,1
969.77,1
1288.06,1
8748.23,1
3208.67,1
4627.26,1
15933.03,1
3037.24,1
4418.02,1
6779.29,1
3583.76,1
16833.32,1
9507.96,1
7482.32,1
16399.11,1
4738.15,1
3831.19,1
15407.94,1
5685.17,1
9383.17,1
5131.06,1
9222.37,1
5530.86,1
11251.38,1
3788.25,1
2412.75,1
7907.19,1
1988.69,1
14131.38,1
5102.36,1
1818.55,1
945.23,1
16458.64,1
7853.37,1
7578.9,1
2063.01,1
3250.43,1
13003.57,1
5517.14,1
2873.33,1
1689.23,1
9794.71,1
1761.75,1
2442.2,1
20981.15,1
4762.62,1
20121.82,1
187.01,1
4537.51,1
5288.2,1
6660.78,1
4334.73,1
5003.54,1
2817.06,1
4052.34,1
8689.14,1
1340.33,1
6667.18,1
7986.26,1
20662.53,1
9144.57,1
6167.88,1
10923.8,1
4048.0,1
3194.34,1
4785.91,1
8245.26,1
4869.13,1
1915.65,1
12647.43,1
4315.62,1
3319.9,1
5629.32,1
7601.43,1
198.77,1
1897.78,1
4133.43,1
22666.51,1
19553.64,1
2362.35,1
6462.69,1
10124.37,1
18590.91,1
13843.8,1
6719.54,1
3043.73,1
7902.09,1
8617.16,1
6811.45,1
2943.35,1
4285.87,1
1251.75,1
9206.27,1
7264.05,1
7474.51,1
860.72,1
13875.97,1
3200.57,1
4438.88,1
4774.88,1
1550.0,1
4529.18,1
456.4,1
6828.54,1
319.59,1
3188.53,1
2041.77,1
10464.99,1
5917.84,1
1949.3,1
12388.39,1
6176.36,1
1854.13,1
3101.54,1
11749.97,1
15483.17,1
12830.55,1
2660.97,1
3197.29,1
21126.0,1
3445.01,1
3723.68,1
2533.87,1
7371.5,1
19885.84,1
18412.43,1
3619.33,1
14595.62,1
14771.63,1
4448.74,1
20124.02,1
401.79,1
761.6,1
9474.17,1
4270.83,1
6665.9,1
1297.2,1
16225.27,1
421.16,1
9581.97,1
13245.12,1
3495.51,1
977.98,1
11895.11,1
16549.76,1
10490.24,1
4073.26,1
1487.05,1
471.5,1
3807.09,1
4893.94,1
11317.6,1
12434.76,1
4175.17,2
9097.23,1
6241.68,1
948.3,1
1815.4,1
8056.44,1
1912.05,1
4972.28,1
3368.36,1
1259.6,1
1679.78,1
9446.54,1
6399.75,1
128.39,1
12780.06,1
12640.32,1
11053.49,1
10699.5,1
5949.42,1
393.55,1
2031.82,1
6849.17,1
285.14,1
8395.59,1
1688.13,1
4891.91,1
6468.43,1
2645.84,1
1003.63,2
3002.6,1
11866.31,1
8934.42,1
5718.68,1
3159.11,1
1075.03,1
1587.63,1
4668.27,1
12462.57,1
3600.66,1
9248.62,1
5614.26,1
1278.12,1
20875.56,1
794.18,1
1694.24,1
373.1,1
2355.7,1
11983.3,1
12062.68,1
4321.36,1
5742.98,1
1026.72,1
8329.14,1
12367.12,1
6047.14,1
3403.56,1
4478.61,1
6599.56,1
2749.02,1
9129.85,1
4390.55,1
8653.37,1
3929.43,1
1296.35,1
2834.11,1
5310.93,1
7570.16,1
5796.18,1
347.55,1
682.72,1
17879.15,1
1731.45,1
5572.4,1
10179.8,1
14341.42,1
1329.06,1
3756.92,1
16201.27,1
7346.37,1
5311.15,1
22040.76,1
8054.44,1
9471.32,1
17382.72,1
4419.54,1
2477.55,1
15991.31,1
6979.41,1
7895.1,1
19056.18,1
3792.53,1
3655.25,1
6817.32,1
4177.03,1
12253.22,1
5540.28,1
17587.2,1
3688.25,1
15143.0,1
9014.96,1
20161.74,1
20265.12,1
6613.14,1
13274.53,1
1165.94,1
5821.24,1
11282.11,1
8690.19,1
9546.21,1
2603.7,1
5763.02,1
7866.37,1
3220.61,1
3256.98,1
1123.1,1
2789.86,1
8807.18,1
3798.81,1
4708.94,1
816.89,1
2165.2,1
114.05,1
13145.74,1
7502.78,1
11159.03,1
9632.84,1
9002.82,1
8164.87,1
15453.72,1
21960.7,1
806.66,1
18326.84,1
3134.21,1
8951.65,1
348.85,1
3493.59,1
8416.33,1
6433.3,1
2325.39,1
10703.93,1
6145.97,1
10566.64,1
968.34,1
1373.75,1
2395.29,1
7403.61,1
1191.44,1
14165.68,1
18122.97,1
14812.36,1
11022.13,1
7156.9,1
2713.16,1
1464.54,1
16763.94,1
5258.26,1
30.92,1
13860.31,1
2742.77,1
10875.1,1
2758.09,1
14015.95,1
5448.1,1
6576.94,1
6279.15,1
7569.51,1
3931.45,1
14519.2,1
2324.07,1
3733.91,1
8153.07,1
1618.61,1
6905.43,1
2210.32,1
3740.14,1
1806.36,1
1043.49,1
10027.56,1
6388.38,1
2737.36,1
10450.51,1
1831.3,1
4697.09,1
2922.99,1
22238.9,1
8332.05,1
2299.25,1
15133.83,1
17745.57,1
4964.46,1
17912.29,1
11772.3,1
4778.06,1
1219.24,1
11086.35,1
2834.74,1
4303.14,1
4442.17,1
1155.37,1
5235.3,1
2635.64,1
2389.79,1
8701.07,1
3702.96,1
7535.67,1
5738.9,1
5704.27,1
6798.88,1
198.14,1
611.81,1
3352.36,1
7024.54,1
5476.86,1
4790.01,1
850.65,1
5290.61,1
6096.41,1
2607.45,1
9402.74,1
8856.11,1
5592.5,1
308.5,1
1535.39,1
2644.17,1
1232.52,1
3123.97,1
7758.09,1
12153.99,1
2178.7,1
3111.52,1
6511.01,1
12359.54,1
20671.48,1
8209.16,1
1793.17,1
1855.29,1
629.92,1
793.57,1
11060.07,1
5054.91,1
7856.47,1
1571.57,1
2866.74,1
2005.31,1
6430.78,1
7185.26,1
15159.7,1
16686.27,1
8348.84,1
11461.36,1
793.45,1
7900.24,1
8898.84,1
16558.22,1
1722.82,1
11152.27,1
4965.22,1
273.35,1
12043.18,1
7696.82,1
10007.76,1
1410.87,1
10940.12,1
753.07,1
3752.09,1
8843.04,1
11333.62,1
1750.7,1
16330.84,1
7380.82,1
4308.62,1
2414.32,1
1954.37,1
7134.47,1
3783.75,1
9340.37,1
7629.48,1
3479.2,1
3774.32,1
6082.84,1
1960.88,1
2798.38,1
15000.29,1
6972.32,1
4510.26,1
11959.41,1
16104.7,1
2317.7,1
5810.69,1
2725.54,1
8858.62,1
17500.12,1
2571.2,1
3333.0,1
2131.93,1
3900.96,1
1103.07,1
3051.65,1
8453.51,1
1565.84,1
23626.03,1
4025.18,1
2129.22,1
18018.67,1
5540.81,1
577.17,1
12895.53,1
7382.83,1
4320.51,1
12370.81,1
2518.72,1
8260.26,1
7159.69,1
4976.16,1
13091.06,1
4469.59,1
3529.74,1
14195.5,1
12411.67,1
2371.98,1
5558.57,1
1191.08,1
14785.01,1
14547.25,1
8272.83,1
15110.81,1
3743.43,1
8517.91,1
3191.29,1
1792.89,1
10965.23,1
5422.5,1
6723.1,1
1435.16,1
1598.04,1
7497.38,1
1297.24,1
3449.71,1
8819.73,1
5184.12,1
19813.71,1
10077.25,1
8093.75,1
18436.62,1
3418.62,1
7086.41,1
2418.59,1
586.87,1
1250.32,1
3638.27,1
1949.84,1
12890.76,1
1928.68,1
4634.19,1
3530.56,1
9470.75,1
10013.2,1
4126.42,1
16300.18,1
4659.41,1
10662.15,1
10210.48,1
3154.07,1
23215.97,1
7853.23,1
1256.85,1
3141.46,1
9016.98,1
19179.26,1
5781.7,1
2492.33,1
2363.32,1
818.1,1
3880.09,1
123.41,1
16500.49,1
9323.06,1
14569.93,1
9388.4,1
993.23,1
2615.92,1
12288.62,1
16721.97,1
3487.06,1
694.82,1
2791.76,1
3942.7,1
22195.98,1
18191.59,1
8099.34,1
4251.92,1
13169.41,1
526.27,1
2583.3,1
7704.57,1
1788.42,1
3265.54,1
5935.68,1
484.55,1
10724.14,1
9017.9,1
1008.5,1
3578.83,1
3809.62,1
17312.93,1
9280.09,1
15398.37,1
21537.91,1
7774.66,1
8368.7,1
5427.12,1
2808.13,1
647.75,1
6883.0,1
2732.67,1
7353.9,1
3707.84,1
6227.82,1
12903.69,1
819.16,1
2062.05,1
1944.52,1
12106.61,1
5975.74,1
7178.09,1
4224.96,1
18498.92,1
8154.51,1
5926.24,1
6233.28,1
2485.86,1
2512.47,1
5402.32,1
3034.91,1
4191.02,1
4087.85,1
10402.75,1
559.99,1
3456.17,1
5237.93,1
581.25,1
6663.33,1
3964.93,1
3960.52,1
9181.13,1
17397.22,1
5879.06,1
2220.11,1
1467.31,1
22315.51,1
2528.25,1
14222.04,1
7687.86,1
15358.78,1
4847.63,1
2712.18,1
12370.48,1
15410.38,1
1961.47,1
21214.25,1
3102.44,1
19293.39,1
2099.5,1
4526.46,1
1460.01,1
2284.22,1
11954.88,1
2754.87,1
4963.69,1
12125.76,1
13470.4,1
13761.89,1
1368.01,1
14357.68,1
16541.89,1
21055.49,1
9464.6,1
12279.35,1
4442.3,1
3493.72,1
869.24,1
16456.1,1
3229.13,1
18684.14,1
2684.84,1
4228.38,1
11138.88,1
11225.0,1
2799.56,1
17383.29,1
5348.45,1
3744.53,1
4007.38,1
2825.96,1
3980.84,1
3123.88,1
1943.41,1
29.93,1
7902.85,1
6922.77,1
4091.45,1
2103.27,1
15449.25,1
13680.48,1
8071.18,1
14792.39,1
6020.15,1
1801.48,1
1127.22,1
12209.98,1
10207.71,1
8914.79,1
3359.43,1
2380.15,1
3628.83,1
538.02,1
2495.41,1
2064.58,1
8479.86,1
8561.53,1
18877.28,1
14407.54,1
2520.67,1
23277.32,1
12306.63,1
10337.19,1
15571.0,1
12196.07,1
7979.12,1
12141.23,1
130.87,1
5644.45,1
18329.06,1
9658.71,1
10075.07,1
1181.98,1
9032.92,1
7103.18,1
7262.34,1
18956.02,1
9815.94,1
3709.17,1
21157.22,1
7400.92,1
17357.79,1
1343.83,1
7189.32,1
2881.53,1
9784.25,1
3899.56,1
1790.54,1
11500.0,1
4417.77,1
17414.91,1
6582.99,1
6973.62,1
3882.76,1
14992.84,1
4227.46,1
2646.56,1
20058.27,1
19158.5,1
2670.79,1
12418.41,1
2430.23,1
10040.15,1
5377.92,1
805.02,1
58.92,1
3833.08,1
3093.66,1
10017.69,1
3974.13,1
4589.55,1
10743.78,1
4849.84,1
2867.39,1
15198.2,1
5168.89,1
4993.47,1
5239.43,1
883.57,1
7878.89,1
14437.24,1
4756.7,1
22771.38,1
18247.22,1
941.24,1
2957.6,1
2744.2,1
2080.84,1
10246.69,1
6417.53,1
1192.3,1
330.07,1
5185.34,1
8030.13,1
10149.29,1
21981.71,1
11222.09,1
10523.4,1
4668.41,1
10353.12,1
15350.48,1
1375.41,1
7628.91,1
3690.55,1
2279.31,1
4284.99,1
1296.96,1
19285.02,1
6797.56,1
6240.72,1
8267.77,1
12065.95,1
10811.75,1
5607.73,1
2812.01,1
1421.09,1
3916.52,1
1165.08,1
3786.04,1
4646.73,1
11797.64,1
270.29,1
361.65,1
18514.89,1
10157.13,1
2341.56,1
4522.42,1
7335.45,1
6364.55,1
511.24,1
1062.87,1
7904.11,1
1929.04,1
1964.52,1
7335.25,1
9703.75,1
1277.61,1
7587.99,1
12029.73,1
9111.69,1
12512.08,1
1235.01,1
3088.43,1
12815.94,1
8309.87,1
9423.05,1
14138.0,1
2675.6,1
11774.7,1
3624.09,1
7708.84,1
14042.49,1
10770.01,1
2729.79,1
152.59,1
62.83,1
1922.56,1
4008.82,1
4767.41,1
6375.02,1
813.17,1
2653.44,1
17146.89,1
9372.51,1
1489.59,1
15559.48,1
14326.64,1
1485.61,1
5702.41,1
7326.85,1
9982.06,1
11775.4,1
16043.68,1
13308.03,1
5081.68,1
375.04,1
3684.39,1
2734.07,1
8045.04,1
848.83,1
1214.01,1
11597.54,1
8051.44,1
4234.2,1
4220.64,1
3567.3,1
2757.06,1
1438.32,1
1722.23,1
15756.32,1
5227.27,1
821.7,1
2454.23,1
14498.13,1
20980.26,1
11481.4,1
8276.34,1
2928.99,1
6562.37,1
8607.52,1
955.16,1
13628.29,1
1300.98,1
15805.81,1
4376.98,1
16794.95,1
6389.46,1
448.44,1
1327.55,1
9801.63,1
10320.91,1
1865.99,1
1543.58,1
4495.17,1
4034.2,1
5768.92,1
4243.82,1
8816.31,1
12636.87,1
5597.07,1
4500.45,1
1783.65,1
11135.64,1
4438.14,1
7478.5,1
2578.5,1
478.9,1
4180.2,1
12023.41,1
8956.3,1
8968.22,1
5930.49,1
6455.26,1
7165.79,1
9156.99,1
2502.02,1
4745.09,1
7723.06,1
16452.68,1
4095.23,1
17232.45,1
16716.47,1
568.4,1
17881.0,1
241.42,1
4130.25,1
6977.08,1
18063.72,1
10233.19,1
9155.64,1
6571.98,1
6664.75,1
8363.4,1
756.64,1
14139.49,1
3558.47,1
2687.85,1
2731.71,1
8864.71,1
212.01,1
1138.3,1
15389.7,1
2547.28,1
18095.99,1
15282.02,1
6711.34,1
4767.35,1
7721.54,1
3442.38,1
2951.51,1
7123.89,1
3152.96,1
5346.17,1
2919.0,1
8396.46,1
11980.04,1
299.91,1
4223.1,1
7130.57,1
15135.16,1
1915.78,1
17410.83,1
9058.43,1
2577.84,1
3168.56,1
13341.55,1
4890.36,1
6154.31,1
2250.52,1
1987.47,1
3291.04,1
10853.62,1
2362.75,1
2637.87,1
12402.4,1
3628.32,1
2525.66,1
5474.62,1
1776.79,1
3781.11,1
3559.89,1
11571.83,1
3339.5,1
7957.65,1
9788.4,1
3724.07,1
7449.61,1
2316.97,1
14167.58,1
2151.76,1
2053.93,1
10432.9,1
4340.12,1
1593.14,1
4129.25,1
3478.68,1
12618.01,1
1190.5,1
3034.3,1
6952.06,1
2025.83,1
418.59,1
6323.26,1
4314.04,1
2936.13,1
4852.37,1
4802.0,1
4193.83,1
2271.23,1
11419.09,1
4829.89,1
8926.01,1
15233.5,1
6579.31,1
7121.45,1
4825.67,1
18142.29,1
4107.5,1
7406.94,1
2382.91,1
9737.94,1
6927.96,1
2761.86,1
5047.6,1
6104.78,1
2448.35,1
14895.11,1
375.47,1
1938.88,1
8025.56,1
2208.43,1
6165.98,1
11077.78,1
642.74,1
8094.9,1
21204.17,1
14880.34,1
5268.53,1
2130.02,1
2995.91,1
6798.8,1
7167.1,1
17883.37,1
6134.15,1
14928.53,1
12428.75,1
3218.54,1
4066.02,1
5446.57,1
1259.34,1
738.51,1
4990.12,1
12359.93,1
2227.88,1
11633.53,1
5657.98,1
2573.03,1
2517.89,1
3784.5,1
16949.36,1
441.08,1
17800.19,1
2920.3,1
13218.57,1
10401.4,1
1975.8,1
2947.64,1
14518.83,1
2633.67,1
19919.09,1
3640.59,1
8744.5,1
5991.5,1
20942.55,1
5220.96,1
2671.59,1
702.46,1
7226.41,1
8191.44,1
11704.61,1
3020.97,1
577.91,1
12490.53,1
4913.89,1
18301.32,1
9675.41,1
17564.85,1
21011.27,1
2468.43,1
4174.63,1
4565.62,1
12332.65,1
7061.47,1
10089.69,1
1156.47,1
1627.43,1
6391.82,1
1057.0,1
2179.37,1
10152.79,1
9728.98,1
2623.77,1
1387.25,1
669.3,1
2568.96,1
4216.75,1
4503.65,1
570.41,1
9321.48,1
4571.92,1
3993.58,1
7623.16,1
9206.77,1
5454.93,1
7708.64,1
1130.24,1
6113.06,1
8114.37,1
947.89,1
7416.61,1
2990.69,1
5520.66,1
4579.46,1
5856.74,1
5960.25,1
4818.24,1
20071.29,1
18381.47,1
14011.14,1
7236.2,1
603.15,1
8624.88,1
2000.74,1
257.57,1
3230.66,1
2269.43,1
3628.79,1
14193.46,1
7270.59,1
5204.67,1
3620.25,1
3574.8,1
1009.77,1
12365.24,1
3009.5,1
7716.31,1
8417.62,1
3987.33,1
1360.77,1
521.47,1
926.47,1
520.08,1
6130.38,1
17256.5,1
2532.12,1
7842.64,1
12735.56,1
5878.25,1
8270.82,1
3105.47,1
19828.25,1
6697.52,1
572.51,1
12538.41,1
16297.62,1
4331.41,1
8783.57,1
1338.59,1
11660.3,1
7048.4,1
14059.84,1
6346.9,1
6100.06,1
441.7,1
4766.32,1
17857.53,1
8404.79,1
10028.05,1
16610.59,1
6862.0,1
18030.94,1
11884.94,1
12000.14,1
2236.12,1
10782.18,1
7771.72,1
1321.16,1
11312.05,1
8252.96,1
2855.75,1
8566.93,1
13158.05,1
9783.91,1
1558.62,1
803.66,1
1304.6,1
1245.94,1
4208.55,1
3273.18,1
10194.6,1
7292.31,1
8678.05,1
1261.28,1
3781.61,1
9508.36,1
14524.96,1
3317.98,1
18419.08,1
19244.39,1
12912.78,1
12653.65,1
5755.34,1
6782.6,1
8454.99,1
7733.96,1
10899.44,1
13200.81,1
127.45,1
8007.23,1
11425.22,1
1037.53,1
683.04,1
12358.43,1
4290.58,1
612.84,1
4127.02,1
5491.42,1
21020.06,1
4692.38,1
6875.59,1
2563.34,1
9191.42,1
5408.27,1
2526.86,1
23475.36,1
1252.63,1
1241.01,1
579.29,1
1240.95,1
3116.43,1
1683.61,1
5219.21,1
1083.7,1
6388.28,1
15609.03,1
2497.18,1
13280.49,1
1806.39,1
5435.51,1
2689.31,1
12838.88,1
3517.55,1
16796.24,1
186.35,1
3760.18,1
20977.46,1
21610.37,1
712.5,1
14507.25,1
5400.02,1
13743.54,1
1692.3,1
11289.82,1
17396.09,1
6674.52,1
5379.92,1
404.36,1
5379.93,1
10883.87,1
1282.64,1
5149.57,1
869.91,1
3644.61,1
2548.67,1
8157.63,1
435.7,1
768.86,1
6444.37,1
8750.86,1
2323.26,1
16891.06,1
3788.61,1
16363.49,1
84.49,1
788.77,1
11633.85,1
346.67,1
11859.84,1
3476.52,1
14182.57,1
247.94,1
1504.24,1
3882.21,1
9709.95,1
1264.37,1
3374.13,1
5196.11,1
10242.43,1
7963.98,1
9476.6,1
9274.45,1
6635.46,1
20216.8,1
9363.97,1
2265.71,1
18380.13,1
16086.52,1
3892.96,1
1525.96,1
24118.35,1
11283.44,1
6795.56,1
3940.18,1
11268.01,1
1224.54,1
4954.44,1
9363.59,1
8330.91,1
8451.4,1
497.58,1
13077.05,1
3157.06,1
2604.09,1
9783.36,1
6341.33,1
9311.91,1
4345.47,1
11575.12,1
4732.3,1
3228.57,1
6138.17,1
680.37,1
8925.62,1
436.74,1
4078.57,1
6867.35,1
23280.69,1
8490.3,1
18722.29,1
700.94,1
8567.01,1
620.13,1
12537.81,1
3390.13,1
15852.4,1
3105.83,1
2248.65,1
19171.97,1
10958.71,1
6209.62,1
4234.81,1
18383.36,1
10153.15,1
11573.86,1
12534.62,1
973.35,1
16182.11,1
18048.12,1
10759.66,1
4094.23,1
7948.61,1
108.43,1
2330.9,1
16699.99,1
1740.39,1
13045.77,1
11814.45,1
1498.99,1
7571.74,1
6711.48,1
2509.7,1
12592.39,1
8022.73,1
3835.67,1
8385.88,1
1693.32,1
6838.48,1
2667.89,1
5830.04,1
11648.2,1
13935.82,1
2331.51,1
9021.76,1
8193.64,1
15562.92,1
10995.53,1
3795.56,1
6227.52,1
17842.9,1
12276.35,1
10782.44,1
8287.95,1
7993.56,1
17655.49,1
857.98,1
6914.27,1
1516.09,1
3354.79,1
7832.19,1
2850.21,1
4948.99,1
2582.6,1
17643.23,1
7559.32,1
11988.16,1
7379.49,1
5444.35,1
19890.96,1
4549.15,1
2634.4,1
4298.1,1
7135.37,1
12934.18,1
4429.11,1
8302.22,1
17883.83,1
20137.2,1
437.6,1
6314.12,1
6767.73,1
16510.99,1
6658.57,1
3021.98,1
11630.39,1
3061.78,1
1618.4,1
2610.22,1
11676.0,1
1544.29,1
1484.32,1
3459.82,1
6301.94,1
364.4,1
2221.7,1
2347.84,1
790.61,1
9119.65,1
3794.95,1
16590.13,1
12770.37,1
4588.99,1
10187.62,1
612.99,1
2869.95,1
1517.43,1
13731.99,1
487.7,1
15430.1,1
10998.44,1
14907.41,1
3621.77,1
3754.28,1
7300.38,1
1837.25,1
9595.17,1
11327.56,1
3676.29,1
6987.11,1
11703.28,1
16577.19,1
3302.08,1
1881.99,1
11186.78,1
5404.54,1
17447.87,1
8722.11,1
5801.96,1
6943.96,1
2469.39,1
6381.85,1
6251.45,1
4790.97,1
10622.54,1
2014.2,1
6776.36,1
5192.98,1
2423.34,1
6027.44,1
2052.22,1
613.62,1
12969.3,1
10091.81,1
7704.26,1
1984.49,1
2783.91,1
747.97,1
14439.28,1
13563.59,1
8106.55,1
13458.73,1
6461.09,1
6216.97,1
20750.89,1
3541.29,1
11026.4,1
3687.51,1
10256.52,1
3021.37,1
7605.77,1
356.15,1
3688.09,1
1270.49,1
7379.77,1
2567.43,1
1624.42,1
7715.89,1
3067.99,1
18316.09,1
3122.61,1
1390.38,1
1889.3,1
5721.96,1
8745.83,1
565.42,1
6099.08,1
17456.02,1
796.05,1
4424.27,1
11058.11,1
3748.11,1
6032.01,1
20929.53,1
15347.9,1
2823.57,1
8750.73,1
10836.89,1
8400.53,1
1395.83,1
1763.84,1
7825.8,1
13204.83,1
3537.08,1
7514.28,1
8181.03,1
22409.46,1
4621.23,1
1391.7,1
17902.81,1
2922.88,1
4057.72,1
7822.03,1
3862.53,1
13075.08,1
11848.45,1
5626.82,1
7829.72,1
13611.06,1
600.52,1
14655.67,1
6644.8,1
4551.79,1
15899.61,1
15179.63,1
11223.06,1
2155.36,1
1990.25,1
23181.52,1
2250.76,1
16630.55,1
5279.98,1
2494.42,1
5318.29,1
9431.55,1
5604.57,1
21290.86,1
12450.87,1
3820.27,1
7641.0,1
7628.14,1
8672.87,1
1763.06,1
1154.22,1
13749.03,1
12714.92,1
16810.59,1
11839.37,1
8755.2,1
4411.08,1
5009.54,1
2883.4,1
4648.32,1
1606.84,1
11292.19,1
817.57,1
7566.66,1
1165.18,1
14674.76,1
2671.55,1
12782.63,1
343.58,1
1767.63,1
4105.16,1
8808.65,1
18197.57,1
10205.15,1
4220.78,1
13623.14,1
4128.84,1
4341.91,1
3113.16,1
8839.01,1
2763.41,1
1288.6,1
467.44,1
3075.17,1
16567.85,1
7479.19,1
16028.63,1
21283.46,1
13496.88,1
3527.45,1
12697.42,1
10804.19,1
5353.58,1
3160.37,1
3527.01,1
10022.25,1
803.7,1
2510.45,1
12277.91,1
13572.02,1
1650.26,1
14563.97,1
4008.38,1
1037.19,1
3236.32,1
7030.72,1
13361.46,1
1116.94,1
16508.5,1
717.48,1
2454.6,1
5208.41,1
1077.38,1
2949.54,1
16363.87,1
388.36,1
5183.95,1
7106.82,1
1681.32,1
3022.07,1
17739.9,1
13488.7,1
13279.37,1
9140.55,1
1347.21,1
1546.63,1
4206.89,1
7990.57,1
5125.46,1
9804.69,1
4268.6,1
3913.28,1
16853.13,1
2361.36,1
2920.57,1
1948.11,1
8345.2,1
410.91,1
1795.27,1
16473.86,1
3337.43,1
20157.14,1
7514.88,1
18922.55,1
11279.58,1
1052.73,1
2643.71,1
13152.16,1
9465.03,1
4247.12,1
3747.03,1
13298.51,1
4823.24,1
3234.09,1
8205.13,1
6945.66,1
1475.33,1
4890.44,1
14667.63,1
2493.98,1
1617.27,1
264.26,1
11918.87,1
10725.6,1
11326.59,1
15341.38,1
2815.99,1
11958.67,1
20117.44,1
11468.87,1
3185.45,1
2663.1,1
4397.44,1
4552.03,1
9224.06,1
5433.83,1
5515.32,1
1287.79,1
1603.16,1
6072.15,1
5572.54,1
4303.42,1
9340.02,1
2366.63,1
17585.03,1
2231.35,1
960.88,1
9279.28,1
1376.52,1
8106.42,1
9821.42,1
5620.21,1
10508.02,1
1827.71,1
10554.96,1
2232.68,1
6746.32,1
2219.99,1
6801.34,1
12523.01,1
12265.86,1
11805.28,1
5649.37,1
2992.56,1
3282.32,1
6200.91,1
253.96,1
1581.75,1
5143.5,1
9435.36,1
4041.11,1
6332.96,1
2276.04,1
5560.81,1
1541.84,1
319.04,1
20917.28,1
5528.54,1
1756.91,1
1006.0,1
13421.82,1
6514.81,1
425.02,1
12505.9,1
13158.25,1
2134.05,1
2557.26,1
23415.51,1
3856.09,1
1990.91,1
10498.32,1
1487.81,1
3545.89,1
407.74,1
17685.0,1
8972.85,1
2874.47,1
11102.33,1
2892.35,1
5517.45,1
2646.73,1
3122.05,1
12121.98,1
14808.86,1
3195.05,1
10493.49,1
19229.78,1
8122.99,1
2599.24,1
8343.74,1
9939.21,1
16891.13,1
5749.6,1
15094.83,1
8342.41,1
10335.43,1
14449.71,1
10778.2,1
4174.06,1
449.77,1
3380.19,1
20726.09,1
3792.68,1
10192.76,1
14396.14,1
15720.48,1
2404.83,1
4409.38,1
1251.12,1
21011.68,1
3290.26,1
15382.29,1
5972.13,1
551.9,1
10211.2,1
2439.39,1
7978.54,1
4275.56,1
21952.21,1
4262.59,1
9540.95,1
4325.76,1
1779.51,1
2002.55,1
5123.87,1
13412.31,1
1861.81,1
102.17,1
2730.75,1
16435.86,1
5336.43,1
16232.19,1
2002.77,1
2171.08,1
2434.07,1
5171.79,1
4210.15,1
4503.7,1
10772.86,1
3863.52,1
3308.59,1
3054.59,1
2495.74,1
8098.91,1
2492.69,1
2225.13,1
2769.28,1
2905.41,1
13780.69,1
1987.01,1
9915.29,1
3613.22,1
5224.4,1
9008.07,1
3948.89,1
5601.97,1
12610.26,1
12896.72,1
12905.35,1
12895.34,1
5881.5,1
7463.83,1
4937.83,1
6540.85,1
7257.89,1
3333.86,1
4057.33,1
9251.67,1
435.37,1
4376.39,1
2321.28,1
2420.94,1
392.14,1
6618.35,1
11044.85,1
4820.72,1
11956.57,1
17187.38,1
3587.29,1
6671.03,1
4971.8,1
10259.1,1
18401.44,1
10444.68,1
11435.79,1
4190.82,1
1910.41,1
1223.42,1
3394.57,1
7894.43,1
1747.26,1
2492.67,1
19169.76,1
2433.56,1
3647.37,1
7937.48,1
6733.75,1
1830.75,1
15108.19,1
13445.48,1
2377.39,1
703.29,1
3045.0,1
12815.83,1
6406.4,1
548.05,1
18698.76,1
2449.65,1
7913.56,1
6326.42,1
1284.12,1
4494.35,1
1241.5,1
3073.39,1
16204.78,1
5898.13,1
2106.69,1
2127.13,1
6725.39,1
12381.22,1
9185.31,1
10010.9,1
10349.15,1
10192.45,1
13136.46,1
6444.12,1
9234.74,1
3637.12,1
449.91,1
11003.42,1
5554.87,1
6848.77,1
3749.35,1
7323.46,1
849.79,1
18537.47,1
4369.58,1
2487.34,1
75.53,1
12353.28,1
2579.71,1
949.67,1
3386.64,1
2262.5,1
4571.13,1
8335.18,1
3521.46,1
8657.7,1
4652.67,1
4237.78,1
14477.57,1
20813.12,1
15233.81,1
4548.5,1
5789.83,1
4796.01,1
11208.34,1
2371.8,1
1559.75,1
9362.35,1
7489.37,1
1336.91,1
4768.28,1
5867.74,1
19293.07,1
4638.35,1
15749.77,1
4648.38,1
3382.07,1
1135.51,1
7954.36,1
5900.13,1
11837.07,1
4507.23,1
8755.04,1
12806.42,1
4069.2,1
14214.36,1
8606.4,1
1000.39,1
14177.79,1
3241.05,1
10642.55,1
2238.52,1
2748.33,1
5738.85,1
6119.25,1
5983.31,1
21778.73,1
9214.06,1
6010.14,1
2136.78,1
3594.63,1
1365.13,1
295.67,1
16877.87,1
1848.95,1
1841.5,1
859.41,1
7583.74,1
971.14,1
262.19,1
343.21,1
9302.17,1
3126.88,1
5048.63,1
9950.35,1
14960.88,1
15327.25,1
6446.67,1
14113.89,1
2541.85,1
4757.27,1
450.48,1
4333.14,1
5598.25,1
12089.05,1
1369.51,1
6493.78,1
4087.16,1
301.33,1
381.29,1
559.22,1
8899.73,1
822.04,1
11394.39,1
2323.96,1
1400.97,1
11945.37,1
13881.44,1
8832.89,1
3419.91,1
5062.98,1
17722.22,1
11216.99,1
14011.99,1
1127.92,1
2613.13,1
3673.46,1
1919.34,1
4097.11,1
3817.6,1
15830.2,1
2485.81,1
13482.12,1
4847.5,1
2600.71,1
9384.6,1
6541.18,1
432.24,1
2995.2,1
2514.51,1
10144.53,1
651.74,1
16009.07,1
438.27,1
1985.89,1
5497.02,1
681.02,1
4364.13,1
1576.52,1
158.97,1
8735.31,1
5201.74,1
433.4,1
19634.49,1
259.19,1
2635.56,1
2080.61,1
17638.01,1
19477.32,1
12583.57,1
19920.26,1
2122.11,1
3017.71,1
6851.1,1
3475.14,1
4814.72,1
449.53,1
2568.87,1
7460.96,1
5637.98,1
4368.78,1
2332.87,1
8305.66,1
7674.28,1
8939.72,1
16203.19,1
13457.62,1
2291.64,1
1362.16,1
2801.9,1
2507.37,1
9157.72,1
2073.74,1
7597.69,1
1885.59,1
5733.58,1
3673.05,1
9007.12,1
4198.79,1
13414.45,1
17911.82,1
14781.62,1
10152.46,1
4833.77,1
8707.73,1
4710.79,1
4068.14,1
908.1,1
10093.91,1
6436.73,1
1354.37,1
2289.71,1
22819.26,1
14148.94,1
617.01,1
7902.44,1
10488.95,1
633.15,1
4443.32,1
2888.05,1
4989.81,1
5820.61,1
2996.62,1
10478.86,1
10843.12,1
4152.31,1
154.0,1
7602.9,1
5665.7,1
10333.74,1
3557.71,1
5132.67,1
20975.52,1
1675.66,1
3935.89,1
3343.08,1
2382.43,1
9948.29,1
12666.74,1
12146.4,1
22182.81,1
4509.38,1
10914.24,1
6084.13,1
13229.58,1
15900.0,1
6473.19,1
3283.64,1
16112.29,1
16548.59,1
5972.23,1
506.13,1
2801.07,1
3831.28,1
17575.29,1
859.24,1
6238.65,1
8995.08,1
964.21,1
1660.62,1
4770.98,1
7772.37,1
21286.89,1
699.34,1
3581.25,1
18172.1,1
1025.6,1
7659.79,1
8153.36,1
7274.5,1
19574.05,1
3232.09,1
3415.42,1
8731.77,1
4074.46,1
18170.0,1
13018.76,1
3801.23,1
14700.8,1
2784.67,1
4310.96,1
10842.19,1
6313.5,1
1341.33,1
13283.36,1
3556.84,1
9609.5,1
9727.53,1
17427.07,1
969.41,1
10200.87,1
9258.69,1
2144.12,1
15306.39,1
607.17,2
12547.77,1
1173.12,1
19143.24,1
5942.34,1
8507.4,1
3693.71,1
13535.74,1
2173.5,1
1689.73,1
1150.14,1
2798.27,1
30.74,1
1033.42,1
1198.36,2
988.48,1
2311.15,1
10504.41,1
3052.25,1
14782.94,1
407.91,1
474.1,1
1121.57,1
1739.74,1
4647.22,1
748.11,1
16146.61,1
1404.62,1
5127.74,1
15881.93,1
17166.52,1
2707.51,1
4133.1,1
9414.95,1
7765.82,1
1783.94,1
9780.7,1
13385.62,1
10368.39,1
22214.22,1
10794.21,1
3434.89,1
7534.42,1
13779.86,1
2932.67,1
14295.03,1
1724.07,1
1090.84,1
16819.16,1
8494.96,1
3908.41,1
1370.44,1
18535.1,1
3390.03,1
1430.94,1
15992.82,1
5282.41,1
15787.95,1
3495.79,1
3881.4,1
3515.95,1
2421.24,1
281.36,2
5661.91,1
3618.42,1
2020.23,1
655.65,1
15791.69,1
6172.76,1
9054.48,1
3036.05,1
4480.31,1
18684.15,1
4532.93,1
19465.95,1
19341.3,1
566.31,2
20294.3,1
10706.9,1
1696.91,1
3997.89,1
3785.47,1
1865.77,1
22209.86,1
4772.88,1
185.29,1
1609.4,1
3316.02,1
15255.54,1
4791.6,1
18721.57,1
6070.53,1
3119.28,1
2632.48,1
1885.66,1
2987.46,1
3883.66,1
4251.11,1
10315.03,1
449.39,1
2479.08,1
19329.75,1
6190.73,1
12336.05,2
10806.17,1
13342.31,1
12308.52,1
10409.69,1
853.88,1
17292.27,1
3201.92,1
4959.95,1
658.11,1
4447.63,1
9172.69,1
3578.18,1
20706.2,1
1758.21,1
18781.06,1
267.9,1
3109.92,1
4235.86,1
1588.86,1
5100.14,1
17579.88,1
2807.29,1
4441.06,1
14935.5,1
12751.09,1
2209.02,1
6480.02,1
3013.59,1
8659.29,1
644.64,1
2126.85,1
3918.12,2
10945.03,1
9529.14,1
2754.27,1
1968.06,1
850.09,1
5031.19,1
12714.84,1
2737.33,1
7708.37,1
1954.09,1
5591.5,1
21500.96,1
6170.77,1
4631.78,1
3952.47,1
3329.05,1
18532.5,1
3966.55,1
5637.68,1
13768.46,1
10440.79,1
8842.11,1
6301.8,1
1305.66,1
12379.11,1
1960.12,1
6393.12,2
21752.0,1
8117.68,1
20271.05,1
6418.0,1
3738.44,1
11704.4,1
12528.2,1
8629.91,1
2021.01,1
20028.84,1
8482.26,1
4620.48,1
6125.09,1
3108.85,1
2546.63,1
2265.91,1
8183.7,1
5658.55,1
721.87,1
8526.72,1
13361.01,1
7495.41,1
2994.91,1
10653.65,1
6144.2,1
2043.07,1
2159.89,1
8009.45,1
22583.02,1
7939.89,1
3465.5,1
7937.61,1
12545.86,1
21831.34,1
3947.9,1
3932.31,2
4056.74,1
1471.72,1
1240.06,1
19314.39,1
786.44,1
7817.92,2
7746.96,1
2756.05,1
6210.94,1
5419.48,1
3658.41,1
1713.34,1
8160.28,1
1358.02,1
7607.52,1
1422.33,1
16661.09,1
4883.07,1
1746.19,1
16669.3,1
2384.96,1
4970.72,1
5641.3,2
13878.68,1
4521.81,1
9817.69,1
8927.71,1
13739.69,1
14758.35,1
2328.47,1
1166.35,1
3099.94,1
17104.5,1
10569.05,1
10723.16,1
9062.46,1
2841.81,2
9649.62,1
13873.65,1
1505.1,1
2122.09,1
971.39,1
15354.03,1
350.4,1
608.1,1
3939.05,1
2394.77,1
3748.23,1
1295.97,2
8635.27,1
7447.96,1
378.5,1
14803.94,1
12746.66,1
6100.41,1
13667.95,1
4788.24,1
9548.29,1
5890.8,1
5126.99,1
862.45,1
383.98,1
10420.84,1
1457.13,1
2549.42,1
9306.4,1
3807.36,1
7496.9,1
10636.49,1
3467.85,1
1986.01,1
2803.04,1
6624.69,1
2162.12,1
6168.62,1
5294.51,1
13104.74,1
6196.5,1
13278.27,1
11760.02,1
1218.71,1
14995.69,1
8381.06,1
331.65,1
7925.48,2
4050.58,1
6188.24,1
16896.01,1
15966.91,1
952.26,2
15705.02,1
14302.94,1
4279.61,1
15682.5,1
2759.07,1
21930.67,1
3558.92,1
3702.02,1
4069.08,1
2067.18,1
451.37,1
2464.1,1
7247.21,1
1245.19,1
688.82,1
7873.7,1
529.86,1
105.59,1
21022.08,1
1344.67,1
12536.83,1
3247.99,1
8605.18,1
9176.29,1
16224.48,1
7698.21,1
17601.9,1
2725.29,1
3347.49,1
3295.92,1
4498.24,1
5673.86,1
1964.06,1
13134.53,1
1227.98,1
4408.65,1
16793.24,1
5012.12,1
7061.69,1
10348.57,1
3592.2,1
249.24,1
6373.59,1
2327.61,1
565.25,1
3024.13,1
18152.77,1
3298.84,2
4520.83,1
3813.13,1
8463.6,1
647.45,1
5204.69,1
7381.4,1
1060.78,1
12706.74,1
3145.48,1
17270.1,1
1310.53,1
6296.29,1
6269.13,1
2293.76,1
863.03,1
2014.97,1
8520.38,1
13439.8,1
1287.06,1
11496.88,1
10169.79,1
14477.52,1
3972.5,1
5828.24,1
8014.05,1
10443.53,1
1388.43,1
1437.28,1
1927.67,1
308.09,1
2077.03,1
4061.41,1
11009.67,1
12671.11,1
4441.4,1
18415.9,1
883.47,1
6573.73,1
3361.6,1
4968.51,1
13127.03,1
9102.35,1
2690.64,1
11822.1,1
6977.66,1
1890.6,1
1609.44,1
6841.44,1
11321.57,1
3668.58,1
1159.82,1
1018.57,1
1457.02,1
16560.88,1
10155.9,1
3961.06,1
9069.62,1
14890.21,1
10929.22,1
7615.41,1
5474.57,1
1182.01,1
13958.74,1
4768.15,1
5538.44,1
220.39,1
12915.74,1
9128.16,1
9543.01,1
12044.15,1
7667.71,1
5920.3,1
1959.48,2
11610.73,1
4911.53,1
4714.46,1
14216.8,1
17443.33,1
3014.65,1
12924.13,1
15804.39,1
1107.29,1
5128.13,1
13178.5,1
3264.45,1
2044.45,1
175.57,1
8359.83,1
3084.99,1
1939.09,1
11787.65,1
12348.58,1
2097.55,1
1888.43,1
15974.47,1
7628.35,1
9664.21,1
1889.21,1
8407.69,1
7141.85,1
6724.75,1
4912.44,2
914.25,1
9800.68,1
5070.08,1
2256.55,1
8523.94,1
3324.35,1
3156.8,1
5386.48,1
10718.32,1
10156.19,1
7778.72,1
634.05,1
18483.33,1
3695.8,1
14360.78,1
2589.88,2
2384.51,1
1439.84,1
3609.78,1
11566.72,1
4625.26,1
12320.05,1
6151.52,1
10980.78,1
1956.19,1
9580.28,1
1701.66,1
17440.61,1
4538.43,1
3036.44,1
6439.48,1
10965.47,1
7685.5,1
8811.84,1
15713.07,1
535.86,1
5213.77,1
4180.62,1
6896.91,1
4867.9,1
7418.65,1
4990.77,1
13144.98,1
14882.22,1
8609.57,1
3039.08,1
4841.9,1
191.5,1
2499.59,1
3885.72,1
14398.73,1
16054.03,1
7420.88,1
3352.59,1
11067.31,1
3730.43,1
7871.14,1
12370.35,1
872.58,1
7401.03,1
6599.46,1
7186.83,1
3785.64,1
7300.56,1
11360.65,1
8213.7,1
694.37,1
12022.14,1
1658.03,1
13730.29,1
3569.6,1
15448.26,1
9104.41,1
4563.12,1
6928.04,1
3403.47,1
2015.78,1
15802.59,1
12481.89,1
2651.37,1
5080.35,1
7433.91,1
9644.82,1
7780.4,1
12243.82,1
1204.2,1
2892.02,1
2820.47,1
4716.03,1
18383.22,1
1616.65,1
6756.94,1
6907.69,1
15308.46,1
10317.82,1
3168.74,1
4655.92,1
9997.5,1
2572.93,1
290.56,1
10161.91,1
7185.11,1
3336.78,1
15710.42,1
3468.76,1
263.22,1
1690.69,1
1063.1,1
1856.59,1
2256.04,1
5650.95,1
3391.12,1
5112.33,1
6598.06,1
3316.57,1
7032.57,1
1791.64,2
12383.93,1
12882.17,1
3004.96,1
4186.7,2
2141.22,1
15058.07,1
4057.39,1
4271.58,1
899.55,1
4423.13,1
8398.91,2
16299.13,1
1906.67,1
3064.64,1
11188.39,1
15667.84,1
403.24,1
2305.2,1
1763.99,1
4323.62,1
2544.68,1
10801.26,1
2405.38,1
11419.48,1
615.0,1
10445.25,1
2511.12,2
3347.75,1
2110.75,1
16030.63,1
1832.74,1
18241.39,1
6410.75,1
20527.75,1
18049.23,1
2555.86,1
6035.61,1
2320.59,1
4566.77,1
8045.7,1
16940.54,1
4939.0,1
265.86,1
7880.74,1
3673.7,1
11265.75,1
14155.62,1
8604.29,1
2082.88,1
3391.72,1
15817.98,1
5892.16,1
16780.41,1
4104.41,1
733.41,1
9144.43,1
6629.12,1
16407.7,1
12615.35,1
1133.59,1
11243.12,1
19545.02,1
2068.34,1
6877.07,1
6055.52,1
8724.94,1
161.44,1
14109.71,1
5179.44,1
3657.04,2
1688.34,1
3923.4,1
2876.47,1
11956.25,1
11062.19,1
15610.58,1
753.53,1
583.71,1
5343.04,1
4211.39,1
66.89,1
16924.83,1
10508.5,2
2350.01,1
9109.21,1
3172.77,1
15729.95,1
11286.83,1
9663.72,2
2347.3,1
6877.73,1
186.02,1
13667.27,1
3507.63,1
626.36,1
7604.28,1
14485.59,1
11675.52,1
8911.58,1
188.26,1
12771.94,1
3577.44,1
1063.13,1
16500.14,1
4475.59,1
4940.34,1
1569.04,2
8133.64,1
5133.94,1
12044.64,1
13679.51,1
1073.82,1
10564.68,1
2388.29,1
2166.73,1
3345.93,1
6072.73,1
10368.56,1
419.33,1
8848.75,1
5923.0,1
820.24,1
7454.57,1
16749.11,1
9425.14,1
2914.46,2
13705.63,1
11276.72,1
10412.09,1
1303.88,1
7154.13,1
1869.45,1
10437.18,1
13894.02,1
2031.26,1
685.23,1
11225.37,1
13654.33,1
5191.36,1
3953.13,1
11431.81,1
1463.31,1
2788.06,1
7262.35,1
19002.96,1
12528.4,1
235.66,1
9160.0,1
6430.77,1
16743.32,1
5528.48,1
5451.23,1
7392.85,1
2461.56,1
16642.12,1
12288.74,1
7795.43,1
2244.44,1
14469.4,1
10050.28,1
8170.29,1
3154.32,1
2927.93,1
17229.77,1
9107.31,1
7515.0,1
50.59,1
1257.29,1
294.96,1
2079.93,1
2979.63,1
6250.85,1
11611.93,1
5992.02,1
1397.73,1
9424.16,1
6425.78,1
4941.05,1
11221.22,1
3569.29,1
9632.03,1
2128.2,1
19131.32,1
2637.63,1
15606.67,1
800.27,1
10131.51,1
9496.84,1
13265.39,2
572.58,1
3323.41,1
8060.62,1
14203.79,1
8793.56,1
11722.65,1
5289.2,1
10835.04,1
1325.37,2
1659.96,1
1486.44,1
2551.83,1
8122.57,2
15384.79,1
13669.6,1
14663.66,1
667.27,1
15334.09,1
8287.2,1
2728.22,1
9500.44,1
4672.63,1
2628.34,1
4120.21,1
11740.3,1
9800.39,1
534.45,1
619.21,1
11329.87,1
7690.04,1
2971.09,1
8478.02,1
4568.18,1
2951.22,1
1302.84,1
2487.16,1
19774.72,2
8653.99,1
4353.86,2
20574.84,1
337.88,1
1557.48,1
22464.37,1
1940.67,1
7404.09,1
11040.02,1
1570.82,1
14040.1,1
17416.48,1
9703.38,1
3125.64,1
2185.84,1
2386.79,1
5678.84,1
752.89,1
86.79,2
17035.77,1
16930.66,1
5199.39,1
2837.5,1
3076.26,2
1455.09,1
8666.55,1
419.02,1
10154.14,1
2773.18,1
2142.2,1
18757.23,1
4060.83,1
5475.8,1
11196.5,1
5820.18,1
7122.48,1
6052.49,1
6526.83,1
4280.63,2
1616.64,1
4098.39,1
3811.95,1
2829.77,1
2806.73,1
18206.83,1
19117.0,1
6319.93,1
4098.57,1
13230.03,1
3319.93,1
6271.26,1
4159.29,1
18082.12,1
15875.89,1
16626.2,2
5857.41,1
1348.35,1
15273.96,1
722.9,1
12609.54,1
2243.05,1
2443.79,1
12991.48,1
2736.21,1
17656.84,1
502.38,1
3295.08,1
1202.08,1
8129.49,1
3152.94,1
11829.35,1
6054.33,1
2147.17,1
3841.49,1
16865.61,1
7294.02,1
5551.48,2
1798.04,1
8794.16,1
3401.33,1
1393.26,1
16636.82,1
4558.1,1
7504.63,1
8201.69,1
2125.72,1
796.59,1
3541.65,1
433.22,1
11894.43,1
2109.92,1
6528.27,1
2399.72,1
4502.66,1
3203.28,1
4475.49,1
1706.24,1
17190.06,1
11369.23,1
2550.92,1
3423.42,1
7112.1,1
16402.42,1
1975.94,1
12261.19,1
3583.97,1
13287.96,1
30.15,1
8114.49,1
16412.24,1
1478.64,1
350.37,2
11026.99,1
16803.71,1
6422.98,1
512.07,1
7897.08,1
2359.27,1
5614.04,1
20096.82,1
13246.45,1
4583.87,1
116.75,1
2761.83,1
5912.09,1
12466.28,1
13485.27,1
17040.37,1
7374.99,1
9178.29,1
2190.23,1
2820.97,1
1383.44,1
3818.85,1
6856.73,1
12778.28,1
11492.28,1
3639.84,1
3670.9,1
16606.07,1
3423.84,2
15902.26,1
17110.24,1
435.97,1
1377.61,1
5390.05,1
7496.54,1
9645.61,1
3811.06,1
6720.55,1
1233.79,2
3773.51,1
4194.37,1
5326.18,1
18857.66,1
1403.53,1
15002.66,1
4757.31,1
13864.73,1
452.19,2
7661.51,1
537.71,1
4837.69,1
5807.36,1
7773.59,1
3708.73,1
3913.18,1
2024.02,1
3593.22,1
9834.69,1
7740.03,1
7398.67,1
5508.06,1
272.16,1
2907.95,1
17557.4,1
3407.27,1
13794.26,1
4403.81,1
2212.41,1
576.65,1
17864.54,1
2691.18,1
2629.91,1
1753.63,1
3227.17,1
12922.18,1
15587.59,1
4882.79,1
1128.71,1
21390.83,1
1887.62,1
17175.28,1
653.12,1
290.31,1
9364.15,1
4727.98,1
2305.09,1
2785.5,1
78.57,1
244.24,1
1678.02,1
10384.32,1
14851.62,1
2272.25,2
7032.37,1
4324.72,1
3449.67,1
2164.41,1
896.54,1
12027.45,1
3214.07,1
3833.6,1
1421.12,1
2528.6,1
3774.17,1
3444.99,1
8049.52,1
1534.11,1
12576.69,1
18515.57,1
18351.77,1
2116.44,1
289.56,1
12661.93,1
6179.53,1
3048.12,1
1130.54,1
4263.7,1
196.68,1
9740.49,1
999.86,1
3204.1,1
3778.98,2
8228.13,1
16052.11,1
4906.91,1
18720.04,1
9640.25,1
2284.05,1
12050.89,1
2764.33,1
3046.31,1
12644.52,1
5879.83,1
4695.44,1
1599.71,1
9526.32,1
3592.43,1
4408.97,1
2049.19,1
5135.99,1
2074.89,1
13605.25,1
21194.86,1
4571.3,1
3283.86,1
8873.62,1
4812.23,1
1848.3,1
4086.38,1
2052.0,2
9468.89,1
5359.69,1
699.65,1
1496.02,1
6594.21,1
8342.63,1
3351.09,1
1494.7,1
5234.06,1
16711.38,1
2918.95,1
695.9,1
7203.06,1
3522.12,1
4056.33,1
3388.28,1
4045.37,1
2690.21,1
13755.82,1
13471.39,1
13893.96,1
754.46,1
1729.8,1
8017.15,1
4429.82,1
2052.17,1
1400.38,1
10134.38,1
14056.84,1
10559.14,1
3597.32,1
2210.74,1
895.85,1
2816.56,1
8727.28,1
11557.64,1
13615.45,1
10910.61,1
7986.6,1
5663.15,1
3592.3,1
15213.02,1
3114.01,1
5369.75,1
8276.71,1
8212.97,1
6637.4,1
1305.34,1
16766.24,1
15134.36,1
395.53,1
8689.03,1
3775.85,1
2529.56,1
101.09,1
4324.1,1
3313.39,1
4898.18,1
2186.0,2
3730.22,2
590.11,1
11202.26,1
10746.68,1
6186.35,1
3497.86,2
1039.25,1
20442.52,1
844.18,1
1277.31,1
13666.23,1
8792.44,1
10735.25,1
9223.04,1
5826.66,1
2789.51,1
5492.71,1
5952.85,1
2681.81,1
3983.22,1
4563.46,1
7674.86,1
5668.53,1
4233.45,1
911.9,1
9124.58,1
985.28,1
9731.85,1
7875.45,1
1150.41,1
9750.72,1
2806.63,1
6022.99,1
11417.04,1
4680.77,1
3083.64,1
6765.02,1
334.22,1
3284.89,1
2437.82,2
6201.08,1
877.72,1
1863.44,1
1417.05,1
15311.57,1
12702.11,1
9263.57,1
5113.61,1
7257.65,1
2803.38,1
4518.71,1
9806.13,1
5362.77,1
11589.36,1
8199.47,1
2480.81,1
6351.72,1
1974.22,1
7575.36,1
11229.59,1
23199.08,1
3233.87,1
3337.59,1
7476.02,1
79.22,1
118.37,1
18607.15,1
6633.4,1
2846.68,1
3351.03,1
8791.38,1
10212.69,1
21687.32,1
5980.86,1
450.41,1
12372.7,1
1136.83,1
3306.84,1
13984.31,1
3272.18,1
15100.25,1
10115.37,1
1912.68,1
6501.1,1
5998.45,1
162.24,1
370.72,1
7969.85,1
16056.59,1
1369.18,1
12474.72,1
5304.15,1
11669.16,1
213.86,1
1695.74,1
3066.49,1
1626.16,1
20939.54,1
4573.05,1
537.72,1
3603.44,1
13133.59,1
16984.67,1
17554.2,1
7960.11,1
10440.04,2
6487.08,1
561.7,1
10245.89,1
11158.61,1
4884.14,1
8820.05,1
12434.3,1
7901.28,1
3753.22,1
8051.78,1
4978.69,1
1893.86,1
12847.9,1
6706.78,1
5080.25,1
8192.54,1
276.34,1
2645.59,1
114.1,2
8511.27,1
14679.49,1
3594.96,1
7802.95,1
3198.28,1
15444.17,1
9740.13,1
2611.47,1
7508.21,1
5593.92,1
8169.7,1
10633.73,1
20434.23,1
3089.25,1
3247.36,1
7308.79,1
6833.59,1
11631.66,1
6220.01,1
20901.6,1
12049.81,1
1328.2,1
783.55,1
7983.0,1
4836.12,1
5162.56,1
4429.74,1
11145.48,1
3412.88,1
7457.6,1
7708.58,1
135.4,1
18557.49,1
4416.66,1
2666.83,1
9174.16,1
12087.37,1
2091.76,1
11124.12,1
2348.6,1
4350.61,1
3773.95,1
8597.87,1
6448.77,1
3922.42,1
9759.83,1
3620.71,1
1578.35,1
2296.75,1
4262.19,1
1592.93,1
14515.53,1
2121.0,1
1494.66,1
8439.36,1
6204.19,1
15248.01,1
10484.6,1
8113.02,1
1714.74,1
11908.46,1
1153.44,1
12529.31,1
8228.5,1
6917.96,1
4138.59,1
1895.1,1
1374.37,1
18123.31,1
20503.71,1
13965.92,1
18899.8,1
7727.41,1
18778.32,1
3319.17,1
1620.12,1
10716.96,1
7180.32,1
5903.82,1
1919.16,1
3093.38,1
1396.23,1
18303.02,1
7755.06,1
2520.51,1
7892.19,1
3710.78,1
11428.82,1
7908.36,1
1889.41,1
3306.92,1
2322.42,1
893.46,1
2425.95,1
9608.54,1
4233.46,1
19310.68,1
2214.19,1
550.02,1
7859.86,1
606.99,1
14716.42,1
9940.34,1
3490.58,1
10140.49,1
16526.04,1
4782.96,1
117.97,1
9624.42,1
4462.23,1
161.47,1
3493.15,3
2373.84,1
8056.05,1
1633.87,2
13983.66,1
7762.67,2
6376.82,1
18911.41,1
2011.69,1
1995.09,1
399.83,1
5188.11,1
2910.55,1
2447.83,1
1415.19,1
7848.38,1
11294.73,1
7527.19,1
3694.6,1
5501.49,1
5778.69,1
11007.73,1
14426.09,1
23843.36,1
1491.66,1
8466.9,2
2636.19,1
8023.01,1
7718.88,1
20406.12,1
10170.88,1
11689.34,1
5231.59,1
8838.31,1
3878.46,1
3432.22,1
2159.76,1
9687.97,1
9495.63,1
19366.4,1
12287.39,1
13294.59,1
7368.85,1
6928.49,1
1539.86,1
20617.76,1
1521.92,1
22378.46,1
2237.97,1
3514.77,1
16241.19,1
5827.31,1
2153.44,1
3960.86,1
4056.44,1
3729.8,1
3030.11,2
51.05,1
373.08,1
19355.51,1
2673.5,1
9242.2,1
2206.56,1
4678.09,1
5834.66,1
147.45,1
8380.42,1
4686.9,1
2789.0,1
9699.96,1
1358.41,1
2076.07,1
5526.52,1
14831.66,1
178.33,1
2584.6,1
15112.43,1
4692.91,1
7600.56,2
14676.79,1
14149.77,1
539.79,1
4030.45,1
11372.72,1
7297.55,1
9695.39,1
17010.97,1
4030.5,1
7643.32,1
6321.35,1
11959.39,1
17192.61,1
1407.65,1
1280.58,1
10196.71,1
2040.14,1
10981.37,1
7505.39,1
9783.8,1
5163.88,1
12196.79,1
11874.71,1
4463.16,1
9871.38,1
6424.15,1
5536.28,1
6357.46,1
613.31,1
3247.22,1
3490.98,1
6142.85,1
9145.24,1
10413.74,1
6622.07,2
17469.5,1
1000.85,1
13175.44,1
5723.2,1
15699.0,1
7587.84,1
1884.39,1
3107.16,1
1457.54,1
1221.38,1
5273.07,1
2423.67,1
6868.97,1
10652.24,1
1926.66,1
2836.81,1
4204.39,1
1120.04,1
11174.2,1
5375.33,1
289.24,1
1673.59,1
1150.87,1
12333.05,1
1900.17,1
1901.02,1
3239.4,1
1445.01,1
3139.15,1
22585.02,1
5003.19,1
3544.17,1
7414.19,1
13981.52,1
8503.49,1
1290.5,1
2422.12,1
21997.82,1
5705.79,1
8625.83,1
8394.33,1
12698.92,1
5074.78,1
4142.08,1
11756.32,1
63.97,1
1335.2,1
7117.48,2
13568.28,1
15265.59,2
6449.79,1
2854.68,1
5104.53,1
15829.28,1
11228.68,1
1135.68,1
875.17,1
4462.28,1
12179.94,1
1173.6,1
14259.25,1
9423.35,1
5766.28,1
2183.87,1
2042.72,1
4723.78,1
2525.87,1
7601.4,1
6424.29,1
1855.79,1
20709.0,1
5902.17,1
3514.12,1
2885.43,1
8816.16,1
3971.18,1
1853.67,1
4412.4,1
417.88,1
265.93,1
1377.58,1
14037.43,1
3386.63,1
3652.51,1
3806.45,1
8829.01,1
3313.03,1
18661.16,1
742.71,1
3730.55,1
4250.5,1
19542.53,1
5045.93,1
8124.33,1
3183.68,1
4170.6,1
8520.28,1
3991.72,1
3483.36,1
3108.83,1
6076.76,1
4801.31,1
5005.6,1
3167.16,1
1269.48,1
1803.7,1
3453.49,1
3960.25,1
4444.51,1
8886.49,1
15418.38,1
2381.21,1
4622.33,1
10008.04,1
397.37,1
3399.48,1
1227.87,1
2358.15,1
9153.38,1
9272.74,1
6267.77,1
9631.13,1
595.86,1
2309.55,1
1342.85,1
7805.46,1
7848.72,1
2984.58,1
9466.82,2
6483.04,1
22834.97,1
4534.79,1
2072.21,1
3370.28,3
4682.6,1
5737.39,1
4014.4,1
1176.53,1
4186.19,1
18252.94,1
9691.13,1
1993.24,1
3918.39,1
4246.75,1
379.71,1
9849.49,1
7541.29,1
8833.05,1
2735.13,1
3293.16,1
3923.38,1
19804.16,1
1590.52,1
5494.85,1
1983.49,1
3634.8,1
8211.0,1
4277.8,1
6544.4,1
3643.84,1
7258.28,1
6143.11,1
8801.59,1
5382.39,1
12383.12,1
5669.83,1
14938.69,1
6862.83,1
10284.96,1
8785.9,1
13720.62,1
10945.24,1
860.6,1
7729.72,1
14661.23,1
4750.19,1
3994.55,1
14077.84,1
2808.67,2
8086.04,1
2657.28,1
2434.52,1
3091.29,1
735.9,1
6063.01,1
4425.83,1
11316.0,1
2391.15,1
1698.1,1
7557.26,1
6932.79,1
10320.75,1
12800.81,1
6321.16,1
7837.32,1
10889.38,1
2650.15,1
1313.91,2
3921.91,1
458.66,1
12649.72,1
3756.9,1
269.97,1
2544.79,1
7501.99,1
8404.46,1
3137.35,1
11164.06,1
7855.34,1
2139.77,1
18057.97,1
8386.74,1
1392.28,1
15317.56,1
7499.58,1
7245.52,1
13170.42,1
8364.43,1
29.41,1
7913.28,1
2788.88,1
11735.94,1
2878.91,1
2126.38,1
13354.32,1
12920.18,2
9719.05,1
6806.75,1
13583.61,1
11718.82,1
1224.56,1
9048.34,1
2077.31,1
1054.1,1
4039.97,1
2742.86,1
12461.0,1
7937.86,1
9010.04,1
2636.68,1
1139.38,1
21867.9,1
5951.42,1
3667.66,1
6475.19,1
2641.34,1
3783.92,1
8559.0,1
9876.69,1
1902.5,1
10204.32,1
2474.39,1
5659.42,1
3016.9,1
6862.78,1
4452.39,1
5177.18,1
17503.13,1
2260.14,1
16735.63,1
2122.17,1
6775.77,1
2582.02,1
3007.95,1
1593.7,1
321.92,1
2184.17,2
2397.7,1
2567.11,1
14974.89,1
8039.39,1
5712.4,1
5381.56,1
4205.27,1
3020.94,1
1012.17,1
3566.17,1
1774.27,1
7971.64,2
1381.29,1
2868.26,1
11913.79,1
8971.57,1
3703.5,1
12926.71,1
13098.34,1
3004.61,1
7301.49,1
3627.95,1
1270.15,1
9839.63,1
4088.04,1
2840.6,1
19314.69,1
12763.72,1
13545.21,1
11656.72,1
4480.45,1
2677.51,1
11763.09,1
4492.81,1
12277.33,1
3312.68,1
2336.02,1
8275.22,1
1939.61,1
1546.66,1
7048.23,1
8673.66,1
13907.07,1
4722.7,1
9894.13,1
3249.54,1
1750.36,1
10941.71,1
9298.97,1
145.9,1
18479.48,1
1695.89,1
4976.48,1
4158.4,1
5112.78,1
2000.17,1
4001.12,1
13110.32,1
9606.09,1
9980.03,1
1866.87,1
884.7,1
4409.18,1
21306.3,1
164.63,1
12583.08,1
17752.51,1
3244.77,1
3099.2,1
6847.97,1
1898.07,1
2183.95,1
4401.0,1
6091.19,1
4168.19,1
9183.98,1
1402.5,1
15569.12,1
2905.14,1
7485.6,1
2327.57,1
2576.67,2
3245.67,1
553.17,1
8791.77,1
2828.71,1
9123.12,1
2543.44,1
9097.27,2
2008.67,1
13279.8,1
3791.78,2
4962.52,1
19191.96,1
6335.16,1
1404.37,1
1501.06,1
4332.56,2
5531.02,1
6024.6,1
1512.04,1
5401.13,1
4441.01,1
7768.23,1
2344.62,1
4533.69,1
5783.91,1
19826.77,1
14023.91,1
14977.6,1
4841.03,1
3071.86,1
5189.31,1
1484.28,1
2434.75,1
708.41,2
14481.5,1
18462.65,1
10835.75,1
3650.79,2
914.07,1
10158.97,1
5705.67,1
8620.14,1
5067.03,1
12503.15,1
4408.62,1
6519.78,1
2864.44,1
3472.98,2
1316.16,1
5404.92,1
7564.14,1
9326.92,1
16350.32,1
547.02,1
19039.16,1
3711.0,1
11547.5,1
1046.15,1
12186.35,1
13019.34,2
422.22,1
6530.69,1
10825.25,1
1092.62,1
11033.6,1
8636.23,1
484.81,1
1284.93,1
575.8,1
8586.24,1
7645.43,1
17845.6,1
3034.75,1
3279.18,1
678.65,1
8755.79,1
1051.93,1
4026.88,1
1147.51,1
3986.33,1
5441.31,1
3200.84,2
17060.51,1
10328.28,1
2854.28,1
18484.21,1
1369.37,1
7086.95,1
1395.77,1
10163.26,1
2328.08,1
1764.01,2
3328.97,1
4222.2,1
13516.58,1
13167.56,1
1312.75,1
4756.76,1
7034.9,1
1958.36,1
14631.11,1
21989.3,1
1508.8,1
2246.98,1
8911.29,1
16089.9,1
9647.46,1
20690.84,1
1836.65,1
8268.32,1
4300.32,1
8567.41,1
10536.22,1
7320.78,1
8875.26,1
9527.41,1
15253.59,1
2577.67,1
13448.19,1
6751.48,1
1542.42,1
7047.86,1
4805.41,1
12982.66,1
3986.37,1
27.53,1
2490.35,1
8352.45,1
1547.85,1
3809.02,1
608.34,1
15197.86,1
19091.94,1
4596.8,1
1324.05,1
21900.52,1
16037.92,1
12607.85,1
13142.4,1
8563.12,1
1849.74,1
5629.5,1
4188.91,2
7965.74,1
4104.25,1
1093.42,1
4108.2,1
2335.84,1
16342.75,1
1899.29,1
3044.01,1
5035.56,1
1395.38,1
3363.62,1
14929.29,1
9175.0,1
17900.83,1
3956.66,1
8770.56,1
3848.0,1
5539.31,1
11136.97,1
898.51,1
7095.52,1
14319.12,1
5625.65,1
561.46,2
3579.89,1
358.97,1
1310.29,1
14800.59,1
2637.06,1
10153.82,1
10666.98,1
8310.96,1
3426.05,1
4694.76,1
2729.7,1
920.77,1
9033.11,1
462.82,1
695.89,1
2730.82,1
15907.19,1
9283.06,1
5276.47,1
23533.99,1
5302.3,2
2331.79,1
10467.22,1
1056.03,1
11008.89,1
9850.47,1
13004.71,1
13484.29,1
5522.43,1
12242.24,1
4644.79,1
15760.5,1
10350.18,1
5206.45,2
7901.96,1
9861.88,1
22111.18,1
2751.68,1
7346.63,1
1833.7,1
12931.21,1
13683.12,1
2838.72,1
10275.22,1
7351.21,1
3881.23,1
10883.21,1
1442.3,1
4167.88,1
2004.67,1
2615.3,1
6814.34,1
3618.02,2
6771.22,1
1389.25,1
21974.77,1
2469.63,1
4845.88,1
815.23,1
9279.66,1
2462.5,1
3310.49,1
3868.93,1
4655.14,2
3101.26,1
5944.42,1
15532.82,1
3689.09,1
1958.42,1
5451.11,1
3292.14,1
9715.74,1
17830.63,1
127.27,1
6966.51,1
22716.36,1
13100.56,1
3359.15,1
20237.66,1
760.5,1
10434.67,1
7135.14,1
758.37,2
6511.77,1
749.85,1
12423.76,1
938.26,1
4759.66,1
13223.06,1
7241.61,1
2156.42,1
9228.85,1
2463.71,1
3833.54,1
7640.86,1
12134.6,1
12664.65,1
419.78,1
10497.08,1
18683.83,1
4373.18,1
9104.07,1
4156.48,1
2641.39,1
16794.76,1
1896.42,1
8044.33,1
11505.62,1
3938.73,1
1443.23,1
1958.48,1
15285.06,1
2842.64,1
7567.69,1
7378.51,1
9142.34,1
6477.52,1
11142.0,1
3345.39,1
10244.06,1
5728.31,1
276.22,1
416.01,2
11291.43,1
9391.71,1
9189.18,1
2364.04,2
3934.62,1
14273.86,1
4112.33,2
1199.45,1
19705.12,1
12385.31,1
2312.69,1
12058.03,1
4312.18,1
2248.6,1
6851.89,1
1477.55,1
23575.98,1
10068.76,1
1729.03,1
471.61,1
7115.63,1
14882.87,1
23135.79,1
2625.58,1
2582.26,1
7903.17,1
7802.37,1
1665.35,1
3327.7,1
3891.08,1
21806.35,1
11004.3,1
2652.47,1
14424.1,1
12124.57,1
13322.55,1
3257.54,1
12216.74,1
16923.76,1
12866.59,1
4726.23,1
1168.02,2
3290.91,1
12383.79,1
1982.42,1
9000.48,1
497.56,1
5157.8,1
8040.32,1
2219.95,1
8184.94,1
16961.4,1
11578.65,1
138.47,1
783.44,1
604.83,1
9689.92,1
15380.62,1
407.38,1
2459.09,1
6382.55,1
15505.32,1
1479.98,1
1500.25,2
8881.81,1
13113.55,1
6356.76,1
4133.57,1
3287.86,1
6383.52,1
8527.93,1
5424.37,1
5042.8,1
3023.31,1
2634.52,1
1786.1,1
9348.33,1
12482.41,1
5069.37,1
1782.12,1
16484.97,1
3334.22,1
1288.45,1
4701.15,1
12137.86,1
3637.63,1
8955.64,1
22159.71,1
18937.23,1
9456.72,1
2634.17,1
13798.22,1
2603.52,1
10425.85,1
17071.05,1
2222.76,1
6796.87,1
5240.44,1
4002.56,1
1620.4,1
4451.18,1
15160.13,1
10246.71,1
4832.93,1
4255.09,1
4088.61,1
3491.44,1
1057.76,1
13784.08,1
6116.89,1
637.51,1
8961.91,1
8799.85,1
12400.04,1
2351.9,1
3711.25,1
11671.67,1
6270.84,1
12305.23,1
3381.03,1
3617.46,1
1828.45,1
9539.58,1
5802.61,1
956.16,1
16353.53,1
2526.09,1
18534.38,1
3803.42,1
15379.03,1
3925.7,1
16887.93,1
11223.03,1
534.76,2
14857.69,1
10807.51,1
1223.87,1
2000.43,1
13937.41,1
12142.07,1
284.6,1
12175.91,1
6353.88,1
13999.57,1
2833.39,1
10287.32,1
3641.04,1
2724.91,1
6723.11,1
7668.9,1
15763.63,1
302.96,1
3631.26,1
11060.34,1
811.29,1
3436.91,1
15011.57,1
291.89,1
922.75,1
11833.67,1
2090.32,1
700.88,1
762.61,2
1978.56,1
6973.53,1
6171.26,1
14339.71,1
7907.94,1
6022.6,1
3517.08,1
1263.07,1
2223.41,1
5679.86,1
4656.62,1
2518.07,2
6711.4,1
5305.59,1
8685.33,1
1136.97,1
6245.3,1
6206.13,1
3532.45,1
16879.14,1
1668.05,1
13971.57,1
523.39,1
16734.11,1
5055.48,1
9508.65,1
19935.67,1
6259.49,1
5086.82,1
5195.06,1
11000.92,1
5541.94,1
1264.17,1
3691.87,1
11261.0,1
5607.37,1
16651.53,1
2310.91,2
1482.11,1
4787.2,1
13926.99,1
4365.82,1
2479.79,1
5991.22,1
8170.87,1
4893.04,1
12903.89,1
1196.84,1
3748.26,1
2189.0,1
2191.37,1
7330.59,1
21766.43,1
5971.73,1
15954.15,1
6416.36,1
9382.63,1
3837.86,1
1368.39,2
11968.32,1
3771.6,1
3796.18,1
15405.52,1
440.91,1
2403.71,1
6876.51,1
8979.27,1
1084.57,1
5727.52,1
17456.03,1
6937.99,1
11017.13,1
2799.72,1
2465.67,1
3228.38,1
11856.47,1
9009.15,1
276.07,1
14547.88,1
9360.59,1
5641.25,1
20554.33,1
2936.0,1
1474.76,1
2760.59,1
1952.31,2
4106.52,1
2035.45,1
409.62,1
5254.65,1
2663.0,1
12599.71,1
795.56,1
266.39,1
13458.02,1
13201.16,1
16749.17,2
1891.71,1
14233.11,1
16090.08,1
4434.25,1
5812.2,1
8271.9,1
16332.12,1
14022.8,1
4586.37,1
4177.65,1
8584.09,1
443.41,1
2872.12,1
5746.53,1
13737.23,1
14135.76,1
6573.71,1
4594.15,1
7659.53,1
18086.18,1
7432.89,1
5225.83,1
3639.11,1
18403.5,1
17158.78,1
1926.2,1
3427.04,1
3001.44,1
3264.43,1
7406.17,1
5812.44,1
2133.37,1
139.86,1
427.15,1
1451.14,1
3779.03,1
16815.77,1
7109.41,1
6568.6,1
871.33,1
9860.45,1
816.42,1
1564.71,1
12668.84,1
18326.2,1
11524.48,1
12082.24,1
5101.86,1
6136.22,1
11265.5,1
11469.74,1
8735.45,1
1826.39,1
2189.61,1
10034.35,1
12897.75,1
11272.32,1
8670.67,1
8894.49,1
807.39,1
8620.47,1
12810.96,1
14574.08,1
205.29,1
6259.33,1
3719.75,1
3002.93,1
5334.66,1
435.55,1
3039.72,1
10454.56,1
2011.66,1
2875.43,1
359.77,1
16463.92,1
3000.38,2
12448.1,1
7030.24,1
2418.05,2
6268.54,1
5286.48,1
7741.3,1
6114.23,1
16831.94,1
13285.47,1
7030.29,1
6236.03,1
14316.03,1
9737.17,1
16381.97,1
983.8,1
7588.54,1
4062.61,1
5779.13,1
5867.76,1
14110.93,1
1850.41,1
9494.23,1
6410.27,1
2843.1,1
20088.9,1
3932.37,2
8398.13,1
3655.43,1
866.34,1
1658.6,1
5082.36,1
12155.81,1
2207.11,1
2500.92,1
7361.62,1
10557.81,1
13176.41,1
6268.36,1
1629.01,1
13349.95,1
4542.53,1
6340.74,1
6031.21,1
1070.17,1
7924.48,1
651.68,1
12562.85,1
4025.98,1
1308.24,1
7140.57,1
1421.1,1
3201.65,1
4660.17,1
4384.4,1
6543.46,1
1257.72,1
9348.81,1
3896.22,1
20954.92,1
3577.34,1
5248.04,1
10885.04,1
19411.81,1
3949.37,1
259.24,1
2414.63,1
2018.32,1
6363.76,1
17668.97,1
13457.87,1
5387.81,1
2413.68,1
4300.53,1
4472.01,1
744.28,1
13277.26,1
6221.61,1
1464.49,1
318.26,1
1408.06,1
6576.5,1
418.08,2
11893.92,1
5167.72,1
9987.03,1
19265.22,1
1098.45,1
934.54,1
2095.0,1
3872.85,1
1100.76,1
2554.91,1
548.38,1
6430.18,1
7198.66,1
10042.86,1
14177.72,1
5480.6,1
8122.87,1
7367.27,1
9805.38,1
21408.03,1
19485.41,1
4759.87,1
6805.93,1
7863.56,1
1429.46,1
21268.33,1
1685.49,2
4136.43,1
7733.87,1
7358.39,1
1358.49,2
7011.15,2
4460.85,1
9950.68,1
11970.2,1
2851.16,1
2041.31,1
4449.74,1
2509.02,1
2212.38,1
28.25,1
3044.26,1
21886.49,1
1599.82,1
4644.83,1
1587.55,1
7709.72,1
7045.8,1
7825.47,1
5347.43,1
3704.82,1
11359.01,1
7096.96,1
12166.97,1
3856.8,1
8124.2,1
3331.65,2
1919.98,1
1190.37,1
5147.16,1
144.97,1
8519.4,1
1359.53,1
806.72,1
3345.91,1
13876.93,1
1127.39,1
4670.21,1
14201.85,1
19812.27,1
3692.3,1
16370.66,1
1557.15,1
1565.64,1
2112.24,1
6185.45,1
2825.69,1
11946.4,1
4580.54,1
23195.0,1
9120.33,1
565.87,1
2599.54,1
3917.61,1
4222.41,1
2315.82,1
11602.58,1
7140.01,1
2079.51,2
3989.64,1
1417.14,1
6598.89,1
1457.38,1
7946.12,1
4419.58,1
6355.25,1
5277.69,1
12454.72,1
15304.58,1
4221.78,2
7871.47,1
3057.18,1
3381.65,1
15238.46,2
21523.04,1
3050.49,1
8492.94,1
6471.53,1
17861.74,1
861.88,1
5685.74,1
13889.4,1
2331.63,1
8190.8,1
19147.75,1
6646.96,1
8388.05,2
1520.29,1
11488.1,1
9233.58,1
1348.65,1
11606.81,1
1252.89,2
6292.18,1
10243.58,1
9864.29,1
990.88,1
1350.65,1
3504.53,1
291.39,1
2327.31,1
1977.64,1
10630.73,1
4630.52,1
1247.66,1
3034.31,1
19313.76,1
10982.69,1
13156.99,1
1167.98,1
10748.36,1
721.55,1
663.51,1
13802.81,1
4034.92,1
567.35,1
14377.7,1
561.88,2
5211.79,1
916.82,1
7836.53,1
4002.87,1
5013.04,1
5192.93,1
1411.35,1
3410.98,1
9767.49,1
2502.42,2
8300.8,1
4112.27,1
8189.25,1
6263.45,1
15195.13,1
201.04,1
2912.33,2
3161.92,1
2578.6,1
2739.9,1
16967.99,1
2472.27,1
5776.63,1
4356.33,1
9160.3,1
839.69,1
1588.7,1
2854.47,1
124.1,1
13218.21,1
316.97,2
3925.89,1
502.47,1
21154.07,1
2458.88,1
3463.92,1
2732.81,1
1397.87,1
4460.24,1
423.28,1
7765.48,1
4193.97,1
4164.91,1
19075.9,1
4326.55,1
7172.83,1
6521.48,1
976.15,1
9380.03,1
7758.8,1
2524.74,1
4145.85,1
17263.65,1
5456.76,1
729.8,1
3317.82,1
14377.63,1
2378.24,1
16208.9,1
2975.86,1
1611.94,1
5425.5,1
21633.47,1
16045.12,1
3784.63,1
5632.48,1
11706.03,1
3742.18,1
3234.58,2
17123.04,1
8401.51,1
7159.68,1
20833.89,1
9630.2,1
10251.51,1
15162.86,1
424.01,1
14765.06,1
10090.05,1
2385.13,1
5059.38,1
5028.09,1
1587.09,1
2630.56,1
1180.6,1
6132.07,1
13088.45,1
4643.79,1
9382.28,1
2346.94,1
8109.31,1
115.07,1
11730.11,1
8227.07,1
17202.42,1
4267.62,1
6428.9,1
11483.49,1
7516.04,1
15666.96,1
10092.75,1
14337.75,1
2826.89,1
2352.55,1
13818.74,1
4703.13,1
12331.75,1
4704.44,1
1091.97,1
445.69,1
10564.94,1
3406.4,1
1995.73,1
22493.71,1
3473.21,1
233.92,1
12922.13,1
1787.26,1
4154.79,1
5802.16,1
4199.58,1
3027.53,1
5890.56,1
14477.42,1
3058.76,1
3912.79,1
16111.94,1
7882.26,1
1099.73,1
13577.57,1
2598.95,1
7773.5,1
7470.8,1
9613.66,1
651.46,1
10083.03,1
9161.49,1
10338.82,1
8916.24,1
20626.41,1
2924.33,1
18005.21,1
7460.48,1
5130.48,1
14229.97,1
16728.82,1
9366.4,1
24748.57,1
446.71,2
1679.48,1
4906.17,1
618.87,1
22246.14,1
10405.0,1
19348.16,1
6629.95,1
9401.92,1
1027.8,1
18277.47,1
4377.89,1
4769.24,1
12869.62,1
8419.49,1
16003.31,1
21597.95,1
3100.56,1
2879.86,1
11409.15,1
2715.8,1
1778.45,1
7670.66,1
7080.25,1
4683.98,1
3440.9,1
8805.93,1
2743.5,1
14380.93,1
4236.13,1
6178.49,1
12655.31,1
2192.6,1
9503.4,1
7451.89,1
13629.65,1
19283.78,1
7108.6,1
1924.71,1
17381.18,1
11357.02,1
14428.7,1
2814.13,1
2451.9,1
8424.14,1
973.19,1
7431.54,1
2630.28,1
1681.1,1
13076.87,1
2404.08,1
6158.47,1
8048.18,1
10093.0,1
3166.23,1
2725.34,1
18001.55,1
14428.44,1
1792.15,1
16873.53,1
1072.94,1
586.95,1
7808.11,1
21987.13,1
13426.57,1
10778.19,1
5133.6,1
7619.47,1
5213.85,1
10003.81,1
835.13,1
4995.94,1
9462.77,1
5572.34,1
11025.67,1
3605.92,1
8211.22,1
9353.08,1
20233.77,1
655.75,1
3206.29,1
9299.18,1
4760.68,1
21686.87,1
2315.42,1
8761.59,1
2135.34,1
3352.33,1
7446.78,1
17785.23,1
7799.92,1
10064.18,1
4878.85,1
3645.45,1
60.26,1
6919.36,1
6967.25,1
1185.85,1
3094.91,1
2570.48,1
8952.53,1
6304.71,1
1266.48,1
7991.47,1
15712.7,1
2334.25,1
625.96,1
3201.71,1
7456.8,1
1369.38,1
10616.89,1
11266.03,1
19209.32,1
17296.73,1
7272.9,1
1201.89,1
1878.11,1
8015.88,1
6977.03,1
3835.28,1
7121.76,1
5612.4,1
7822.12,1
2337.78,1
6302.14,1
14047.4,1
4664.76,1
23869.42,1
1035.25,1
3366.63,1
9710.69,1
14974.02,1
10182.53,1
944.19,1
19067.43,1
15977.5,1
3107.45,1
2584.72,1
1553.96,1
8702.16,1
13197.34,1
16281.8,1
7436.65,1
2824.1,1
2420.22,1
1385.53,1
13128.69,1
3964.03,1
19269.51,1
10875.44,1
9989.87,1
19640.9,1
3709.6,1
17761.45,1
3221.69,1
428.81,1
7139.11,1
4181.51,1
5761.92,1
5609.84,1
870.78,1
7968.36,1
1800.61,1
15683.2,1
7352.96,1
2507.54,1
441.27,1
7930.13,1
431.33,1
3744.37,1
15457.21,1
9440.12,1
7567.58,1
2732.16,1
16272.65,1
4242.94,1
10293.53,1
3733.29,1
1608.51,1
9108.29,1
15850.37,1
3509.87,1
110.32,1
12986.65,1
290.32,1
9471.11,1
7644.35,1
16286.21,1
2413.82,1
2868.6,1
5899.16,1
12447.9,1
20081.36,1
9057.32,1
4718.1,1
5138.4,1
735.69,1
19904.61,1
4293.45,1
2174.35,1
11363.25,1
4970.6,1
3565.84,1
8124.65,1
5907.85,1
5853.2,1
418.65,1
396.83,1
15655.09,1
1325.95,1
10009.94,1
4722.36,1
7291.55,1
3572.17,1
6207.06,1
13465.83,1
6946.94,1
119.6,1
822.57,1
7271.53,1
110.52,1
8119.75,1
1941.53,1
1804.4,1
1891.38,1
5589.83,1
1121.41,2
7768.99,2
6219.48,1
6949.55,1
1216.56,1
2746.77,1
11687.14,1
4581.88,1
2241.96,1
3337.53,1
1941.88,1
12781.95,1
5697.45,1
3239.41,1
4076.85,1
2111.1,1
4915.41,1
2658.21,1
13383.61,1
1944.8,1
4303.28,1
2157.81,1
9106.27,1
9552.2,1
1640.3,1
8705.79,1
20756.78,1
2361.56,1
3867.38,1
17726.52,1
5303.34,1
11056.74,1
5427.29,1
301.14,1
8026.92,1
18917.36,1
2653.76,1
2739.73,1
16845.93,1
12877.03,1
1556.99,1
9833.98,1
1348.88,1
2697.02,1
9855.38,1
6829.28,1
13860.25,1
10740.15,1
7518.47,1
17069.83,1
2283.96,1
3097.44,1
4830.41,1
1521.26,1
7414.74,1
4319.65,1
10712.21,1
10557.28,1
6448.82,1
10602.8,1
12184.44,1
1217.71,1
5357.32,1
5661.3,1
11661.22,1
3544.71,1
4520.98,1
2731.54,1
2438.43,1
9337.58,1
6962.93,1
1267.86,1
12018.49,1
11207.7,1
13335.48,1
516.41,1
10403.35,2
11470.67,1
7005.39,1
5091.8,1
4831.97,1
1299.52,1
1985.5,1
2173.37,1
1367.21,2
486.72,1
554.52,1
3019.55,1
18508.51,1
5332.77,1
9020.38,1
2498.24,1
13355.39,1
426.16,1
11079.11,1
1996.64,1
1305.76,1
4266.78,1
16086.44,1
4285.3,1
11643.46,1
1143.69,1
8691.22,1
117.67,1
8500.05,1
11581.26,1
12871.36,1
12848.72,1
11404.46,1
17846.83,1
8457.47,1
17586.5,1
13194.58,1
13139.32,1
241.3,1
18760.02,1
2055.07,1
11955.57,1
5933.8,1
4408.63,1
9420.74,1
2735.59,1
7238.21,1
7214.61,1
10072.48,1
2092.35,1
15702.75,1
7095.55,1
5578.4,1
6985.94,1
382.14,1
5590.0,1
1876.12,1
5588.41,1
5457.5,1
8815.86,1
3643.47,1
9314.18,1
2203.29,1
4601.8,1
4264.56,1
110.22,1
8124.18,1
2054.16,1
10361.98,1
9036.7,1
18274.28,1
18736.61,1
11928.0,1
6091.24,1
6560.62,1
17970.02,1
12603.86,1
1644.38,1
5435.42,1
124.33,1
2306.19,1
2626.78,1
2939.48,1
18776.91,1
813.35,1
1083.47,1
16532.68,1
5214.74,1
10129.02,1
7881.22,1
4006.59,1
3358.3,1
6323.2,1
4971.71,1
5267.4,1
2664.02,1
12590.31,1
3488.26,1
4484.05,1
1871.04,1
12039.31,1
4425.41,1
11148.22,1
10231.13,1
8158.67,1
8233.02,1
13008.22,1
2462.01,1
13146.74,1
15832.14,1
6804.34,1
1499.12,1
5340.22,1
1923.99,1
3854.31,1
3004.34,1
236.14,1
21832.51,1
2408.59,1
6593.13,1
14588.62,1
1657.29,1
4616.43,1
2847.34,1
6714.4,1
1648.41,1
62.85,1
2359.05,1
12053.98,1
719.94,1
5808.61,1
21271.88,1
2159.91,2
1267.13,1
11919.93,1
7289.37,1
3017.04,1
6616.83,1
7680.29,1
6932.99,1
5107.22,1
5584.8,1
2999.89,1
7511.81,1
875.03,1
5579.56,1
1339.53,1
20175.39,1
14289.98,1
7245.72,1
4294.14,1
4240.08,1
1649.64,1
8047.73,1
2098.92,1
4817.96,1
8127.2,1
7138.33,1
2145.94,1
436.44,1
1471.29,1
2200.98,1
5552.79,1
2040.13,1
16243.34,1
2030.27,1
4019.43,1
3873.19,1
602.01,1
13914.63,1
8241.39,1
8281.82,1
8498.82,1
12298.91,1
11776.19,1
14362.56,1
12714.34,1
4520.54,1
14302.02,1
1985.87,1
7117.92,1
12878.77,1
7354.69,1
12026.62,1
7823.23,1
14403.9,1
4199.23,1
8775.23,1
12097.16,1
8984.16,1
1233.37,2
1585.75,1
7084.4,1
2292.8,1
4493.88,1
7031.73,1
2202.63,1
1904.38,1
7625.22,1
5044.08,1
8360.58,1
4222.76,1
4693.03,1
13371.15,1
6081.83,1
7011.03,1
7861.9,1
10034.29,1
12471.94,1
7986.12,1
20092.45,1
638.51,1
4427.76,1
3937.92,1
7864.49,1
1400.05,1
16851.94,1
18001.03,1
5512.07,1
2254.61,1
5581.29,1
12981.05,1
12236.55,1
284.43,1
1063.19,1
8112.48,1
6246.61,1
8441.51,1
6509.25,1
8024.94,1
4033.79,2
1413.94,1
2432.3,1
6654.71,1
1111.92,1
4761.96,1
5912.79,1
4223.09,1
15527.38,1
6458.74,1
4377.6,1
19593.88,1
9539.9,1
2949.35,1
9116.35,1
11089.62,1
6559.04,1
5584.97,1
10074.35,1
18634.37,1
2674.02,1
12567.34,1
2634.9,1
12730.97,1
12026.23,1
459.56,1
1288.14,1
12580.12,1
1824.83,1
10142.95,1
19965.78,1
1052.34,1
1773.97,1
11939.46,1
6589.48,1
10146.08,1
1502.05,1
23407.02,1
2922.3,1
1345.5,1
2303.57,1
12511.62,1
13878.1,1
8411.79,2
426.9,1
17070.2,1
9655.21,1
4294.83,1
3166.65,1
12464.75,1
862.48,1
21487.51,1
2938.94,2
7785.44,1
15364.12,1
3960.78,1
13505.4,1
10154.46,1
7513.5,1
5691.17,1
7765.38,1
7698.04,1
14117.12,1
1548.72,1
761.42,1
8039.06,1
436.99,1
13055.88,1
3557.78,1
11690.56,1
91.86,1
12182.92,1
12630.16,1
12188.45,1
7655.96,1
18491.0,1
4272.33,1
7609.67,1
19940.46,1
7880.52,1
3066.99,1
12752.87,1
8092.56,1
4218.24,1
4035.18,1
9235.33,1
7307.97,1
9606.68,1
5589.75,1
1306.51,1
1696.45,1
3999.65,1
11862.08,1
6207.11,1
7812.77,1
6119.44,1
15425.13,1
3593.34,1
224.32,1
11790.72,1
3269.36,1
13373.78,1
11124.87,1
1685.16,1
3814.31,1
17405.7,1
403.18,1
13221.38,1
2651.98,1
3306.03,1
6720.76,1
4042.71,1
7220.25,1
9030.25,1
15930.73,1
1560.73,1
14023.58,1
3185.14,1
11859.42,1
3532.87,1
12008.89,1
1009.7,1
9065.61,1
1380.46,1
2304.75,1
7804.4,1
9343.73,1
785.02,1
8310.7,1
107.17,1
2031.0,1
3068.96,1
23122.05,1
12583.16,1
14203.17,1
5304.39,1
17405.42,1
853.5,1
10752.17,1
23925.55,1
3176.04,1
141.61,1
8682.58,1
15193.01,1
2976.73,1
567.0,2
8142.27,1
8750.43,1
2934.06,1
21176.19,1
8142.5,1
908.73,1
9922.18,1
15229.61,1
6515.48,1
7839.34,1
7470.17,1
2475.74,1
11804.64,1
2003.57,1
6553.65,1
4961.56,1
7523.56,1
5752.11,1
8529.16,1
2562.27,1
8847.89,1
4730.95,1
10588.98,1
4873.3,1
2427.78,1
905.31,1
13357.13,1
6519.42,1
9004.21,1
8676.53,1
19047.7,1
2497.72,1
12591.1,1
3893.21,1
13162.16,1
3031.1,1
7029.2,1
3494.12,1
3495.56,1
4340.1,1
857.31,1
3033.54,1
17765.92,1
12297.49,1
3503.62,1
9034.93,1
12707.43,1
3397.21,1
537.62,1
295.73,2
8993.86,1
1576.84,1
14524.12,1
3725.13,1
458.03,1
7882.7,1
15168.67,1
2925.45,1
2286.94,1
1935.65,1
730.84,1
7565.52,1
8999.69,1
8151.15,1
5355.04,1
14436.36,1
3794.49,1
10739.86,1
7745.04,1
2601.71,1
1254.6,1
6253.33,1
9582.19,1
15360.16,1
3110.83,1
81.82,1
610.54,1
371.74,1
287.38,1
13031.3,1
13294.79,1
12232.08,1
1125.81,1
13836.18,1
3460.47,1
3103.58,1
5665.81,1
1807.0,2
421.08,1
1887.81,1
8866.43,1
14759.18,1
11193.92,1
5210.73,1
9027.09,1
7095.11,1
11458.64,1
24327.42,1
11997.79,1
20456.14,1
4121.78,1
9044.45,1
7073.91,1
2212.15,1
18034.29,1
1231.51,1
2781.8,1
3379.93,1
3261.13,1
4313.01,1
8030.19,1
2311.1,1
13814.26,1
12861.03,1
8660.35,1
3694.14,1
6787.95,1
6050.24,1
1376.07,1
8841.25,1
3191.19,1
11577.15,2
4318.62,1
4369.14,1
3950.45,1
4402.39,1
84.22,1
14697.95,1
13649.56,1
6758.54,1
2040.3,1
3783.86,1
8365.66,1
1150.43,1
15951.97,1
10552.76,1
974.47,1
3358.74,1
1865.62,1
294.44,1
452.84,1
566.48,1
11562.57,1
9995.35,1
9060.42,1
2986.6,1
837.64,2
1395.88,1
93.27,1
3355.6,1
11256.73,1
14880.42,1
3316.04,1
3296.21,1
5469.33,1
522.49,1
3049.96,1
5257.77,1
3203.58,1
3528.24,1
24159.56,1
4529.11,1
4453.21,1
9431.27,1
10899.3,1
5823.81,1
614.88,1
191.75,1
16345.53,1
4611.8,1
3457.77,1
4027.91,1
1936.95,1
3614.53,1
9706.14,1
1698.09,1
10070.51,2
16929.41,1
4089.76,1
6448.57,1
4904.45,1
2750.61,1
3783.07,1
3236.5,1
574.04,1
6460.66,1
8613.28,1
2088.49,1
136.14,1
1739.47,1
13442.68,1
5088.21,1
17887.74,1
5259.85,1
1098.18,1
17802.09,1
9119.26,1
7678.02,1
917.31,1
7399.36,1
4826.77,1
3298.2,1
1779.57,1
3217.86,1
811.41,1
5204.02,1
4614.96,1
3897.83,1
8301.17,1
7000.96,1
9253.42,1
12218.66,1
20099.56,1
3925.36,1
424.89,1
24249.59,1
5958.13,1
2757.5,1
7267.96,1
5330.55,1
18090.71,1
8418.73,1
16381.45,1
14932.85,1
974.73,1
3000.56,1
3070.06,1
12623.95,1
8960.38,1
18804.92,1
4431.17,1
2611.17,1
20590.46,1
8197.99,1
8096.19,1
19533.48,1
276.7,1
3665.24,1
8522.01,1
12286.95,1
1892.74,1
5387.52,1
8619.02,1
7957.46,1
13242.38,1
5491.05,1
11046.04,1
4106.02,1
5962.61,1
6527.34,1
4360.64,1
12891.2,1
1613.17,1
4323.52,1
2407.9,1
9050.41,1
159.06,1
536.44,1
577.81,1
19380.58,1
16143.52,1
8134.32,1
12503.46,1
318.24,1
3967.76,1
7012.02,1
6511.66,1
6202.69,1
6802.85,1
4341.79,1
978.28,1
9923.73,1
8062.56,1
12138.52,1
12613.87,1
3310.86,1
12461.08,1
17329.78,1
2090.69,1
12428.9,1
4634.23,1
3954.04,1
880.24,1
8349.57,1
20489.75,1
6485.99,1
1409.12,1
6562.45,1
14277.79,1
20953.71,1
3577.83,1
22888.33,1
277.42,1
7197.85,1
13107.5,1
1392.29,1
2705.77,1
11054.63,1
10414.74,1
16962.12,1
1533.49,1
235.36,1
11295.75,1
10560.35,1
7545.66,1
1710.52,1
5767.17,1
14614.31,1
3132.95,2
12175.23,1
7938.93,1
2007.48,1
1739.57,2
255.22,1
6364.58,1
2795.1,1
8664.23,1
14321.95,1
3575.34,2
18535.26,1
9280.75,1
517.2,1
415.59,1
9787.24,1
1557.32,1
10294.27,1
2078.1,1
4102.83,1
11299.26,1
4602.07,1
19658.66,1
4558.25,1
15546.98,1
3865.83,1
17536.38,1
2664.35,1
8923.49,1
1633.65,1
4648.65,1
2522.35,1
4275.08,1
2256.98,2
179.44,1
4383.35,1
1384.9,1
2123.09,1
3366.21,1
10727.09,1
4601.4,1
8581.27,1
1008.87,1
1314.2,1
2942.14,1
11016.5,1
18500.27,1
7747.4,1
3022.35,1
2177.7,1
3904.97,1
12691.3,1
1323.56,1
8509.45,1
9048.82,1
508.67,1
12429.38,1
3341.75,1
4392.07,1
10003.65,1
2241.77,1
8932.78,1
5807.94,1
9529.7,1
8360.16,1
7354.09,1
2133.66,1
7611.42,1
8611.94,1
695.27,1
3907.75,1
17868.92,1
3431.92,1
4664.26,1
11287.47,1
401.83,1
7306.98,1
3761.34,1
12369.69,1
2941.09,1
15525.25,1
1297.66,1
2865.63,1
16310.11,1
9537.43,1
3550.19,1
1750.72,1
3176.08,2
6049.42,1
14574.01,1
8233.8,1
14721.15,1
1673.75,1
5561.19,1
13786.23,1
4397.81,1
1038.06,1
2887.06,1
5725.89,1
3823.11,1
19183.84,1
3396.14,1
8206.75,1
19989.67,1
9034.02,1
9634.07,1
14172.22,1
12800.31,1
8564.24,1
11963.87,1
3029.53,1
28.19,2
4043.29,1
3973.48,1
9743.93,1
7608.61,1
11014.2,1
6459.88,1
5561.78,1
14296.78,1
3852.0,2
2761.24,1
1260.95,1
7085.88,1
4305.51,1
14916.88,1
19316.57,1
3906.6,1
3087.2,1
1645.47,1
8384.34,1
2634.16,1
4529.06,1
19421.97,1
1770.58,1
4186.52,1
12495.61,1
1456.65,1
2948.68,1
784.02,1
5686.64,1
5299.12,1
615.46,1
1355.16,1
9879.8,1
16539.46,1
9830.45,1
8417.67,1
12905.6,1
5290.04,1
115.64,1
4554.46,1
5126.4,1
1163.67,1
13139.06,1
10977.65,1
4583.27,1
17437.21,1
4919.64,1
2061.93,1
10231.05,1
23207.83,1
16842.5,1
7955.08,1
9439.72,1
8917.84,1
9464.72,1
2268.01,1
4559.4,1
1921.81,1
2535.81,1
1218.51,1
6552.36,1
2153.27,1
12333.07,1
11092.19,1
1664.66,1
3992.03,1
12882.82,1
9616.74,1
9088.5,1
5709.29,1
8316.5,1
1409.4,1
4857.15,1
57.41,1
1259.44,1
3914.31,1
6664.55,1
1133.62,1
698.65,1
3140.94,1
3878.7,1
9904.55,1
11294.97,1
7142.81,1
7325.95,1
1216.15,1
1724.03,1
11508.9,1
6417.01,1
9555.08,1
5975.53,1
3855.67,1
6060.69,1
3257.41,1
3740.23,1
2103.4,1
4262.14,1
3154.27,1
2050.57,1
7844.5,1
6489.6,1
8640.18,1
16244.3,1
7320.67,1
2214.64,2
7562.62,1
1327.48,1
9582.28,1
199.95,1
4152.41,1
6182.18,1
4856.15,1
6583.09,1
11301.48,1
11350.93,1
9617.96,1
329.06,1
3393.99,1
4079.68,1
12904.39,1
2037.9,1
938.99,1
10191.58,1
12411.04,1
1395.2,1
2835.04,1
1573.83,1
13721.34,1
2221.54,1
17740.54,1
22065.65,1
2006.19,1
14137.78,1
13564.92,1
3578.67,1
4601.3,1
3090.88,1
455.08,1
6839.56,1
5896.08,1
2060.77,1
6463.38,1
3089.47,1
4760.83,1
7147.88,1
570.57,1
7205.91,1
10916.33,1
899.11,1
6195.32,1
5007.91,1
18284.69,1
18964.37,1
4781.36,1
10844.34,1
2347.28,1
1598.97,1
16964.66,1
16182.24,1
18718.88,1
7577.27,1
3801.46,1
4854.74,1
4186.32,1
13979.4,1
1581.55,1
9253.57,1
1203.02,1
14030.38,1
98.64,1
22341.83,1
3896.36,1
21720.35,1
16449.98,1
774.32,1
11934.77,1
15033.1,1
2818.23,1
7337.18,1
6405.35,1
7892.32,1
8092.34,1
13302.05,1
2790.51,1
4234.79,1
22714.44,1
7845.9,1
12612.34,1
3274.1,1
10083.51,1
804.37,1
850.5,1
2786.9,1
5272.26,1
9715.0,1
6773.64,1
7257.22,1
930.89,1
11297.48,1
5606.02,1
18985.71,1
8959.27,1
3398.33,1
3833.59,1
7793.66,1
9751.77,1
6054.06,1
2696.02,1
1597.56,2
12723.72,1
13806.47,1
486.61,1
401.12,1
6307.93,1
293.67,1
3564.87,1
2885.17,1
6405.32,1
3083.02,1
7033.94,1
4182.55,1
7333.0,1
9588.86,1
15940.62,1
3252.78,1
482.51,1
13992.17,1
3868.9,1
11374.3,1
4747.66,1
3652.29,1
284.92,1
4024.67,1
20850.75,1
21431.07,1
5098.33,1
3099.78,1
1273.14,1
1097.93,1
3323.94,1
17734.97,1
3006.73,1
7147.77,1
3352.11,1
5340.19,1
6049.19,1
7965.2,1
3930.51,1
3542.93,1
17193.33,1
8901.84,1
8851.21,1
1815.84,1
5893.93,1
4762.42,1
2261.64,1
9563.68,1
11936.26,1
3659.31,1
6452.42,1
18499.43,1
2618.59,2
17060.33,1
11424.97,1
2320.2,1
15378.13,1
11461.06,1
6996.94,1
13497.47,1
2313.61,1
2443.9,1
4805.07,1
3055.81,1
6619.91,1
502.97,1
6738.92,1
6151.67,1
2268.24,1
6894.77,1
467.05,1
11141.58,1
15644.57,1
8283.02,1
4116.64,1
3560.58,1
7541.02,1
1951.76,1
176.77,1
193.84,1
13698.81,1
3624.08,1
650.82,1
4079.93,2
4387.33,1
4880.77,1
6369.68,1
5372.01,1
14507.33,1
5192.11,1
6616.88,1
4856.34,1
8572.5,1
3965.72,1
6373.15,1
1683.67,1
7180.88,1
7999.48,1
9399.12,2
8153.32,1
8975.65,1
7975.82,1
13240.12,1
872.34,1
8589.63,1
818.04,1
2921.19,1
6586.22,1
2148.12,1
1278.36,1
1387.24,1
8346.29,1
17141.21,1
3909.02,1
6084.4,1
7565.93,1
16387.69,1
9422.01,1
4659.46,1
4023.17,1
12583.63,1
4433.44,1
10952.52,2
2354.91,1
1237.18,1
1485.28,1
7463.3,1
425.89,1
4632.58,1
4339.53,1
11179.75,1
11543.27,1
1849.76,1
2233.04,1
14288.8,1
7548.56,1
4047.28,1
5995.65,1
12363.54,1
27.92,1
5379.56,1
2262.13,1
3858.98,1
3399.95,1
420.96,1
4869.1,1
13228.18,1
8978.64,1
16611.48,1
1219.03,1
10583.99,1
3829.54,1
12573.5,1
8152.45,1
1654.18,1
4041.33,1
3409.95,1
2294.23,2
21224.37,1
4963.43,1
6440.61,1
11184.8,1
13011.66,1
14994.77,1
15369.06,1
8200.85,1
3579.18,1
2374.4,1
12094.31,1
6919.8,1
5003.55,1
973.93,1
7898.15,1
3902.94,1
11050.47,1
9657.84,1
6920.98,1
4909.28,1
14290.12,1
11889.58,1
15933.82,1
8129.47,1
8626.58,1
2774.72,1
8069.0,1
5289.44,1
3280.55,1
7499.84,1
8986.3,1
9919.41,1
12062.49,1
916.12,1
3614.71,1
9627.62,1
5506.92,1
15627.56,1
12980.22,1
3149.73,2
8015.85,1
3425.16,1
3497.24,1
3041.39,1
16696.54,1
197.58,1
8286.55,1
1301.9,1
7543.44,1
10257.69,1
7058.36,1
5945.8,1
16132.77,1
12278.55,1
416.34,1
1421.4,1
10363.61,1
7079.95,1
8150.28,1
6815.23,1
4696.01,1
4886.82,1
10008.53,1
5955.22,1
23821.04,1
8418.09,1
3714.01,1
10057.0,1
4313.13,1
2392.06,1
7651.33,1
6840.35,1
3527.7,1
9381.96,1
1026.92,1
3770.13,1
372.7,1
8554.33,1
1155.67,1
1158.4,1
17451.56,1
1077.51,1
14028.2,1
1527.65,1
1468.67,2
14387.22,1
3765.26,1
6284.8,1
1612.44,1
18790.08,1
855.55,1
12099.01,1
14203.29,1
2288.14,1
9051.43,1
7052.08,1
13487.88,1
14100.59,1
8330.11,1
3276.9,1
7094.2,1
3162.26,1
10502.81,1
11734.76,1
5837.54,1
14347.59,1
3789.76,1
8939.65,1
7303.32,1
2727.13,1
2120.27,1
17146.11,1
18250.22,1
2913.97,1
4726.94,1
1172.22,1
5430.4,1
4748.19,1
21027.55,1
11813.15,1
2793.06,1
4528.62,1
12274.48,1
7251.21,1
2816.78,1
7975.72,1
18506.03,1
4840.61,1
3899.2,1
4706.53,1
9293.93,1
4458.54,1
8122.82,1
15101.66,1
1274.78,1
8161.52,1
12066.52,1
2720.43,1
3051.69,1
382.49,1
1015.43,1
8074.2,1
1741.06,1
3023.91,1
2477.21,1
1744.94,1
2672.85,1
6467.92,1
8646.5,1
1619.33,1
7374.7,1
5122.87,1
383.91,1
1419.78,1
299.59,1
20210.86,1
8780.4,1
14546.76,1
9539.46,1
4937.86,1
2894.54,1
1172.61,1
1552.31,1
5742.55,1
3797.4,1
300.72,1
17559.06,1
12726.12,1
59.2,1
8030.55,1
4519.46,1
7559.89,1
5332.23,1
3992.47,1
8395.15,1
3007.68,1
9044.37,1
5322.86,1
3500.85,1
5409.44,1
3726.13,1
789.65,1
11589.34,1
2798.02,1
2744.94,1
8303.23,1
597.95,1
3435.15,1
8045.43,1
9359.86,1
14912.2,1
18948.14,1
7225.15,1
21187.04,1
2315.47,1
6657.96,1
7478.07,1
12496.08,1
6228.53,1
4978.19,1
20770.91,1
5609.88,1
8053.96,1
2000.1,1
11344.09,1
4049.93,1
22119.29,1
8277.45,1
6248.29,1
10281.16,1
12682.08,1
9701.38,1
7681.79,1
5901.29,1
15246.87,1
14053.74,1
3297.02,1
6589.14,1
14946.01,1
12362.18,1
9114.49,1
181.8,1
11536.81,1
2562.86,1
3027.95,1
7644.84,1
3994.09,2
1178.9,1
3326.5,1
3714.56,1
22613.61,1
11185.97,1
1329.74,1
16761.69,1
2205.56,1
8129.25,1
6137.43,1
2455.91,1
14293.83,1
7650.4,1
5705.4,1
139.1,1
8269.56,1
12086.66,1
2549.72,1
3159.96,1
1433.74,1
12264.98,1
55.7,1
2601.4,1
5959.38,1
23838.61,1
1993.23,1
14562.14,1
2252.37,1
14860.96,1
1836.3,1
1219.8,1
368.06,1
13555.58,1
5283.46,1
5830.56,1
1729.12,1
3727.22,1
3186.66,1
3580.95,1
8412.2,1
10384.38,1
8793.42,1
4447.17,1
12487.55,1
4196.71,1
7933.76,1
15216.89,1
8299.24,1
12125.69,1
2059.05,1
6197.37,1
9331.31,1
21149.13,1
7226.68,1
2527.74,1
2538.45,1
8080.48,1
10409.16,1
16579.35,1
5719.51,1
7063.95,1
19876.77,1
1494.65,1
1194.68,1
4270.61,1
6588.86,1
7780.76,1
5187.31,1
10265.04,1
4773.58,1
7659.64,1
12073.49,1
1344.19,1
8715.97,1
7432.86,1
7048.41,1
10471.28,1
8986.18,1
11484.66,1
1688.82,1
1459.1,1
4684.42,1
8646.76,1
7899.85,1
9112.14,1
6857.28,1
5424.34,1
11863.28,1
2269.7,1
3803.38,1
10922.56,1
17314.29,1
6754.89,1
7044.38,1
13099.23,1
2401.41,1
18111.22,1
16617.93,1
1212.21,1
4013.04,1
11047.0,1
8093.29,1
444.39,1
13835.49,1
1227.24,1
18052.31,1
20198.09,1
10631.2,1
1482.58,1
7789.62,1
16284.48,1
2498.11,1
2846.48,1
3511.77,1
13539.4,1
5292.65,1
182.28,1
3048.8,1
3244.33,1
7670.1,1
2839.38,1
5676.03,1
18229.39,1
4759.34,1
9402.49,1
3901.93,1
3644.7,1
4324.22,1
1818.46,1
1911.49,1
8611.11,1
630.04,1
5824.17,1
2295.62,1
1872.29,1
4809.48,1
6831.4,2
11482.63,1
16980.08,1
574.89,1
2949.55,1
11968.28,1
1893.37,1
3423.6,1
13475.14,1
6814.74,1
1084.0,1
4527.02,1
5717.28,1
1303.69,1
1608.49,1
3500.92,1
13506.46,1
1426.4,1
8107.74,1
4751.25,1
2642.49,1
2395.98,1
9792.51,1
12846.8,1
2707.15,1
3076.53,1
7524.71,1
2672.29,1
3328.81,1
8598.08,1
2347.47,1
419.47,1
1079.42,1
817.38,1
4065.99,1
19861.56,1
4206.23,1
4025.84,1
3950.98,1
2877.1,1
13970.59,1
7139.18,1
8054.66,1
1580.8,1
991.29,1
18875.81,1
17318.72,1
3532.88,1
15668.44,1
6504.38,1
7907.18,1
3822.56,1
5445.61,1
13130.43,1
5354.09,1
2899.91,1
10835.43,1
9430.33,1
10603.57,1
2411.04,1
4176.79,1
4781.19,1
6594.67,1
3710.55,1
11746.59,1
2873.22,1
9827.84,1
3710.35,1
11457.54,1
15263.55,1
673.49,1
1135.39,1
5676.76,1
8813.21,1
11593.16,1
21466.26,1
2438.52,1
798.35,1
8920.89,1
2771.5,1
3469.99,1
10617.02,1
4361.65,1
445.13,1
7111.67,1
7250.37,1
12798.04,1
13361.94,1
4161.45,1
19753.76,1
3109.8,1
2616.45,2
2438.16,1
812.09,1
2565.16,1
12858.56,1
5702.99,1
4064.21,1
1045.61,1
3961.29,1
7314.06,1
1813.31,1
420.09,1
6263.93,1
3848.55,1
563.68,1
1891.18,1
6048.54,1
3333.18,1
8531.09,1
10600.85,1
2006.81,2
2270.74,1
13746.59,1
2171.85,1
7783.24,1
10778.23,1
4319.9,1
4774.37,1
721.37,1
10008.84,1
8853.16,1
2917.21,1
11858.57,1
11276.3,1
685.5,1
17522.87,1
8894.53,1
17545.45,1
4302.36,1
15065.71,1
14464.39,1
11572.83,1
4107.28,1
3626.57,1
12917.25,1
4503.84,1
16577.39,1
4997.69,1
4994.16,1
1530.85,1
1336.63,1
6279.36,1
1651.05,1
16620.88,1
6685.42,1
14978.86,1
12677.07,1
11806.84,1
9688.58,1
9707.88,1
4862.21,1
1865.93,1
4237.69,1
3074.73,1
4702.04,1
573.14,1
7520.15,1
5153.51,1
16703.39,1
7806.9,1
11538.98,1
3892.06,1
5314.4,1
5821.75,1
19711.43,1
16129.37,1
4080.14,1
5190.1,1
8974.38,1
14981.34,1
207.91,1
243.0,1
21850.88,1
11380.98,1
5598.33,1
1316.79,1
5247.31,1
161.79,1
5193.12,1
3669.56,1
743.29,1
3063.35,1
3399.35,1
8780.11,1
2829.76,1
1508.16,1
7058.72,1
10752.57,1
402.94,1
2238.11,1
67.27,2
4952.91,1
5932.66,1
11475.14,1
11476.32,1
232.53,1
6829.6,1
11280.57,1
3230.47,1
2164.82,1
2245.4,1
2346.37,1
4349.45,1
2887.97,1
944.74,2
8751.94,1
15615.3,1
534.87,1
11512.77,1
12447.63,1
6875.88,1
13113.89,1
2737.52,1
5914.71,1
6160.67,1
2019.42,1
7834.36,1
3896.51,1
7722.33,1
7620.94,1
11383.37,1
2507.97,1
5694.37,1
16813.25,1
20033.45,1
7485.69,1
5016.17,1
9758.44,1
3460.48,1
8445.18,1
158.84,1
8616.06,1
4619.24,1
7082.0,1
7612.44,1
7609.31,1
1276.14,1
23217.8,1
15195.75,1
7826.54,1
2574.88,1
149.55,1
2669.75,1
2742.65,1
1976.32,1
435.79,1
5548.84,1
8057.33,1
16247.25,1
3603.39,1
2738.98,1
8000.92,1
7243.48,1
3270.72,1
10147.23,1
18507.21,1
4178.26,1
2213.38,1
7172.28,1
7270.5,1
3025.73,1
5763.63,1
3541.07,1
18162.95,1
10485.53,1
3629.12,1
10085.67,1
5263.91,1
3412.16,1
3980.7,1
14252.06,1
705.41,1
217.53,1
16367.33,1
6880.19,2
12515.79,1
11891.94,1
2596.31,1
15325.92,1
4211.14,1
405.12,1
7500.48,1
12041.45,1
3079.73,1
3043.9,1
6661.35,1
2216.77,1
7747.53,1
1088.63,1
3542.2,1
7648.3,1
14548.78,1
10545.81,1
6801.43,1
13761.13,1
543.77,1
9282.17,1
6409.55,1
6151.29,1
6398.65,1
4153.68,1
11312.34,1
3434.53,1
3245.51,1
952.18,1
7842.3,1
4699.94,1
5259.61,1
4471.29,1
14370.0,1
1448.45,1
930.38,1
2921.98,1
5192.03,1
9274.61,1
12541.22,1
1587.99,1
1731.57,1
150.42,1
9667.14,1
3531.95,1
1213.63,1
11379.55,1
13637.72,1
20428.83,1
334.08,1
12717.53,1
2492.59,1
2232.29,1
5836.18,1
15046.17,1
9970.04,1
8618.86,1
3187.55,1
6457.46,1
1596.42,1
15423.14,1
7898.65,1
9116.16,1
8685.3,1
20686.22,1
14100.73,1
11397.92,1
2889.43,1
13243.06,1
261.93,1
10028.3,1
1526.63,1
9022.83,1
9413.71,1
1192.1,1
3188.3,1
933.59,1
13173.96,1
18242.02,1
4183.55,1
5291.93,1
1334.56,1
10887.97,1
9581.49,1
4265.28,1
6031.7,1
12204.41,1
11764.0,1
20252.24,1
7081.36,1
7089.41,1
6342.33,1
10181.46,1
2203.9,1
3792.86,1
11218.07,1
5037.98,1
2304.44,1
6233.8,1
2225.21,1
3468.47,1
2197.14,1
1820.62,1
15397.84,1
731.75,1
13130.67,1
1930.59,1
6768.27,1
12603.04,1
3238.37,1
2950.08,1
2620.38,1
218.4,1
7454.11,1
1825.05,1
340.19,1
3476.51,1
8691.65,1
4501.79,1
2881.97,1
16943.91,1
2857.45,1
9700.43,1
8452.63,1
13614.29,1
1520.68,1
7239.05,1
478.99,1
5414.92,1
3554.52,1
12042.03,1
1052.39,1
9860.28,1
5922.65,1
19382.08,1
3281.34,1
2764.65,1
1241.87,1
13110.63,1
6635.62,1
4887.41,1
10994.44,1
12093.37,1
2329.01,1
3773.63,1
4135.32,1
12654.22,1
2090.8,1
5710.9,1
1269.08,1
10031.32,1
8491.81,1
2663.04,1
22264.53,1
2551.04,1
2528.76,1
7781.97,1
2628.33,1
8937.3,1
1393.92,1
15543.57,1
9699.89,1
4652.68,1
4626.01,1
17781.89,1
3709.81,1
1698.16,1
4725.16,1
2666.96,1
6009.38,1
21403.47,1
17347.23,1
10370.89,1
10744.42,1
14750.16,1
11675.72,1
6932.16,1
5619.08,1
10845.62,1
4610.78,1
5715.93,1
9475.74,1
23291.38,1
1621.68,1
2807.15,1
4544.25,1
5967.92,1
21408.87,1
14412.01,1
3365.7,1
12854.18,1
2501.75,1
125.52,1
7622.68,1
5158.14,1
3612.28,1
2772.34,1
5572.94,1
19422.23,1
3349.05,1
6741.1,1
8174.91,1
2895.52,1
5491.49,1
19114.85,1
9289.9,1
18333.36,1
22795.42,1
4819.41,1
5758.96,1
10663.82,1
3479.04,1
1604.15,1
6967.32,1
9331.48,1
5908.26,1
7943.22,1
9549.46,1
571.26,1
710.23,1
4643.83,1
162.66,1
12416.6,1
3122.48,1
1882.08,1
6680.57,1
9851.3,1
10155.38,1
11357.94,1
21330.68,1
10980.25,1
3844.16,1
19222.24,1
9491.89,1
11970.72,1
1322.6,1
3644.93,1
5397.54,1
6642.46,1
3149.91,1
873.65,1
2719.31,1
5129.47,1
5211.45,1
7865.4,1
3572.4,1
8263.02,1
1061.37,1
12705.54,1
12317.87,1
3038.02,1
591.91,1
3045.22,1
7683.08,1
1877.74,1
9943.83,1
3885.07,1
5394.32,1
1388.6,1
7781.13,1
354.57,1
11522.34,1
13514.67,1
4372.04,1
2208.44,1
14660.67,1
3944.8,1
7977.69,1
5590.35,1
12412.97,1
13148.41,1
2890.24,1
1307.67,1
3199.74,1
6171.66,1
2450.33,1
4076.17,1
4068.66,1
3285.14,1
6073.2,1
4999.41,1
5450.21,1
704.79,1
6205.91,1
1951.69,1
6066.76,1
3948.16,1
14895.79,1
8330.23,1
1512.12,1
8169.96,1
590.79,1
2726.57,1
2756.4,1
13958.31,1
12159.17,1
4197.83,1
4788.97,1
18737.19,1
948.68,1
12886.1,1
3343.75,1
14440.62,1
12821.84,1
17528.07,1
3097.59,1
8682.99,1
14906.57,1
11696.86,1
12109.17,1
14377.43,1
2814.98,1
7504.96,1
15536.97,1
1243.2,1
3917.23,1
4051.49,1
13146.11,1
2691.24,2
3965.2,1
2905.71,1
7237.24,1
6525.47,1
5420.55,1
1150.29,1
4724.13,1
9966.6,1
644.53,1
1920.82,1
12520.07,1
9225.36,1
21347.18,1
7981.67,1
10505.94,1
9801.64,1
3151.82,1
5852.87,1
6425.62,1
8854.77,1
736.65,1
1991.34,1
16035.11,1
20672.93,1
5091.45,1
1765.36,1
4014.63,1
7708.95,1
2009.07,1
1859.31,1
5386.78,1
1759.45,1
828.72,1
8375.03,1
22949.95,1
11301.44,1
9908.8,1
3792.21,1
218.25,1
2717.14,1
6101.59,1
124.13,1
1003.91,1
5311.81,1
9126.36,1
19111.74,1
7447.91,1
2448.55,1
163.49,1
1330.71,1
13364.46,1
1999.19,1
9573.62,1
4563.98,1
3422.24,1
13563.73,1
11405.85,1
21298.51,1
8242.63,1
2049.14,1
1504.48,1
9272.9,1
996.03,1
16945.62,1
7930.0,1
8847.42,1
1573.7,1
5277.22,1
10030.9,1
1887.8,1
12687.64,1
7291.41,1
8136.54,1
3755.48,1
3129.18,1
7157.92,1
11407.05,1
3744.6,1
4734.56,1
3286.27,1
4455.73,1
10086.87,1
3618.93,1
9518.4,1
4346.83,1
8922.74,1
863.92,1
2311.62,1
713.21,1
5283.5,1
264.6,1
5842.84,1
9447.98,1
16204.2,1
9068.39,1
1228.01,1
20773.0,1
16602.42,1
7830.05,1
8054.79,1
4785.93,1
17430.39,1
6486.02,1
16521.18,1
8149.53,1
17458.08,1
7081.5,1
3421.64,1
12588.39,1
611.43,1
9071.17,1
7345.77,1
23700.96,1
13031.0,1
7816.26,1
4143.58,1
6675.66,1
1283.48,1
1171.6,1
5854.71,1
1822.24,1
6007.54,1
1482.74,1
9079.11,1
3688.68,2
13849.57,1
1629.8,1
3317.55,1
15684.06,1
2033.81,1
2702.53,1
3297.7,1
215.39,2
17169.84,1
2047.21,1
2996.64,1
4528.43,1
21762.84,1
6139.23,1
1591.81,1
3833.19,1
15878.57,1
12741.59,1
2094.37,1
3404.74,1
1973.29,1
4073.43,1
9805.02,1
18266.36,1
3245.66,1
15035.33,1
2375.63,1
5088.94,1
2035.62,1
216.41,1
7406.76,1
15774.02,1
987.72,1
242.44,1
8849.32,1
14235.91,1
2010.51,1
2349.46,1
4195.64,1
15751.44,1
10707.77,1
13955.62,1
3171.58,1
2773.28,1
5906.28,1
12021.33,1
3778.39,1
3410.52,1
5396.0,1
5587.35,1
9658.85,1
4005.54,1
5124.39,1
8689.28,1
9372.02,1
4003.77,1
1351.72,1
4851.63,1
16050.54,1
10289.96,1
1064.32,1
2928.57,1
4805.37,1
10252.14,1
1659.02,1
4906.35,1
4036.11,1
5979.39,1
19401.44,1
8186.21,1
14781.92,1
3693.17,1
2147.38,1
7110.37,1
3708.02,1
14813.6,1
8647.59,1
3910.27,1
12358.73,1
11146.31,1
1134.17,1
90.89,1
5655.17,1
4960.42,1
4301.76,1
342.42,1
2539.78,1
6299.43,1
3405.6,1
5684.61,2
8872.59,1
5192.0,1
5433.62,1
3883.63,1
12891.19,1
7635.15,1
1791.74,1
14696.49,1
7620.89,1
747.69,1
2609.85,1
8815.5,1
12845.21,1
9353.73,1
10080.53,1
17796.64,1
15834.37,1
8442.37,1
6083.5,1
11885.83,1
5133.23,1
19361.4,1
1765.38,1
540.95,1
7183.79,1
1160.59,1
12916.97,1
10610.41,1
20964.6,1
1527.32,1
6788.67,1
4120.12,1
21133.24,1
442.75,1
11919.53,1
9660.69,1
1531.29,1
13993.83,1
14310.48,1
7197.15,1
3281.55,1
15275.44,1
7691.57,1
9456.44,1
9443.91,1
20343.83,1
9910.02,1
7992.77,1
8660.94,1
8723.07,1
4021.08,1
4299.69,1
2334.4,1
6061.03,1
10244.36,1
13527.82,2
7872.17,1
10515.38,1
2782.8,1
5590.85,1
1509.98,2
912.65,1
5605.1,1
11736.41,1
426.61,1
3203.88,1
3565.48,1
2490.3,1
6012.54,1
4756.44,1
5200.41,1
1707.22,1
8517.88,1
3397.36,1
19578.09,1
630.19,1
1072.73,1
13765.76,1
6658.2,1
1643.45,1
6678.69,1
1540.69,1
8066.55,1
451.72,1
6690.7,1
16221.39,1
3373.33,1
9929.32,1
16179.72,1
23587.95,1
2295.72,1
20881.06,1
17182.46,1
6630.64,1
2811.18,1
3955.79,1
3234.5,1
3010.36,1
4275.46,1
10883.71,1
4831.61,1
13640.73,1
5296.03,1
5820.65,1
15646.84,1
3506.15,1
19784.81,1
1597.59,1
3907.16,1
4877.08,1
9476.24,1
4264.38,1
7280.96,1
408.33,1
2610.17,1
4352.19,1
704.02,1
14362.15,1
2938.73,1
7774.5,1
9364.36,1
1636.22,1
1798.29,1
15749.04,1
10840.22,1
2886.38,1
3508.0,1
2229.29,1
4064.69,1
1363.81,1
7601.45,1
2961.52,1
5356.64,1
8486.94,1
1722.83,1
7792.31,1
7685.16,1
1044.08,1
6073.26,1
4106.3,1
7027.0,1
12835.81,1
3748.21,1
2578.56,1
9790.1,1
16198.47,1
489.76,1
5186.78,1
3735.76,1
14301.29,1
17559.21,1
18548.37,1
10833.54,1
6020.09,1
4022.46,1
5589.77,1
837.18,1
9278.93,1
2480.13,1
1233.22,1
7290.25,1
5118.8,1
19053.55,1
6990.82,1
8596.17,1
541.87,1
870.59,1
3209.97,1
13770.34,1
12623.05,1
230.24,1
2177.23,2
1930.79,1
12618.35,1
4610.08,1
7837.57,1
1687.05,1
2435.9,1
2270.08,1
7413.04,1
2695.87,1
3149.97,1
18727.14,1
2212.69,1
15383.48,1
3041.68,1
5832.34,1
12042.28,1
6384.51,1
3347.76,1
9618.83,1
2416.1,1
11333.67,1
2362.0,1
1496.77,1
9686.68,1
4265.61,1
14107.52,1
15656.09,1
3197.61,1
16681.49,1
13713.95,1
1503.64,1
353.35,1
4375.12,1
3824.01,1
17239.82,1
4012.91,1
4487.43,1
5749.86,1
15395.73,1
2090.7,1
21517.35,1
3062.91,1
3761.11,1
4112.36,1
113.32,1
15473.02,1
1534.97,1
13930.67,1
3749.31,1
12190.54,1
2849.4,1
23843.54,1
7044.58,1
5161.71,1
21098.19,1
6304.85,1
14723.08,1
859.52,1
8404.5,1
11566.04,1
6923.63,1
4111.37,1
3133.9,1
6139.53,1
3932.3,1
8846.83,1
21246.64,1
5056.11,1
327.44,1
3448.43,1
19429.7,1
5609.57,1
8847.36,1
2719.2,1
1601.82,1
8641.67,1
1674.9,2
12347.18,1
8636.74,1
12262.62,1
4630.71,1
12312.12,1
1228.36,1
13977.66,1
7090.3,1
9693.28,1
6384.54,1
2840.64,1
4609.13,1
11238.57,1
3108.0,1
450.81,1
4657.21,1
2436.01,1
5647.16,1
6013.73,1
3525.24,1
2108.89,1
15054.58,1
7083.84,1
196.31,1
5293.94,1
9657.95,1
294.68,1
10345.4,1
12678.48,1
2935.29,2
5972.66,1
16401.06,1
5571.44,1
578.69,1
9040.72,1
5403.62,1
3165.47,1
2007.78,1
5389.42,1
2872.03,1
1022.29,1
4536.17,1
1667.12,1
7842.35,1
8555.68,1
6364.54,1
4658.49,1
11879.28,1
1453.96,1
6542.0,1
2247.96,1
491.12,1
1305.48,1
3946.48,1
4911.26,1
13550.83,1
8240.0,1
2844.73,2
2683.26,1
16986.08,1
1111.99,1
16707.37,1
6964.14,1
8144.52,1
3109.66,1
19278.24,1
311.67,1
4120.76,1
13262.75,1
857.0,1
8105.24,1
2169.69,1
2205.85,1
7603.66,1
5593.04,1
10392.39,1
10034.4,1
5326.98,1
7054.43,1
5004.36,1
7423.1,1
10694.53,1
8758.08,1
5288.15,1
1641.93,1
11994.46,1
7160.44,1
12113.09,1
968.81,1
4843.75,1
8392.83,1
14275.5,1
12182.51,1
3698.09,1
387.91,1
5172.51,1
8303.72,1
219.26,1
4987.95,1
12953.0,1
9382.0,1
1537.93,1
11345.81,1
3534.25,1
7048.97,2
8802.81,1
297.12,1
14798.86,1
143.95,1
1114.78,1
10683.86,1
6101.2,2
3367.06,1
4289.09,1
7200.17,1
8541.41,1
3479.29,1
6218.25,1
531.65,1
4259.01,1
16282.71,1
11086.03,1
12014.46,1
5836.62,1
5767.92,1
2381.9,1
4479.24,1
9693.87,1
3826.3,1
446.43,1
855.45,1
1831.27,1
6966.05,1
2120.58,1
2178.33,1
5097.12,1
5744.63,1
3135.67,1
546.8,1
8966.93,1
3956.28,1
9104.74,1
7192.72,1
5671.4,1
12765.11,1
13141.02,1
18019.14,1
2860.02,1
4490.1,1
10343.93,1
894.03,1
1561.92,1
2241.41,1
2496.15,1
2343.08,1
2462.72,1
11681.28,1
6887.03,1
11505.55,1
3699.07,1
7243.11,1
8047.55,1
4158.67,1
7564.11,1
2689.18,1
619.29,1
7719.04,1
4679.52,1
13775.19,1
5973.79,1
5766.46,1
18272.46,1
5233.01,1
4221.53,1
346.45,1
9784.43,1
5498.79,1
3550.03,1
2586.78,2
16082.16,1
7407.08,1
2837.95,1
14543.29,1
16778.77,1
1876.39,1
9475.49,1
81.45,1
1767.85,1
1293.79,1
16483.75,1
8507.96,1
7012.03,1
9383.78,1
1843.69,1
12239.29,1
4919.32,1
11465.79,1
386.08,1
1580.77,1
10056.59,1
836.74,1
4188.02,1
3255.75,1
13209.81,1
1564.96,1
2647.03,1
12134.03,1
13593.03,1
8697.15,1
7934.35,1
3734.78,1
9860.6,1
16009.68,1
9093.03,1
3371.93,2
9193.9,1
3607.43,1
10089.72,1
8761.45,1
9168.78,1
13767.3,2
22532.45,1
10026.96,1
2270.45,1
1000.74,1
10543.19,1
9123.91,1
12202.43,1
4101.36,1
8210.45,1
4554.3,1
1149.1,1
19573.44,1
6201.53,1
2170.03,1
6864.67,1
3394.36,1
908.81,1
5255.63,1
2617.79,1
4816.79,1
14001.4,1
4129.78,1
8490.69,1
9079.41,1
3856.03,1
5230.15,1
10751.11,1
3129.82,1
1974.41,1
1506.79,1
3685.89,1
2766.35,1
11318.01,1
18671.91,1
882.17,1
5049.52,1
3820.35,1
11754.88,1
7739.47,1
8286.78,1
13471.63,1
3873.38,1
1281.33,1
1890.76,1
782.65,1
2353.09,1
2923.97,1
6890.41,1
3771.26,1
3311.27,1
9702.39,1
10570.04,1
941.11,1
1344.51,1
21325.79,1
1310.0,1
7682.73,1
21954.5,1
586.44,1
6682.79,1
5064.91,1
3589.95,1
6719.73,1
13037.41,1
3552.46,1
19660.05,1
1939.35,1
4620.26,1
12785.73,1
20658.52,1
8037.94,1
14335.56,1
9480.76,1
12646.39,1
8213.47,1
9896.59,1
8590.68,1
10246.24,1
5196.48,1
2267.33,1
76.76,1
7767.43,1
13476.24,1
18454.11,1
3217.49,1
19798.35,1
9618.54,1
18110.94,1
2772.2,1
7120.06,1
3976.09,1
3097.55,1
7846.87,1
4117.6,1
4987.89,1
6872.46,1
5780.78,1
476.54,1
5018.01,1
991.31,1
20773.17,1
17303.35,1
4414.83,1
12331.78,1
528.33,1
7734.32,1
1105.03,1
3439.82,1
7955.14,1
844.33,1
6190.95,1
2626.94,1
2472.57,1
4183.87,1
1515.27,1
2901.18,1
1629.97,1
2827.9,1
12113.99,1
524.28,1
18089.12,1
3579.13,1
6407.97,1
1295.65,1
9258.34,1
2217.62,1
16526.86,1
6194.09,1
2986.46,1
2389.22,1
5005.94,1
6468.81,1
18347.59,1
14526.1,1
19951.16,1
5703.65,1
4964.33,1
474.06,1
922.34,1
6534.72,1
278.75,1
1639.61,1
12329.39,1
18450.12,1
658.27,1
6551.39,1
4002.01,1
597.92,1
6988.94,1
10520.98,1
4200.63,1
2568.39,1
6387.34,1
1322.0,1
4093.21,1
12727.72,1
5364.09,1
6360.29,1
8395.03,1
1857.71,1
16173.75,1
12407.55,1
4691.27,1
15789.94,1
3865.89,1
7511.69,1
14393.07,1
2787.92,1
17664.41,1
7357.83,1
5977.87,1
3823.43,1
4781.35,1
1265.74,1
20715.73,1
14023.93,1
3031.25,1
4634.2,1
3129.81,1
22900.96,1
10689.26,1
8863.05,1
4404.89,1
5043.96,2
327.78,1
538.88,1
1588.47,1
5356.37,1
3360.98,1
8143.31,1
9198.4,1
10108.0,1
12222.39,1
6767.71,1
7858.63,1
856.44,1
5965.65,1
2659.04,1
2122.31,1
9802.4,1
9247.96,1
4484.32,1
6705.77,1
17352.34,1
5767.96,1
6611.03,1
3317.94,1
3985.09,1
11728.9,1
9191.48,1
1092.38,1
4604.4,1
2092.45,1
8276.44,1
541.33,1
10959.6,1
9647.38,2
1655.75,1
3646.14,1
11135.51,1
2791.35,1
17568.77,1
1405.36,1
11000.15,1
13942.86,1
2835.67,1
3265.1,1
5353.82,1
2878.69,1
11775.69,1
17692.7,1
8530.87,1
3997.58,1
4644.7,1
480.87,1
3477.6,1
15003.88,1
5869.86,1
9254.99,1
5499.22,1
9651.83,1
4801.45,1
3065.89,1
2061.2,1
17182.79,1
4141.6,1
8874.33,1
63.63,1
1445.93,1
3756.8,1
4131.92,1
7104.75,1
16383.77,1
6922.43,1
7131.01,1
1816.26,1
17320.74,1
3394.29,2
5596.31,1
1918.57,1
8895.7,1
3781.49,1
2282.87,1
4561.22,1
1023.4,1
12090.33,1
559.35,1
19778.14,2
812.71,1
3684.14,1
17486.74,1
1123.05,1
340.97,1
10788.06,1
8929.24,1
8602.92,1
9632.49,1
3700.52,1
14548.89,1
10701.69,1
6769.62,2
16686.79,1
9029.64,1
7989.56,1
14983.86,1
1408.6,1
8591.47,1
5807.32,1
14288.94,1
3817.3,1
187.57,1
4886.34,1
1448.67,1
21830.41,1
2312.24,1
131.87,1
6274.84,1
3838.95,1
2829.81,1
7058.64,1
1544.52,1
5277.61,1
11301.69,1
3630.2,1
9075.34,1
11518.64,1
3280.21,1
6863.52,1
15823.4,1
14955.72,1
8040.54,1
6870.22,1
10133.0,1
1116.38,1
576.47,1
5004.78,1
1992.84,1
4666.63,1
5230.31,1
22943.19,1
2804.24,1
2840.62,1
8799.25,1
5074.33,1
6112.94,1
2895.23,1
8365.8,1
2553.23,1
283.03,1
19164.84,1
6613.51,1
11871.54,1
3797.68,1
2499.36,1
18109.33,1
1130.31,1
7378.71,1
1737.96,1
4144.64,1
2505.56,1
3195.89,1
2369.47,1
10635.86,1
9828.66,1
12828.23,1
11068.91,1
16744.81,1
10447.16,1
2494.63,1
16273.83,1
3893.87,1
501.73,1
7423.9,1
21905.93,1
3585.08,1
1637.32,1
10087.98,1
1750.41,1
19785.1,1
7297.7,1
551.3,1
4128.11,1
8336.31,1
4449.15,1
1368.63,1
1225.01,2
5915.28,1
7116.47,1
7868.87,1
765.76,1
4961.35,1
14636.59,1
4054.54,1
20571.08,1
6837.24,1
3454.57,1
14782.16,1
7850.66,1
6567.56,1
1261.42,1
5244.7,1
13078.44,1
9947.75,1
8676.68,1
2495.65,1
24626.37,1
3378.76,1
527.19,1
4319.71,1
15574.39,1
3848.11,1
3480.83,1
4214.33,1
18356.04,1
2309.66,1
4049.29,1
6235.39,1
9156.81,1
21187.75,1
1461.31,1
3062.39,1
11518.69,1
12004.54,1
10116.76,1
22231.42,1
1377.13,1
6941.28,1
1321.11,1
5053.27,1
61.63,1
2717.77,1
12789.5,1
21044.88,1
17496.34,1
18136.87,1
14685.81,1
353.52,1
456.82,1
12530.49,1
920.42,1
6264.91,1
8432.93,1
5302.95,1
6519.51,1
6507.63,1
3363.42,1
8009.69,1
6746.01,1
3083.13,2
4155.26,1
13676.61,1
21406.55,1
4535.09,1
9022.05,1
9946.44,1
1504.07,1
5465.0,1
453.01,1
1211.01,1
2712.44,1
5403.07,1
1950.79,1
771.69,1
2447.4,1
1983.2,1
13020.22,1
8122.39,1
17061.79,1
2325.72,1
9698.25,1
2871.55,1
13010.63,1
15163.29,1
3382.94,1
13295.1,1
8133.59,1
10959.36,1
7382.78,1
471.41,1
9078.82,1
1297.88,1
9723.78,1
2902.37,1
3257.66,1
2128.87,1
6868.22,1
2512.31,1
2940.36,1
3112.99,1
16489.81,1
5716.9,1
6484.87,1
22165.69,1
3016.38,1
3469.53,1
6486.66,1
3981.57,2
7090.79,1
7631.63,1
4804.61,1
3473.67,1
18352.23,1
6271.07,1
1909.79,1
8340.3,1
3372.64,1
2910.32,1
3681.76,1
18660.7,1
16552.34,1
19282.12,1
11567.83,1
2071.87,1
1452.44,1
2685.91,1
8880.11,1
1500.82,1
11261.55,1
872.42,1
946.67,1
12525.24,1
8880.94,1
6247.73,1
1161.42,1
2289.9,1
6944.86,1
4289.79,1
3310.21,1
4141.37,1
362.5,1
4624.74,1
5351.16,1
2180.48,1
710.67,1
4134.13,1
5894.89,1
3896.88,1
3796.17,1
13864.78,1
12874.03,1
3212.89,1
2334.52,1
11573.35,1
571.03,1
22066.38,1
6564.65,1
4249.18,1
12615.76,1
3882.4,1
8085.66,1
7382.41,1
8166.97,1
14436.88,1
2515.41,1
10630.43,1
8289.6,1
19453.06,1
17161.8,1
8857.04,1
2019.56,1
1599.87,1
5846.06,1
1446.74,1
14461.75,1
8999.59,1
820.1,1
203.33,1
4207.57,1
10235.27,1
16090.48,1
13965.67,1
3095.41,1
5622.84,1
562.4,1
462.64,1
3507.5,1
16192.74,1
6990.48,1
19539.48,1
15220.96,1
3785.79,1
5129.56,1
1491.99,1
12423.89,1
5639.09,1
1246.55,2
2670.08,1
96.91,1
1500.97,1
2093.54,1
15946.9,1
20812.83,1
8512.89,1
765.25,1
15792.24,1
7346.0,1
6536.05,1
4135.6,1
5107.09,1
3438.64,1
2951.69,1
6902.79,1
4686.48,1
1624.15,1
5579.2,1
3745.62,1
12940.68,1
2120.84,1
17036.08,1
1217.19,1
15215.27,1
759.97,1
15925.02,1
20392.05,1
3290.47,1
6572.7,1
17613.67,1
6557.37,1
3184.17,1
7870.19,1
6563.67,1
1778.73,2
6646.39,1
12009.1,1
3561.36,1
8608.0,1
12446.7,1
3337.17,1
3131.16,1
4672.87,1
12338.51,1
8795.48,1
1985.13,1
4452.07,1
9913.81,1
1754.73,1
14758.61,1
3207.18,1
888.89,1
5929.33,1
3446.69,1
2769.24,1
6525.32,1
1804.91,1
11011.66,1
2016.89,1
18122.8,1
1513.21,1
1767.66,1
4237.01,1
361.15,1
3396.34,1
4307.73,1
286.76,1
4842.88,1
436.08,1
17687.47,1
7160.84,1
10830.66,1
3573.38,1
3273.63,1
1387.86,1
12700.89,1
16169.57,1
1978.84,1
7016.07,1
12760.03,1
4097.68,1
6969.89,1
12564.64,1
16911.89,1
3411.97,1
3066.55,1
22955.68,1
2068.6,1
9309.39,1
13978.39,1
18632.62,1
3206.91,1
11310.13,1
6579.67,1
3084.37,1
1665.93,1
886.68,1
10743.13,1
2017.48,1
7840.44,1
8613.88,1
726.69,1
110.9,1
4755.97,1
1610.03,2
7493.79,1
4183.48,1
7862.93,1
1547.49,1
3202.77,1
2420.65,1
6732.01,1
514.5,1
3638.71,2
16171.1,1
4596.79,1
2586.4,1
3179.92,1
2912.84,1
836.05,1
2523.31,1
9973.64,1
3967.35,1
257.96,1
5462.58,1
400.61,1
3077.61,1
3031.09,1
5615.6,1
6371.36,1
4457.85,1
2317.6,1
434.97,1
2974.96,1
6191.53,1
17093.42,1
7565.36,1
6440.18,1
147.63,1
18620.87,1
936.43,1
2134.45,1
10525.54,1
3858.85,1
10592.93,1
4491.21,1
5330.49,1
16869.81,1
10238.34,1
2886.7,1
5590.74,1
8971.94,1
10178.78,1
23237.31,1
16313.13,1
8934.98,1
3179.94,1
552.72,1
2805.5,1
3087.39,1
11345.65,1
4606.59,1
6063.46,1
5942.48,1
15768.31,1
1319.62,1
7464.36,1
8971.39,1
4000.76,1
12394.35,1
9260.08,1
1937.94,1
534.98,1
14986.9,1
3327.94,1
2542.02,1
11189.91,1
6011.95,1
11345.0,1
6217.21,2
4497.19,1
62.68,1
15748.79,1
660.33,1
4716.82,1
1183.29,1
8771.22,1
5599.71,1
8510.09,1
2345.84,1
14599.57,1
15843.48,1
6966.9,1
1982.16,1
3374.58,1
4290.14,1
9523.96,1
16583.8,1
7288.89,1
7978.16,1
2764.16,1
5006.54,1
7546.72,1
6582.68,1
11002.68,1
15377.38,1
11635.21,1
1791.66,1
3970.6,1
4201.75,1
6178.72,1
11496.54,1
6509.82,1
20309.35,1
9118.17,1
7109.42,1
2239.17,1
4951.37,1
1084.87,1
9858.96,1
9672.06,1
14079.48,1
2043.11,1
4169.26,1
7239.84,1
850.78,2
21216.46,1
15652.77,1
10788.28,1
16873.74,1
6046.82,1
5597.53,1
3561.28,1
21464.98,1
14450.04,1
5871.21,1
15609.44,1
7710.68,1
7509.57,1
9380.07,1
9355.58,1
3521.23,1
16875.33,1
1146.94,1
949.13,1
2975.24,1
2729.31,1
3363.95,1
4258.32,1
7680.59,1
6308.78,1
3356.84,1
709.9,1
583.45,1
6249.85,1
7580.52,1
634.54,1
5877.77,1
7851.43,1
12077.16,1
2183.7,1
3164.03,1
681.8,1
6805.36,1
8661.84,1
1402.8,1
13448.22,1
3779.22,1
22548.87,1
6136.45,1
1434.07,1
847.71,1
6854.27,1
6629.21,1
12824.9,1
1970.89,2
2001.87,1
14465.02,1
12654.37,2
16432.98,1
1474.2,1
1140.36,2
20101.48,1
11362.84,1
12269.43,1
2020.9,1
2945.27,1
3372.23,1
15840.2,1
9447.13,1
8118.05,1
6429.08,1
7578.95,1
6032.29,1
8314.92,1
3808.34,1
15256.49,1
6735.93,1
756.4,1
17765.69,1
8553.93,1
3406.8,1
605.39,1
3992.55,1
10681.74,1
8631.31,1
12740.55,1
6678.1,1
4284.14,1
1716.71,1
680.78,1
5739.13,1
164.44,1
12535.42,1
653.31,1
11393.38,1
7574.26,1
5236.57,1
11963.82,1
10503.47,1
11149.42,1
499.1,1
1896.16,1
879.42,1
7205.69,1
3181.08,3
13058.12,1
4696.91,1
4836.8,1
2091.54,1
22835.46,1
1848.93,1
1705.48,1
3816.48,1
692.84,1
2734.36,1
9033.33,1
3505.08,1
1285.35,2
4196.67,1
7105.37,1
2307.99,1
13583.17,1
1039.93,1
4402.79,1
6568.95,1
56.84,1
3605.48,1
11801.08,1
814.96,1
3097.52,1
7595.99,1
4539.06,1
3776.89,1
4364.69,1
1681.69,1
5458.64,1
2499.24,1
17721.61,1
8179.7,1
19547.8,1
12190.07,1
389.71,1
3356.81,1
658.34,1
568.94,1
12168.32,1
17311.52,1
14566.17,1
8976.62,1
3811.33,2
7565.83,1
9602.19,1
8219.2,1
5548.43,1
8762.1,1
3170.65,1
189.91,1
11190.96,1
11451.95,1
4455.9,1
13175.9,1
4435.19,1
17485.8,1
17799.06,1
5564.34,1
6968.83,1
13440.07,1
681.06,1
2035.63,1
11818.57,1
9208.38,1
13620.46,1
6158.87,1
6060.12,1
12439.87,1
3134.45,1
5410.74,1
4836.17,1
116.64,1
4222.32,1
2827.97,1
7950.37,1
4117.81,1
21110.39,1
5676.91,1
6587.21,1
14268.75,1
6548.1,1
4154.01,1
3292.7,1
12761.27,1
3443.52,1
7177.39,1
15338.73,2
7455.2,1
375.16,2
1438.27,1
8608.16,1
6147.38,1
5285.98,1
2548.56,1
5396.68,1
9397.36,1
3522.94,1
6038.18,1
1100.31,1
1169.49,1
21417.48,1
1953.18,1
15802.98,1
12762.69,1
10556.81,1
5968.11,1
3319.11,1
11434.83,1
13629.21,1
5291.42,1
2225.42,1
5120.87,1
776.37,1
3689.85,1
8554.64,1
7864.47,1
4775.3,1
11178.19,1
16315.06,1
792.47,1
1168.01,1
4843.45,1
6258.39,1
1898.06,1
3766.16,1
1087.19,1
17043.1,1
14189.05,1
2618.16,1
4984.85,1
2671.94,1
2454.95,1
3193.8,1
16206.74,2
11211.07,1
8390.09,1
1982.81,1
13306.93,1
6691.75,1
3353.19,1
8456.1,1
10134.03,1
4907.27,1
2710.77,1
1068.15,1
1325.48,1
5709.59,1
12344.55,1
4580.27,1
5999.27,1
6690.45,1
1496.72,2
14161.29,1
3095.57,1
4995.13,1
3742.84,1
16697.35,1
5291.65,1
13122.58,1
7592.64,1
11345.1,1
1230.38,1
11563.27,1
4908.54,1
16883.31,1
2451.92,1
10165.0,1
7479.41,1
13658.11,1
4927.64,1
15604.86,1
3554.35,1
19174.52,1
2758.21,1
3848.81,1
7064.59,1
6314.68,1
10756.69,1
13669.53,1
6509.57,1
3896.63,1
3363.06,1
2841.11,1
6756.39,1
14675.81,1
4410.43,1
1998.27,1
18884.76,1
11280.74,1
6857.43,1
6464.12,1
2803.49,1
1519.35,1
3229.94,1
4287.06,1
3392.85,1
11395.97,1
2913.16,1
21192.54,1
125.4,1
6461.23,1
9143.46,1
16883.82,1
18745.84,1
8603.85,1
4185.0,1
7807.89,1
9492.91,1
2517.5,1
2739.39,1
3845.45,1
5145.29,1
8317.12,1
5845.79,1
8946.13,1
1288.68,1
12499.18,1
8816.05,1
7035.91,1
15915.75,1
21425.8,1
2533.76,1
3472.84,1
434.02,1
9131.7,1
7838.28,1
15172.26,1
3302.23,1
1289.39,1
5379.13,1
16853.3,1
2414.67,1
4580.17,1
10955.2,1
9039.45,1
3253.0,1
10717.79,1
10467.9,1
16800.39,1
7033.73,1
11439.67,1
13204.09,1
3118.74,1
203.74,1
1358.01,1
3372.78,1
1703.98,1
9725.9,1
4434.09,1
530.38,1
19654.43,1
2314.09,1
4153.49,1
886.94,1
1026.03,1
1033.57,1
4313.96,1
14131.27,1
22231.19,1
6325.57,1
477.2,1
15618.87,1
3092.29,1
1260.15,1
601.6,1
2509.86,1
3668.56,1
4761.64,1
7051.89,1
10979.57,1
1586.38,1
253.31,1
11797.92,1
7906.7,1
19894.18,1
17338.9,1
10711.9,1
2554.48,1
5130.85,1
6914.8,1
22461.66,1
9902.68,1
2878.58,1
9053.16,1
17465.81,1
176.66,1
384.05,1
3668.77,2
12013.94,1
1900.4,1
2155.59,1
179.49,1
5199.16,1
17173.64,1
9620.03,1
2168.22,1
13941.87,1
17251.14,1
1747.8,1
1160.43,1
1989.62,1
9692.46,1
16986.96,1
13943.67,1
1628.82,1
4744.21,1
5429.33,1
129.72,1
745.05,1
8967.86,1
10827.49,1
7959.81,1
138.24,1
18343.05,1
9412.05,1
14313.03,1
499.23,1
7158.24,1
5888.25,1
8476.21,1
4977.83,1
9358.47,1
3715.39,1
15458.61,1
1147.66,1
10951.94,1
3331.72,1
15403.14,1
15185.66,1
11117.82,1
2956.98,1
2096.5,2
12940.41,1
8897.46,1
7739.38,1
3181.11,1
23723.29,1
1422.13,1
9706.75,1
387.88,1
4299.6,1
547.58,1
648.17,1
16179.4,1
4148.41,1
10800.98,1
6676.04,1
1783.45,1
8287.76,1
3459.62,1
6026.05,1
8066.82,1
19754.85,1
5845.59,1
12369.42,1
3893.04,1
996.15,1
2861.52,1
2748.21,1
3220.76,1
4889.43,1
12565.95,1
3810.77,1
2468.63,1
2108.25,1
3387.58,1
4401.42,1
1902.38,1
1780.14,1
11476.87,1
236.78,1
14557.61,1
8707.52,1
17855.55,1
1427.96,1
12070.56,1
4290.4,1
99.69,1
1577.76,1
16122.44,1
2727.78,1
6732.91,1
6407.44,1
1726.93,1
3739.48,1
4101.41,1
6037.47,1
11827.85,1
379.55,1
3740.16,1
16861.43,1
20846.63,1
6609.93,1
2445.22,1
3726.54,1
14097.05,1
8151.44,1
999.21,1
5919.04,1
3613.39,1
11382.31,1
14034.52,1
13992.26,1
620.12,1
6571.49,1
2855.7,1
7374.14,1
19410.94,1
16514.17,1
4939.63,1
4114.59,1
9478.86,1
11346.78,1
4237.26,1
6321.5,1
8199.85,1
1758.97,1
7369.91,1
16520.46,1
1041.12,1
4377.36,1
377.78,1
10393.94,1
15209.83,1
2545.78,1
6289.14,1
3955.03,1
2832.75,2
11081.0,1
22433.26,1
5775.23,1
7808.96,1
1258.55,1
2118.09,1
7529.77,1
7854.23,1
4782.86,1
435.27,1
11975.11,1
3521.48,1
6173.93,1
6530.16,1
13244.73,1
9538.08,1
3468.73,1
4347.97,1
9018.77,1
3714.29,1
4318.36,1
5449.95,1
12199.65,1
1261.73,1
3869.4,1
8889.6,1
9322.64,1
8962.77,1
4131.66,1
7686.14,1
1964.89,1
5535.1,1
2434.31,1
8068.13,1
13870.31,1
18244.64,2
7096.85,1
15844.5,1
3705.64,1
1879.18,1
3743.36,1
1748.24,1
5822.9,1
21853.08,1
8030.87,1
778.72,1
9645.35,1
2697.1,1
24126.01,1
13204.02,1
9316.63,1
16838.8,1
10928.88,1
4613.58,1
8846.81,1
738.33,1
1765.21,1
3479.44,1
2226.09,1
16748.18,1
2539.18,1
7739.21,1
4215.01,1
3746.55,1
7383.53,1
4906.65,1
4374.05,1
23729.63,1
9389.79,1
186.43,1
3502.57,1
6216.07,1
16279.02,1
2552.39,1
3858.41,1
2945.14,1
19195.96,1
172.22,1
6366.69,1
17665.49,1
4620.34,2
11050.75,1
1002.05,1
4460.77,1
1538.81,1
2431.07,1
3088.74,1
6510.94,1
23739.16,1
1833.63,1
2473.7,1
3619.18,1
5676.81,1
2900.1,1
3700.37,1
9862.04,1
12827.3,1
225.97,1
16284.73,1
537.06,1
4139.82,1
6329.55,1
17301.78,1
8369.57,1
1950.96,1
1531.22,1
4859.23,1
3669.46,1
283.69,1
1159.58,1
7018.98,1
13148.46,1
193.82,1
8740.15,1
4616.05,1
4142.18,1
16858.72,1
6416.69,1
17218.77,1
5527.28,1
4055.88,1
1793.38,1
2728.61,1
4669.76,1
10811.13,1
5777.17,1
12452.56,1
8849.68,1
2070.82,1
3010.56,1
21172.9,1
14149.17,1
14642.66,1
3578.53,1
8660.78,1
6070.55,1
11223.55,1
8662.75,1
2509.77,1
13553.71,1
6208.29,1
13206.86,1
6957.07,1
7796.37,1
9245.81,1
21527.29,1
10337.89,1
4525.7,1
2009.73,1
8037.02,1
13318.36,1
12425.33,1
14277.5,1
1852.82,1
3598.24,1
6564.53,1
19465.92,1
21854.38,1
18316.44,1
1658.88,1
19158.2,1
9990.83,1
1494.57,1
2313.17,1
3389.78,1
9229.01,1
7895.71,1
1792.32,1
1083.88,1
2692.24,1
16513.27,1
18408.61,1
4832.55,1
6522.46,1
8857.34,1
4342.43,1
19236.82,1
8816.38,1
14682.04,1
1797.2,1
7857.66,1
7125.59,1
18934.55,1
4251.56,1
8086.06,1
8225.38,1
12449.7,1
8314.27,1
257.23,1
2310.31,1
9204.79,1
1656.79,1
12111.02,1
9360.92,1
4601.44,1
1276.07,1
6468.25,1
3207.61,1
997.92,1
521.98,1
3476.66,1
1170.69,1
11566.03,1
19222.25,1
6957.46,1
10252.31,1
12930.59,1
12264.83,1
4652.4,1
4768.56,1
5340.54,1
2511.89,1
6081.81,1
14068.08,1
1022.02,1
10311.75,1
2390.48,1
10734.12,1
18503.74,1
3057.12,1
16071.41,1
8234.61,1
13722.0,1
7196.32,1
3089.95,1
2150.69,1
2630.19,1
1359.22,1
6067.7,1
2536.04,1
4201.94,1
1305.94,1
13790.05,1
876.63,1
6542.99,1
12535.21,1
4610.38,1
442.55,1
4996.38,1
1072.05,1
3369.55,1
8254.84,1
708.5,1
4935.48,1
4602.89,1
7198.62,1
11209.16,1
187.42,1
14140.79,1
9349.11,1
5438.48,1
9515.19,1
8587.66,1
12294.03,1
17839.93,1
1867.8,1
8616.38,1
7475.58,1
16787.52,1
7625.71,1
2402.84,1
4203.3,1
13844.11,1
2886.03,1
9410.05,1
9813.72,1
9143.33,1
1948.43,1
5600.46,1
1708.11,1
5848.12,1
8789.14,1
9852.11,1
5877.71,1
13817.82,1
6828.18,1
3304.95,1
2068.48,1
4872.13,1
3836.64,2
13220.93,1
9646.98,1
4051.03,2
14782.86,1
7958.04,1
1402.61,1
3767.15,1
12562.61,1
4426.31,1
3331.6,1
8159.16,1
7249.95,1
10469.4,1
10587.06,1
11723.57,1
443.79,1
13860.79,1
3614.11,1
1053.42,1
5751.05,1
19714.84,1
1861.7,1
9047.52,1
1636.24,1
14513.59,1
8680.44,1
6647.48,1
7459.81,1
5261.51,1
7170.9,1
5530.65,1
28.84,1
4253.65,1
19649.92,1
4362.14,1
8562.02,1
6804.53,1
1984.64,1
7452.41,1
4290.38,1
2183.69,1
1337.62,1
2109.2,1
562.98,1
3486.43,1
3443.8,1
616.92,1
5374.26,1
719.99,1
3787.67,1
21766.92,1
2527.66,1
6968.63,1
2920.84,1
1113.39,1
12894.51,1
5457.3,1
9886.32,1
235.63,1
8172.1,1
13263.15,1
6768.57,1
6207.17,1
2961.77,1
14301.76,1
19482.5,1
120.3,1
7840.61,1
3715.66,1
18776.2,1
8935.28,1
8612.43,1
7796.36,1
8644.5,1
3998.03,1
1294.0,1
151.31,1
3491.94,1
17919.73,1
6033.12,1
1642.32,1
4305.84,1
9185.63,1
23991.51,1
13565.4,1
2844.2,2
16416.84,1
16183.78,1
21339.56,1
5303.04,1
5410.35,1
6439.31,1
1274.94,1
3164.0,1
7698.07,1
13317.85,1
8171.26,1
2042.41,1
2808.68,1
4636.47,1
2227.31,1
2679.26,1
5539.02,1
3694.33,1
309.05,1
583.21,1
18007.38,1
14091.48,1
2241.94,1
1938.45,1
2321.68,1
16906.67,1
15252.91,1
5487.04,1
3781.25,1
1880.22,1
10135.1,1
13551.6,1
4155.14,1
13649.6,1
2333.23,1
8221.9,1
14478.18,1
3697.41,1
8260.41,1
7667.69,1
5483.24,1
9420.52,1
3406.51,1
10567.28,1
617.18,1
12451.84,1
8143.68,1
874.29,1
2289.4,1
7189.55,1
14900.51,1
20504.41,1
11562.63,1
2906.32,1
3527.77,1
531.08,1
19575.19,1
362.27,1
1473.43,1
989.68,1
5273.61,1
2630.42,1
18967.2,1
10877.54,1
13170.34,1
1561.4,1
2391.41,1
3705.58,1
7521.17,1
16101.09,1
4376.1,1
1483.51,1
8898.74,1
924.31,2
3638.18,1
15911.37,1
14953.1,1
9258.97,1
2361.07,1
3300.7,1
4223.44,2
2832.37,1
12206.25,1
3386.72,1
16443.24,1
10072.26,1
4532.14,1
4561.87,1
4861.86,1
5553.74,1
3866.23,1
7161.23,1
2376.83,1
1756.86,1
3229.56,1
7321.09,1
14119.19,1
3137.48,1
1789.22,1
7057.62,1
17357.74,1
927.57,1
13947.85,1
12957.52,1
454.46,1
2560.86,1
13774.34,1
1869.63,2
5806.66,1
4251.51,1
18426.86,1
8007.45,1
3222.6,1
18100.71,1
19285.94,1
4325.77,1
3393.27,1
3869.67,1
570.62,1
7986.22,1
17178.31,1
3522.11,1
10550.86,1
6457.39,1
17904.64,1
10274.26,1
513.54,1
5677.24,1
3734.95,1
3526.67,1
5317.96,1
2464.27,1
1593.4,1
11528.93,1
3357.37,1
9685.79,2
6055.54,1
1613.15,1
3650.07,1
7113.79,1
2593.58,1
1243.12,1
199.52,1
19850.38,1
10377.41,1
2108.91,1
3266.77,1
712.64,1
12130.98,1
1861.17,1
13819.42,1
4764.07,1
2039.98,2
12645.14,1
13346.36,1
10801.63,1
20036.03,1
9367.86,1
6789.08,1
12541.57,1
10249.19,1
12029.88,1
14977.68,1
1790.9,1
4673.74,1
3324.96,1
541.54,1
2951.79,1
7660.87,1
8973.49,1
16092.47,1
868.7,1
2106.96,1
5669.33,1
5945.35,1
10451.69,1
12799.07,1
513.46,1
20616.98,1
1139.43,1
189.63,1
135.43,1
13910.62,1
2195.01,1
10904.67,1
2376.08,1
13799.46,1
4662.78,1
5417.19,1
4897.3,1
7348.3,1
3256.23,1
1007.99,1
5128.41,1
3266.88,1
2045.97,1
1418.96,1
13325.19,1
6416.58,1
3926.59,1
4970.94,1
2539.52,1
3220.68,1
3519.81,1
6517.7,1
2583.13,1
8990.64,1
3165.71,1
3082.73,1
7170.96,1
2971.42,1
16658.38,1
851.43,1
887.59,1
2558.89,2
488.57,1
8872.06,1
3654.21,1
5213.75,1
636.61,1
10117.54,1
6421.43,1
322.48,1
6072.21,2
1012.91,1
437.34,1
3994.12,1
9821.54,1
12197.58,1
2939.94,1
861.49,1
3856.36,1
5165.03,1
6258.87,1
18485.18,1
17155.67,1
2947.88,1
9337.35,1
6535.5,1
7664.6,1
8558.77,1
10335.95,1
1871.45,1
1289.27,1
325.72,1
7350.6,1
2835.05,1
2668.59,1
15583.33,1
2712.04,1
916.44,1
1919.43,1
9512.82,1
1813.44,1
14310.88,1
10293.19,1
1209.63,1
19385.77,1
11970.77,1
5528.22,1
2723.81,1
4488.82,1
4824.31,1
2619.27,1
4964.49,1
5461.56,2
6490.62,1
9709.67,1
349.32,1
2151.07,1
14392.33,1
13538.42,1
17620.33,1
14908.17,1
6158.75,1
5331.46,1
16075.27,1
9520.61,1
18488.6,1
4397.38,1
10046.78,1
16264.25,1
3680.2,1
4180.05,1
6080.72,1
19123.54,1
861.73,1
9153.3,1
6541.0,1
637.18,1
3873.25,1
1566.59,1
2951.49,1
4162.01,1
3657.21,1
3679.84,1
17455.18,1
16352.9,1
19946.87,1
3172.22,1
3335.97,1
1330.42,1
8843.38,1
1686.46,1
989.28,1
2396.05,1
4462.02,1
4526.09,1
3407.77,1
10491.58,1
2145.53,1
14373.94,1
5165.05,1
2119.86,1
18229.55,1
6575.42,1
7117.98,1
17531.15,1
6122.5,1
10724.61,1
16617.4,1
233.15,1
4000.87,1
24361.98,1
1070.44,1
8307.32,1
9538.79,1
14095.93,1
1192.51,1
5995.0,1
2142.3,1
1083.8,1
6706.22,1
1987.29,1
2591.06,1
2846.64,2
8034.8,1
5024.9,1
5503.76,1
6508.18,1
4970.71,1
5851.62,1
1658.52,1
12916.7,1
7827.8,1
6184.34,1
9691.02,1
675.25,1
7745.57,1
14876.81,1
8035.2,1
15406.4,1
3962.0,1
20902.75,1
1880.46,1
17021.98,1
9649.87,1
3905.77,1
5354.23,1
3748.12,1
1403.3,1
7054.54,1
3466.4,1
4158.32,1
3010.32,1
20998.2,1
321.48,1
5056.97,1
11367.62,1
750.66,2
7414.6,1
2190.59,1
4669.31,1
7899.19,1
5894.0,1
10770.67,1
10337.2,1
7817.42,1
2710.68,1
6608.28,1
15099.22,1
2115.72,1
1498.81,1
1691.29,1
8433.16,1
18694.35,1
9971.98,1
5503.43,1
2171.52,1
6493.86,1
4679.15,1
1255.04,1
3490.74,1
1773.04,1
1889.28,1
8519.25,1
3506.47,1
5955.1,1
7234.68,1
2221.93,1
986.87,1
3030.17,1
4416.39,1
15738.48,1
1530.38,1
1148.49,1
11342.89,1
2557.58,1
15210.71,1
5140.33,1
8102.41,1
9686.22,1
7899.32,1
8599.12,1
5183.78,1
6206.71,1
4224.66,1
1948.65,1
3605.43,1
2188.2,1
4287.4,1
9291.54,1
8858.68,1
19448.25,1
310.18,1
540.05,1
10728.04,1
4362.52,1
422.76,1
2616.86,1
1398.96,1
7429.96,1
10906.67,1
4767.28,1
2930.7,1
425.62,1
2403.79,1
3180.55,1
6989.22,1
5079.29,1
3127.52,1
14088.91,1
1811.83,1
2325.92,1
1353.94,1
10587.38,1
8126.67,1
6949.18,1
4318.06,1
5953.91,1
5659.63,1
3094.89,1
15654.31,1
1901.86,1
16034.96,1
11437.84,1
9526.74,1
1466.8,1
7645.08,1
6843.86,1
2501.9,1
950.44,1
20491.82,1
6753.29,1
12380.19,1
11506.55,1
3385.72,1
4119.95,1
6900.15,1
4731.56,1
8230.5,1
2389.96,1
616.09,1
4292.49,1
16229.35,1
8070.8,1
9381.59,1
2353.69,1
14659.86,1
2166.13,1
15936.75,1
6310.25,1
7920.22,1
2833.15,1
4120.9,1
447.95,1
11326.7,1
7514.93,1
2826.12,1
11902.93,1
9637.22,1
12532.95,1
10943.27,1
568.15,1
7399.96,1
1193.8,1
1183.02,1
1915.7,1
4977.91,1
2788.08,1
881.01,1
9130.11,1
12166.34,1
7844.47,1
1723.71,1
6819.03,1
10073.62,1
5572.6,1
3108.71,1
5213.02,1
13434.23,1
3013.43,1
6690.12,1
12743.52,1
11131.54,1
5645.99,1
1262.73,1
17713.74,1
5819.51,1
11947.11,1
13181.72,1
12266.38,1
3637.93,1
5542.75,1
3289.95,1
3805.76,1
18845.03,1
521.49,2
2013.16,1
5938.04,1
6536.19,1
5823.47,1
13239.96,1
11155.85,1
7978.04,1
5572.84,1
1641.69,1
8218.45,1
605.58,1
2736.0,1
13315.46,1
2192.8,1
9045.28,1
3279.77,1
1447.94,1
1164.96,1
9505.5,1
10870.93,2
7241.71,1
1939.17,1
8317.64,1
2121.07,1
16631.09,1
5736.43,1
12009.39,1
6387.74,1
3520.93,1
4111.9,1
12366.33,1
2344.6,1
991.55,1
4606.91,1
4630.81,1
4835.0,1
4535.33,1
2042.6,1
2423.58,1
13331.44,1
10184.94,1
3524.16,1
2428.14,1
8009.44,2
8662.94,1
12566.31,1
5649.24,2
3679.24,1
6219.61,1
2798.3,1
12298.34,1
1423.34,1
6233.36,1
18568.83,1
23947.15,1
11810.89,1
8849.77,1
2266.97,1
3415.55,1
13267.37,1
4769.47,1
8067.79,1
9375.06,1
805.14,1
1531.64,1
4510.4,1
3552.31,1
14329.75,1
107.62,1
13149.89,1
11166.58,1
2815.81,1
20374.28,1
627.68,1
6044.67,1
1888.23,1
13541.79,1
91.34,1
1760.24,1
16185.18,1
13815.55,1
1680.35,1
3412.67,1
5639.91,1
17232.04,1
4921.2,1
5200.43,1
21534.23,1
8512.31,1
7771.19,1
10890.21,1
14440.92,1
121.31,1
452.05,1
1256.31,1
16685.98,1
5743.14,1
4001.76,1
4415.65,1
6424.76,1
4624.47,1
7764.76,1
14038.64,1
11148.98,1
7912.34,1
716.29,1
7567.1,1
3623.97,1
5820.29,1
11013.61,1
6724.42,1
10855.31,1
2747.99,2
4468.71,1
20767.69,1
2690.46,1
8538.99,1
8560.79,1
2324.9,1
6997.63,1
2688.45,1
15079.06,1
3064.94,1
12761.45,1
2334.73,1
17649.43,1
4145.27,1
15078.69,1
2959.42,1
3717.49,1
184.73,2
1803.9,1
394.03,1
1434.13,1
9139.34,1
11098.64,1
10617.79,1
10548.54,1
489.93,1
13579.85,1
126.04,1
1816.2,1
1984.84,1
2486.35,1
2695.82,1
2608.65,1
7341.89,1
2726.24,1
10488.73,1
2497.93,1
2924.99,1
11067.18,1
2031.28,1
1281.72,1
5457.45,1
105.76,1
5771.98,1
6251.7,1
9131.79,1
5099.83,1
2509.73,1
59.61,1
12781.43,1
114.68,1
6504.64,1
2705.49,1
953.39,1
9438.37,1
6753.51,1
1141.06,1
3051.25,1
5511.12,1
3828.61,1
1138.67,1
3549.31,1
16234.07,1
2535.29,1
1844.81,1
2197.15,1
2834.99,1
1425.67,1
3024.9,1
2361.83,1
2167.8,1
6827.31,1
2856.15,1
3775.0,1
5728.75,1
1574.99,1
18653.13,1
2538.99,1
4346.1,1
1630.54,1
2542.62,1
202.23,1
131.63,1
6936.72,1
12284.15,1
3174.83,1
16115.98,1
4480.32,1
5185.81,1
439.08,1
14800.87,1
2857.25,1
3509.06,1
19481.5,1
7036.02,1
3263.87,2
3848.46,1
14506.43,1
1751.89,1
1983.7,1
6633.12,1
6531.06,1
1869.93,1
5601.27,1
3609.56,1
6642.47,1
16594.08,1
2127.64,1
15071.69,1
2825.98,1
837.83,1
8294.15,1
19050.92,1
2048.76,1
14190.86,1
748.02,1
2703.1,2
8359.55,1
13400.92,1
8526.22,1
4482.83,1
1615.69,1
813.53,1
11722.67,1
22658.77,1
2902.25,1
4448.83,1
18582.87,1
64.97,1
3415.9,1
4033.64,1
389.41,1
3613.51,1
7472.29,1
3895.62,1
5076.87,1
9307.72,1
394.78,1
3131.0,1
3005.05,1
3654.67,1
8636.58,1
260.64,1
5473.32,1
23768.63,1
6235.5,1
885.99,1
2399.44,1
17533.4,1
15355.14,1
3608.66,1
1959.44,1
524.15,1
3133.23,1
6490.5,1
4094.98,1
9860.02,1
3822.98,1
5389.29,1
14548.58,1
977.13,1
7789.36,1
14235.32,1
10642.91,1
2545.85,1
4936.51,1
13843.24,1
10865.31,1
549.41,1
898.41,1
13155.22,1
2518.06,2
1582.37,1
2667.03,1
1420.12,1
2082.48,1
2943.22,1
15573.34,1
11192.06,1
616.73,1
1372.25,1
8064.18,1
2429.9,1
8541.85,1
9876.62,1
5605.06,1
3040.75,1
3228.98,1
6542.02,1
3134.73,1
5232.44,1
5471.71,1
10128.64,1
3976.25,1
1550.1,1
11905.31,2
10558.21,1
5985.02,1
12442.92,1
15247.98,1
7485.1,1
3483.39,1
2780.17,1
5221.91,1
17708.04,1
1210.36,1
5510.81,1
1948.82,1
1121.66,1
9874.84,1
2064.48,1
17276.51,1
4478.71,1
8946.82,1
12230.85,1
2849.33,1
15914.01,1
7004.99,1
13893.84,1
15467.72,1
8423.49,1
153.93,1
7199.17,1
3110.88,1
9382.09,1
8066.08,1
1045.76,1
14778.86,1
2817.69,1
11102.73,1
15831.52,1
1378.37,1
5343.78,1
2074.54,1
8163.67,1
7602.43,1
17128.26,1
4428.08,1
16526.81,1
287.66,1
4119.3,1
3446.36,1
4522.65,1
13180.98,1
3931.24,1
2963.25,1
12705.99,1
2366.07,1
936.01,1
3872.11,1
463.77,1
2615.21,1
11023.92,1
144.32,1
10926.86,1
4053.68,1
2468.26,1
4904.7,1
3375.51,1
15022.1,1
10167.47,1
10600.21,1
7621.05,1
9854.3,1
3646.99,1
12379.03,1
1483.23,1
1791.22,1
477.44,1
12394.85,1
15091.63,1
1048.12,1
5932.6,1
1971.75,2
22525.37,1
4674.62,1
11900.61,1
6727.18,1
1848.17,1
7287.16,1
2294.49,1
18513.0,1
3205.87,1
722.51,1
2705.94,1
3942.55,1
12686.56,1
7967.81,1
12147.23,1
1261.48,1
1066.65,1
2830.85,1
7549.39,1
4802.14,1
4898.87,1
5681.4,1
4908.76,1
6621.33,1
564.39,1
2797.58,1
4411.46,1
716.62,1
307.2,1
3288.73,1
10487.06,1
9044.51,1
787.98,1
4017.73,1
22067.71,1
1873.73,1
858.16,1
451.27,1
6699.88,1
4917.0,1
1255.81,1
5973.65,1
8113.21,1
3129.92,1
7461.86,1
11715.7,1
2913.56,1
10418.53,1
4228.0,1
22496.34,1
523.25,1
10376.32,1
11939.34,1
4844.94,1
9183.06,1
1963.77,1
11387.85,1
5997.87,1
4086.63,1
7930.57,1
3056.77,1
2706.2,1
4390.15,1
7874.23,1
1562.41,1
7864.4,1
13150.57,1
12112.68,1
3675.54,1
2907.77,1
16628.98,1
11377.49,1
18255.11,1
9763.3,1
3622.62,1
8157.16,1
12769.0,1
9662.29,1
5621.07,1
21609.39,1
3696.09,1
1231.75,1
7209.11,1
6617.44,1
17187.47,1
11980.03,1
14059.22,1
21477.48,1
1508.59,1
13408.07,1
19668.26,1
21142.83,1
254.31,1
8391.59,1
11524.87,1
4234.62,1
10782.96,1
8406.07,1
4636.06,1
7209.74,1
9966.12,1
6373.26,1
9680.55,1
1660.65,1
2648.1,1
18191.29,1
1009.07,1
87.02,2
16970.74,1
2378.08,1
16542.88,1
8255.44,1
7168.39,1
1743.5,1
4359.32,1
7504.38,1
413.19,1
11519.32,1
8474.15,1
1305.82,1
4249.71,1
8893.03,1
7207.4,1
5771.62,1
873.81,1
5741.11,1
2602.06,1
18328.14,1
12023.79,1
1839.48,1
677.41,1
1555.73,1
3532.72,1
548.2,1
957.08,1
11618.69,1
10300.93,1
17767.91,1
10168.97,1
6908.86,1
463.19,1
12692.66,1
403.45,1
19521.8,1
6751.39,1
8606.8,1
4042.07,1
11287.33,1
5647.63,1
15851.08,1
11237.94,1
5115.26,1
20696.0,1
543.66,1
10932.61,1
16821.72,1
10566.43,1
7987.73,1
6379.3,1
2926.74,1
6236.67,1
1032.26,1
2230.84,1
185.04,1
2852.13,1
1565.93,1
3500.94,1
1343.84,1
9156.43,1
5328.02,1
9170.12,1
22631.4,1
15636.3,1
3850.98,1
7315.22,1
16968.41,1
26.6,1
14480.18,1
6893.22,1
4226.33,1
3035.26,1
12649.73,1
6397.85,1
11896.66,1
3050.67,1
722.88,1
3837.3,1
668.03,1
3557.69,1
1669.92,1
9664.28,1
1189.61,1
5116.14,1
8729.7,1
8031.51,1
3581.47,1
478.35,1
3550.46,1
12519.19,1
1672.2,2
12456.02,1
1892.71,1
11124.7,1
1946.03,1
15837.76,1
4284.21,1
6404.15,1
449.11,2
5551.64,1
2639.08,1
3729.67,1
2434.84,1
14518.67,1
13739.99,1
8704.48,1
4996.35,1
15157.04,1
21041.39,1
20848.27,1
2762.18,1
385.56,1
390.69,1
5371.7,1
1806.69,1
8928.9,1
13018.64,1
1076.1,1
5702.08,1
4540.72,1
8731.1,1
7756.32,1
3753.69,1
19110.75,1
357.23,1
20761.89,1
2053.89,1
14728.8,1
9919.18,1
16978.15,1
566.67,1
4733.72,1
20327.59,1
14034.38,1
12160.39,1
10097.81,1
283.75,1
5139.59,1
17437.45,1
306.28,1
600.6,1
4698.29,1
3955.93,1
13544.43,1
2586.93,1
19369.96,1
1960.46,1
3076.05,2
5288.17,1
2729.1,1
7126.94,1
4199.8,1
1648.98,1
13810.41,1
2500.18,1
11252.8,1
3752.04,1
752.54,1
7261.16,1
13485.56,1
662.06,1
109.5,1
5311.17,1
3013.11,1
11806.12,1
3554.09,1
2163.95,1
22707.27,1
3578.26,1
2900.24,1
1860.06,1
10206.14,1
6979.47,1
1361.22,1
10724.59,1
1407.47,1
3236.84,1
7254.17,1
2200.53,1
17198.53,1
7164.6,1
3115.72,1
2589.89,1
12742.78,1
811.8,1
13666.72,1
8533.02,1
3209.99,1
910.88,1
4255.32,1
222.25,1
9706.26,1
6444.68,1
174.15,1
1944.75,1
6113.5,1
6795.88,1
4750.89,1
960.27,1
3012.89,1
7428.15,1
7013.02,1
3200.27,1
5018.65,1
12243.54,1
4552.34,1
3718.51,1
3395.6,1
581.18,1
16910.67,1
2624.52,1
3426.94,1
2793.83,1
5395.4,1
1028.19,1
16009.08,1
2334.45,1
2623.99,1
5104.71,1
4721.1,1
15947.36,1
3398.68,1
3216.64,1
4468.96,1
5060.96,1
14157.39,1
767.4,1
8235.06,1
17810.0,1
8078.82,1
654.25,1
2510.2,1
2381.33,1
1891.68,1
1349.03,1
6932.27,1
17666.19,1
3060.84,1
5113.27,2
4521.25,1
11966.98,1
4948.7,1
808.77,1
2280.98,1
3510.77,1
17958.79,1
15477.07,1
8356.27,1
5914.56,1
9459.84,1
9838.08,2
6214.56,1
3011.35,1
832.77,1
1734.15,1
11578.01,1
5083.63,1
530.12,1
1340.5,1
13305.16,1
8682.26,1
779.38,1
8061.87,1
7887.78,1
2770.71,1
4993.18,1
3525.52,1
1651.39,1
829.69,1
2258.08,1
2331.88,1
2289.14,1
1567.57,1
108.12,1
9289.73,1
5732.27,1
13236.3,1
18533.13,1
6217.57,1
4771.59,1
17244.63,1
14441.24,1
1668.39,1
3258.75,1
11061.3,1
4510.63,1
11874.37,1
8215.87,2
12656.54,1
17439.34,1
5549.09,1
23828.37,1
3260.83,1
1310.52,1
4293.81,1
3578.04,1
8639.77,1
649.54,1
9688.13,2
3748.07,1
594.63,1
14990.46,1
2962.33,1
14346.66,1
9237.49,1
2604.93,1
19747.47,1
2672.67,1
13836.53,1
1587.39,1
7871.36,1
6091.38,1
1546.97,1
7415.91,1
3630.26,1
5087.07,1
719.18,1
7156.56,1
3673.86,1
6014.63,1
5713.77,1
9151.47,1
11429.81,1
7863.05,1
5907.76,1
18145.24,1
1870.51,1
14769.72,1
15337.87,1
17228.9,1
8219.48,1
1878.09,1
9645.1,1
5250.23,1
2555.75,1
6450.28,1
141.0,1
4148.03,1
1643.29,1
20649.56,1
1381.91,1
16124.5,1
7405.6,1
163.53,1
1892.7,1
8574.13,1
4481.3,1
9677.35,1
4919.98,1
14434.3,1
9906.46,1
1788.46,1
6062.44,1
3864.03,1
3406.67,1
1612.05,1
4693.31,1
5300.18,1
11403.51,1
3180.09,1
11873.32,1
2422.16,1
7449.16,1
12024.66,1
7093.76,1
9332.2,1
14972.37,1
14895.18,1
8121.55,1
2904.1,1
1514.9,1
7072.45,1
10771.48,1
5716.34,1
3415.07,1
6417.26,1
16531.82,1
6406.34,1
4795.99,1
6573.21,1
7505.57,1
18640.04,1
5990.31,1
6553.33,1
11033.72,1
5536.55,1
3940.57,1
287.83,1
1488.23,1
6585.78,1
4027.23,1
3914.27,1
2745.58,1
16868.3,1
16876.98,1
3796.89,1
1149.44,1
10082.61,1
12707.89,1
5030.14,1
538.76,1
5589.36,1
5189.52,1
3224.32,1
15859.56,1
13479.52,1
7522.18,1
16506.62,1
4062.16,1
9619.29,1
581.76,1
9984.29,1
10388.98,1
1393.71,1
7925.43,1
5462.2,1
5437.66,1
2942.95,1
3254.69,1
1095.75,1
17339.56,1
9560.34,1
17264.04,1
18477.29,1
3840.73,1
9436.39,1
5578.11,1
984.91,1
16008.01,1
2329.84,1
4085.5,1
3862.98,1
10701.68,1
2479.22,1
8541.51,1
7869.24,1
12694.53,1
2776.08,1
2996.63,1
1458.02,1
2421.65,1
2430.33,1
6984.01,1
4604.39,1
2619.57,1
6236.82,1
3328.35,1
17735.24,1
17102.01,1
3312.13,1
560.98,1
1397.49,1
3025.97,1
6022.83,1
7651.85,1
5670.49,1
21244.82,1
2122.69,1
6173.94,1
12716.9,1
4359.29,1
15172.64,1
2745.48,1
5786.73,1
7587.46,1
967.98,1
2618.61,1
1772.68,1
1283.14,2
7857.33,1
11457.43,1
15811.62,1
11830.73,1
3287.36,1
19830.25,1
9506.03,1
4162.14,1
9342.91,1
1243.81,1
4985.95,1
805.88,1
9478.58,1
14453.32,1
5590.94,1
17085.7,1
7220.09,1
3222.87,1
24363.72,1
13099.49,1
6650.4,1
4123.17,1
8345.54,1
4328.44,1
3726.43,1
7352.64,1
9053.41,1
5245.93,1
15023.84,1
1341.52,1
410.72,1
2054.45,1
9433.76,1
4419.32,1
11404.34,1
780.52,1
8314.23,1
13102.66,1
8822.81,1
7191.09,1
2695.59,1
11860.48,1
137.28,1
1989.17,1
3881.86,1
4615.21,1
1346.39,1
593.48,1
13693.06,1
4796.38,1
3727.24,1
7036.94,1
9599.23,1
2973.54,1
13889.48,1
3411.33,1
9602.11,1
3904.24,1
3768.57,1
11554.94,1
7820.11,1
1993.81,1
7081.57,1
3192.76,1
7190.92,1
6762.56,1
1191.38,1
12041.1,1
2667.76,1
13438.61,1
6671.45,1
4428.1,1
1345.83,1
5213.42,1
1178.84,1
13865.27,1
22606.01,1
12977.41,2
2790.09,2
6253.4,1
3106.24,1
6465.08,1
16204.54,1
10671.09,1
5195.52,1
4270.93,1
4149.94,1
2122.19,1
15534.77,1
3901.87,1
8700.79,1
3953.99,1
2763.83,1
5953.61,1
3112.83,1
3339.98,1
7075.02,1
17035.99,1
6299.16,1
8569.84,1
12627.07,1
8382.15,1
1386.59,1
20705.66,1
1408.74,1
17290.54,1
1025.94,1
4786.94,1
3850.38,1
641.78,1
1062.82,1
6103.86,1
8691.92,1
645.44,1
2980.21,1
6752.09,1
8771.44,1
11839.69,1
4072.73,1
2549.45,1
4634.18,1
10300.36,1
3168.06,1
7006.34,1
13648.95,1
7503.59,1
9207.24,1
3901.83,1
10053.8,1
1249.34,1
7802.35,1
3545.01,1
2652.25,2
712.96,1
745.34,1
3890.35,1
6676.93,1
996.05,2
2266.53,1
9866.0,1
9991.21,1
4183.83,1
4119.26,1
2016.49,1
18804.17,1
7425.5,1
17216.94,1
15665.4,1
7120.55,1
1206.86,1
12307.74,1
2080.01,1
20777.79,1
6659.08,1
2312.43,1
7543.76,1
10912.83,1
6823.1,1
12762.72,1
3231.5,1
5118.35,1
8803.91,1
3918.09,1
5580.69,1
8443.63,1
11679.72,1
3083.23,1
16758.11,1
445.17,1
3130.66,1
688.75,1
2793.07,1
11855.42,1
17203.66,1
12448.77,1
20807.05,1
12967.75,1
15701.29,1
1856.08,1
8379.86,1
1314.94,1
16250.59,1
6231.58,1
9355.1,1
6763.79,1
3235.91,1
13598.1,1
5839.37,2
1838.16,1
8464.04,2
6115.72,1
2761.33,1
4381.66,1
13158.89,1
1111.48,1
7807.22,2
1197.43,1
1310.22,1
5976.24,1
2604.1,1
11495.11,1
7638.3,1
2407.4,1
3375.68,1
3183.05,2
2639.45,1
3683.96,1
3761.01,1
5231.51,1
6702.54,1
1761.3,1
19651.29,1
12290.43,1
1529.83,1
5803.67,1
6695.86,1
6431.82,2
23039.0,1
14948.88,1
5008.5,1
2434.23,1
992.87,1
13626.1,1
4159.63,1
1583.2,1
14846.23,1
19110.66,1
1770.76,1
1952.26,1
1550.87,1
2998.96,1
24000.67,1
9574.58,1
15452.68,1
1973.72,1
8770.38,1
14700.23,1
99.96,1
5598.93,1
9932.44,1
12024.84,1
9303.08,1
9517.1,1
1807.39,1
7323.86,1
2275.09,1
1631.5,1
20245.0,1
12188.87,1
445.53,1
7676.8,1
7289.43,1
4244.19,1
5255.68,1
4464.68,1
18987.5,1
4221.19,1
6986.07,2
13493.17,1
9428.72,1
6321.79,1
5154.74,1
7423.66,1
5359.13,1
9453.81,1
5873.95,1
5680.45,1
5479.58,1
1169.55,1
2086.51,1
532.12,1
10335.32,1
4426.05,1
1519.8,1
7195.21,1
4621.69,1
7768.38,1
20352.28,1
1597.02,1
2334.16,1
11878.77,1
8298.27,1
790.68,1
9648.52,1
18537.5,1
4115.03,1
5782.73,1
10769.9,1
6745.59,1
5537.31,1
6546.33,1
309.55,1
12848.42,1
816.33,1
15391.08,1
4661.05,1
8618.14,1
8904.25,1
7382.57,1
1518.72,1
13401.33,1
1750.93,1
6047.69,1
3787.78,1
6007.53,1
1565.92,1
6445.99,2
22105.36,1
2193.05,1
6073.07,1
6460.39,1
9118.16,1
3327.27,1
1387.74,1
5969.4,1
233.28,1
18622.89,1
10699.56,1
9013.06,1
5614.36,1
12939.5,1
1313.69,1
1223.83,1
2865.08,1
2502.38,1
4841.68,1
18285.98,1
7511.96,1
7173.05,1
4263.1,1
10537.88,1
9172.46,1
430.25,1
11661.34,1
7469.65,2
2347.09,1
2674.64,1
377.2,2
9759.36,1
2136.39,1
13364.68,1
10597.5,1
3378.15,1
8820.11,1
1071.39,1
2257.91,1
2406.25,1
9285.57,1
616.99,2
10093.77,1
114.51,1
13033.51,1
2263.78,1
1560.84,1
3095.42,1
7436.77,1
880.36,1
10027.15,1
2436.85,1
2963.8,1
6546.75,1
5129.5,1
2476.19,1
19813.86,1
21226.95,1
16208.15,1
15223.87,1
4710.69,1
5514.46,1
4017.24,1
1356.36,1
2173.95,1
7688.19,2
6586.87,1
5043.61,1
2525.31,1
3420.84,1
1563.28,1
10985.55,1
8422.25,1
15711.07,1
245.42,1
9196.23,1
8187.75,1
17261.04,1
4094.53,1
4901.02,1
5706.32,1
5115.87,1
1793.56,1
2346.26,1
16210.04,1
3445.77,1
2918.59,1
11381.62,1
1437.47,1
1375.77,1
6793.13,1
12109.93,1
3662.1,1
12542.69,1
2603.05,1
16701.81,1
3819.43,1
13234.29,1
19977.18,1
5500.87,1
10932.08,1
9137.77,1
3751.11,1
16335.77,1
19163.73,1
279.44,1
6391.57,1
3935.14,1
4047.68,1
19036.63,1
16417.19,1
288.96,1
2361.1,1
6261.8,1
3197.03,1
2858.95,1
5514.19,1
4672.3,1
1103.7,1
2491.06,1
2897.59,1
7547.19,1
2346.71,1
2361.62,1
13890.15,1
18643.4,1
2725.75,1
1561.85,1
11408.0,1
2806.4,1
16018.67,1
7576.0,1
2497.71,1
10014.86,1
19176.66,1
2454.12,1
2151.91,1
5111.5,1
7786.13,1
2444.19,1
12158.15,1
7872.66,1
434.89,1
273.46,1
6086.99,1
3247.4,1
8622.4,1
8700.04,1
14295.55,1
7109.84,1
9249.16,1
2192.04,1
4105.22,1
18736.28,1
17578.54,1
4106.57,1
9239.36,1
9935.1,1
3072.0,1
12217.15,1
21241.42,1
2989.14,1
5692.57,1
3202.68,1
5652.44,1
18735.99,1
11962.34,1
16943.34,1
4376.94,1
14635.81,1
2144.45,1
1794.53,1
2386.32,1
8175.51,1
12667.9,1
7916.61,1
7571.63,1
139.13,1
12528.45,1
4343.77,1
6089.26,1
3045.2,1
3754.02,1
5942.12,1
7225.31,1
19998.96,1
393.56,1
12481.96,1
10065.78,1
8126.91,1
11837.91,1
7956.31,1
4787.49,1
4914.87,1
15779.77,1
1046.48,1
2680.82,1
23422.41,1
10518.63,1
17637.33,1
3769.22,1
670.29,1
9818.35,1
3190.06,1
3116.98,1
14023.47,1
2747.64,1
2487.89,1
18784.61,1
22029.54,1
4987.05,1
909.62,1
4573.73,1
6726.47,1
419.89,1
1739.39,1
13276.18,1
5255.41,1
374.61,1
8136.87,1
16005.93,1
5552.63,1
3478.74,1
11087.87,1
12954.91,1
3469.91,1
1210.7,1
9885.23,1
4209.71,1
800.48,1
121.84,1
7157.9,1
6032.51,1
6825.24,1
3788.66,1
19726.92,1
2995.21,1
2472.15,1
4060.79,1
6878.15,1
9191.76,1
17087.46,1
5424.4,1
16562.76,1
1287.08,1
1779.07,3
4812.25,1
1992.5,1
14092.45,1
8551.31,1
3674.5,1
6706.03,1
16940.71,1
3730.08,1
3358.81,1
2810.39,1
18425.57,1
493.54,1
22971.59,1
1026.02,1
13149.7,1
3032.66,1
2995.92,1
7429.84,1
3178.94,1
1629.09,1
12081.27,1
5531.17,1
3538.39,1
2498.55,1
666.94,1
15172.33,1
3370.05,1
17901.4,1
2597.35,1
15020.51,1
12045.89,1
16305.17,1
10626.05,1
5281.45,1
1911.11,1
16432.4,1
9377.46,1
5092.08,1
1742.35,1
3883.74,1
16688.13,1
3474.03,1
10658.17,1
1680.71,1
5930.81,1
576.73,1
1874.79,2
3121.59,1
4156.32,1
3144.1,1
10350.8,1
8164.36,1
19030.98,1
4414.1,1
1044.81,1
12759.29,1
5092.91,1
2980.43,1
4239.17,1
11847.6,1
20297.15,1
21094.65,1
14490.78,1
209.02,1
748.66,1
10232.31,1
9510.81,1
4352.47,1
6756.21,1
1214.66,1
16696.21,1
4088.67,1
15312.96,1
3277.37,1
9415.29,1
9264.01,1
24814.91,1
3375.66,1
3441.94,1
15463.14,1
3438.66,1
9318.23,1
5117.45,1
11653.88,1
16740.36,1
9792.47,1
1775.72,1
15386.23,1
7136.78,1
9593.28,1
2275.69,1
3811.67,2
13066.47,1
3303.97,1
8533.21,1
20042.12,1
4249.07,1
10645.82,1
20897.86,1
1162.41,1
11226.1,1
1802.84,1
2128.72,1
1350.33,1
1419.63,2
6747.89,1
8167.96,1
11818.34,1
2353.7,1
12384.56,1
3939.41,1
5451.05,1
10071.92,1
3445.11,1
3023.67,1
5201.84,1
3464.22,2
4172.79,1
533.18,1
5006.71,1
5835.29,1
16980.43,1
3214.04,1
621.14,1
10365.85,1
16580.43,1
3118.42,1
2678.93,1
9914.45,1
2675.91,1
4105.18,1
438.08,1
17078.78,1
14887.29,1
5443.43,1
7231.84,1
21413.66,1
2176.12,1
27.93,1
7933.22,1
552.61,1
7932.71,1
505.04,1
816.98,1
18071.65,1
6548.72,1
1574.73,1
2695.15,1
3376.15,1
13196.34,1
8807.6,1
4602.37,1
10280.74,1
16592.34,1
9864.43,1
16342.95,1
4018.39,1
413.82,1
18089.64,1
7794.76,1
5718.31,1
2962.89,2
3276.3,1
567.5,1
6419.05,1
1450.99,1
5441.45,1
3271.29,1
2246.4,1
263.55,1
4517.06,1
191.99,2
18718.22,1
3951.48,1
6008.53,1
474.9,1
4220.72,1
416.2,2
6735.58,1
5953.15,1
10601.51,1
225.79,1
7190.08,1
18204.2,1
4981.8,1
2291.46,1
2103.32,1
3854.43,1
81.83,1
4953.51,1
9867.26,1
2634.35,1
20045.04,1
3964.79,1
18366.79,1
14643.64,1
944.82,1
4023.96,1
8217.39,1
17973.67,1
9496.09,1
11225.47,1
7930.74,1
3284.3,1
4705.1,2
1624.36,1
14692.99,1
17158.51,1
2658.59,1
3636.37,1
2024.55,1
1664.87,1
9715.42,1
312.2,1
788.97,2
6197.98,1
5370.46,1
2173.26,1
14912.01,1
4313.28,1
8100.99,1
2639.73,1
8458.77,1
348.82,1
3200.09,1
5242.72,1
1194.26,1
440.04,1
2436.51,1
3268.64,1
4313.29,1
9425.26,1
1593.52,1
12857.98,1
7823.94,1
12365.94,1
1965.68,1
4496.93,1
265.22,1
383.25,1
2282.76,1
19629.71,1
3761.62,1
4276.41,1
1470.55,1
8745.45,1
2206.7,1
12923.56,1
2536.77,1
2439.27,1
6427.85,1
4774.8,1
2808.15,1
3401.5,1
2108.69,1
12257.44,1
7070.23,1
11895.17,1
2833.13,1
4372.22,1
3968.74,1
3713.05,1
7212.45,1
2229.38,1
7164.07,1
11867.73,1
7274.0,1
19391.65,1
21003.39,1
8896.87,1
9668.18,1
811.37,2
2273.83,1
3144.36,1
3005.29,1
17684.26,1
3319.73,1
1121.43,1
9881.79,2
2700.45,1
6003.81,1
4240.81,1
9079.79,1
7419.17,1
1826.91,1
4379.1,1
16337.91,1
10174.33,2
447.65,1
2400.07,1
2246.63,1
18755.95,1
11857.52,1
8250.45,1
9942.98,1
2740.15,1
355.58,1
5504.95,1
2239.47,1
5655.95,1
9762.75,1
329.71,1
5714.99,1
12322.29,1
1989.73,1
8178.78,1
4112.44,1
14637.58,1
17288.26,1
4761.07,1
12396.83,1
7776.94,1
893.61,1
10774.61,1
19424.82,1
3625.74,1
1312.37,1
6642.63,1
9096.22,1
6934.44,1
2795.85,1
8083.38,1
5193.53,1
2764.97,1
1290.66,1
12459.5,1
2451.87,1
6339.97,1
9319.89,1
8802.52,1
1712.72,1
5339.0,1
19543.94,1
2639.29,1
12097.37,1
1113.92,1
23090.5,1
12224.34,1
2901.21,1
1869.5,1
8042.73,1
11610.3,1
10996.44,1
3347.94,1
2934.78,1
139.75,1
1989.77,1
7223.28,1
16095.9,1
7943.12,1
6927.95,1
2295.34,1
10310.98,1
19915.06,1
17649.17,1
3734.4,1
7442.05,1
11508.41,1
5320.75,1
7803.13,1
1223.01,1
15467.97,1
6692.78,1
13140.02,1
19553.12,1
7179.13,1
3836.65,1
4961.42,1
15125.87,1
12263.92,1
7262.41,1
11383.15,1
1733.5,1
900.38,1
6090.56,1
3437.78,1
23466.07,1
5789.03,1
6666.18,1
18546.15,1
17406.41,1
3052.06,1
14848.69,1
1730.02,1
8862.32,1
223.49,1
7725.24,1
1272.59,1
10533.08,1
4690.12,1
170.14,1
4448.9,1
5629.57,1
4760.88,1
8886.92,1
2819.61,1
4405.53,1
12255.64,1
8709.01,1
1461.25,1
12075.55,1
5366.48,1
4083.91,1
431.7,1
7742.04,1
4821.76,1
10534.23,1
350.88,1
2242.32,1
26.15,1
1320.48,2
5416.91,1
13361.36,1
4685.64,1
9910.42,1
92.24,1
6422.7,1
3917.53,1
15782.28,1
13197.74,1
2790.83,1
8790.47,1
3612.5,1
7844.8,1
6990.78,1
11231.72,1
6578.81,1
8479.3,1
13768.8,1
13134.71,1
2231.26,1
3249.88,1
10984.28,1
1411.45,1
14475.0,1
9775.85,1
1986.38,1
2789.56,1
1694.87,1
11156.0,1
10521.48,1
8591.57,1
802.73,1
3825.28,1
9831.13,1
2893.33,1
1650.97,2
6975.02,1
2530.15,1
9488.67,1
15373.24,1
8307.64,1
1561.75,1
5711.02,1
4337.57,1
3230.17,1
4288.26,1
1815.45,1
335.01,1
4081.89,1
9474.88,1
6645.31,1
16751.98,1
9998.43,1
6332.87,1
547.44,1
946.37,1
383.14,2
5304.99,1
9795.22,1
7411.55,1
13937.76,1
3013.01,1
2761.99,1
2702.11,1
3446.43,1
17942.36,1
4475.66,2
2765.95,1
3058.01,1
3149.75,1
18824.49,1
1322.15,1
1227.59,1
9649.21,1
4409.98,1
7720.19,1
4356.31,1
1968.62,1
8764.29,1
592.25,1
13188.02,1
7558.57,1
7329.25,1
14001.08,1
6094.13,1
4541.29,1
2455.58,1
3855.63,1
12221.59,1
2232.12,1
16516.21,1
2379.56,1
15722.09,1
7117.22,1
12957.38,1
832.66,1
12111.14,1
8388.94,1
1840.51,1
2434.32,1
16445.97,1
2199.45,1
1154.4,1
3539.05,1
785.01,1
1737.69,1
14009.06,1
1625.99,1
739.54,1
2868.93,1
14926.17,1
3813.55,1
1412.84,1
11945.96,1
1133.37,2
2484.81,1
1898.75,1
3630.78,1
12263.71,1
10109.7,1
1116.26,1
16143.23,1
4711.16,1
1874.0,1
4201.19,1
290.35,1
12517.12,1
16068.7,1
12115.99,1
3806.2,1
14914.38,1
15177.92,1
2592.88,1
4567.09,1
4285.88,1
11963.15,1
2345.51,1
519.06,1
12230.72,1
2401.45,1
3799.69,1
13595.29,1
1384.75,1
5229.45,1
272.79,1
8797.84,1
7127.92,1
5664.14,1
14680.3,1
2324.37,1
4090.88,1
12015.97,2
10837.26,1
15780.27,1
6838.78,1
18374.26,1
7783.98,1
11858.1,1
3079.9,1
1428.87,1
4829.81,1
3301.22,1
8769.16,1
7678.27,1
2867.92,1
5953.39,1
4695.54,1
8236.68,1
8710.38,1
10515.42,1
2262.7,1
1476.33,1
9656.99,1
3388.48,1
20814.88,1
6869.34,1
16760.46,1
1172.07,1
16594.93,1
17854.08,1
697.61,1
3731.55,1
3707.28,1
11793.23,1
8256.85,1
5453.48,1
9072.33,1
3197.04,1
7824.64,1
14126.8,1
1345.82,1
3325.53,1
15776.78,1
893.79,1
1848.47,1
15037.82,1
14400.48,1
9056.78,1
3316.27,1
2733.31,1
20711.9,1
1943.78,1
2705.37,1
7429.7,1
3310.76,1
9149.87,1
13174.9,2
4277.46,1
15672.17,1
638.35,1
3658.79,1
5176.23,1
7702.78,1
7235.08,1
2222.8,1
9543.08,1
6495.6,1
3511.35,1
21836.23,1
3074.56,1
3503.57,1
2900.3,1
19027.98,1
3374.14,1
868.8,1
12054.14,1
7952.93,1
9638.12,1
5512.0,1
6899.57,1
15905.09,1
6338.15,1
11418.16,1
6085.22,1
4811.43,1
1188.11,1
4056.64,1
349.94,1
14464.71,1
5794.75,1
8547.41,1
2961.23,1
1523.65,1
5348.63,1
872.12,1
6282.49,1
6306.81,1
1476.34,1
4845.65,1
1258.45,1
11271.67,1
8523.43,1
1855.58,1
11787.08,1
3896.31,1
5068.7,1
629.14,1
2011.51,1
8783.9,1
4392.99,1
8637.77,1
2658.14,1
6837.09,1
8203.13,1
5669.24,1
953.27,1
13134.75,1
4735.4,1
1336.81,1
16952.53,1
3866.54,1
9859.94,1
1900.79,1
13419.72,1
8857.58,1
14017.94,1
9184.36,1
5682.82,1
8864.15,1
1840.96,1
6131.42,1
14559.55,1
3899.03,1
448.97,1
2942.86,1
5907.95,1
447.48,1
1461.47,1
302.55,1
1089.25,1
12985.62,1
4915.85,1
14813.47,1
16927.86,1
19190.27,1
2346.02,1
1281.58,1
2511.39,1
3175.07,1
11818.48,1
7896.03,1
12605.45,1
10922.11,1
1865.12,1
3828.33,1
2624.72,1
4339.03,1
8778.55,1
9868.94,1
643.31,1
15331.34,1
549.23,1
669.38,1
9071.05,1
3165.74,1
6947.33,1
6655.92,1
2562.42,1
2115.64,2
17506.85,1
2362.29,1
9715.94,1
2254.04,1
12279.18,1
2535.82,1
1100.36,1
1203.56,1
4398.15,1
3829.94,1
22727.1,1
14377.38,1
1800.72,1
3706.96,1
3557.38,1
11024.23,1
4884.66,1
5784.15,1
9476.79,1
1843.86,1
15062.89,1
9629.05,1
9746.08,1
5661.84,1
3483.68,1
11242.18,1
5385.23,1
11463.23,1
19166.8,1
1908.19,1
21510.83,1
6537.66,1
2536.8,1
1135.2,1
4163.89,1
11218.29,1
1231.78,1
6904.08,1
3682.92,1
1418.9,1
350.14,1
315.44,1
3609.59,1
25.45,1
15146.91,1
5770.47,1
2981.39,1
8895.04,1
8977.7,1
3693.36,1
8228.54,1
2805.28,1
3730.62,1
12635.9,1
7707.29,1
20919.91,1
11543.32,1
4101.28,1
4613.36,1
20831.28,1
4163.08,1
6976.09,1
4588.59,1
22659.46,1
4344.73,1
10830.16,1
3650.58,1
7822.58,1
2160.32,1
6880.21,1
5052.76,1
12609.07,1
1392.74,1
19272.77,1
3997.26,1
8790.57,1
1395.53,1
1463.98,1
3601.7,1
6035.44,1
8061.12,1
12567.98,1
13663.71,1
842.12,1
4388.87,1
4942.03,1
8616.83,1
5561.7,1
3376.99,1
10142.63,1
7543.47,1
8285.33,1
3526.27,1
5096.39,1
14587.59,1
7383.64,1
3156.27,1
5335.13,1
12366.32,1
1266.19,1
6016.34,2
8916.82,1
11987.13,1
7140.21,1
10238.52,1
614.47,1
6863.16,1
2108.66,1
14371.03,1
8673.48,1
625.72,1
1063.68,1
15769.18,1
6969.66,1
5391.61,1
742.65,1
1170.73,1
4062.29,1
6587.14,1
21364.38,1
18197.83,1
5673.4,1
9678.79,1
2522.12,1
6204.27,1
10864.74,1
14410.59,1
15764.78,1
20006.56,1
4461.28,1
12628.82,1
4537.9,1
536.84,1
11248.28,1
14640.75,1
3369.4,1
8930.3,1
17578.32,1
4023.22,1
1293.56,1
3895.15,1
11799.92,1
8126.83,1
3669.77,1
1310.14,1
5727.11,1
4104.47,1
5401.43,1
3000.64,1
19732.84,1
4123.61,1
3752.22,1
1327.51,1
365.81,1
6337.58,1
3943.87,1
1306.79,1
12676.71,1
11387.67,1
6994.58,1
13362.59,1
5457.14,1
9733.98,1
7374.3,1
4322.59,1
6055.05,1
4539.24,1
13353.63,1
2742.67,1
3020.61,1
4920.1,1
899.76,1
23262.93,1
4078.33,1
8270.88,1
11998.07,1
18685.56,1
9967.05,1
2400.78,1
1899.6,1
7114.27,1
15285.3,1
834.99,1
6613.04,1
3139.4,1
17291.25,1
5814.93,1
1291.58,1
10498.53,1
6537.92,1
13162.04,1
2752.16,1
7470.31,1
4998.95,1
4050.65,1
9750.29,1
18488.96,1
9262.79,1
6809.73,1
4994.25,1
2483.07,1
18875.83,1
10457.01,1
2433.9,1
7092.33,1
7943.53,1
16832.08,1
3739.49,1
14363.87,1
8630.49,1
11922.18,1
2929.36,1
1181.93,1
2813.72,1
14189.1,1
7553.02,1
4364.25,1
3607.59,1
1173.75,1
6106.06,1
20600.84,1
8520.39,1
5360.77,1
3062.54,1
10804.52,1
10964.11,1
15275.43,1
5958.72,1
3088.89,1
7859.39,1
5101.55,1
7973.53,1
4830.61,1
79.0,2
2960.62,1
664.22,1
10355.86,1
13286.19,1
5643.56,1
9902.77,1
7975.84,1
6251.21,1
2422.0,1
3978.05,1
5792.23,1
10025.15,1
10662.57,1
4252.33,1
2660.63,1
3891.15,1
7628.8,1
12136.74,1
13322.41,1
2466.86,1
3767.08,1
3811.03,1
3080.7,2
3423.04,1
7165.3,1
15540.43,1
3748.6,1
10475.3,1
8835.95,1
21431.27,1
3398.98,1
11873.18,2
2263.17,1
1426.41,1
3143.11,1
1166.01,1
4481.63,1
2554.05,1
6197.26,1
17575.12,1
109.81,1
5810.73,1
1881.96,1
14193.49,1
6034.21,1
4446.32,1
10390.38,1
1575.08,1
10241.53,1
317.9,1
7806.6,1
1273.59,2
3323.2,1
1641.8,1
4024.98,1
3810.22,1
8212.55,1
10064.63,1
12739.37,1
8365.29,1
17576.82,1
4121.54,1
6923.06,1
12197.71,1
297.64,1
6372.72,1
8693.91,1
16821.5,1
16300.65,1
7750.6,1
4288.03,1
11502.01,1
3551.98,1
16906.47,1
1562.39,1
3272.93,1
1360.48,2
3645.36,1
5809.68,1
7678.87,1
5013.6,1
12038.35,1
4234.15,1
14286.91,1
9524.25,1
1411.51,1
1413.53,1
3594.0,1
8399.42,1
7561.18,1
6765.64,1
6535.02,1
3078.28,1
1055.93,1
8354.79,1
8175.99,1
1989.91,1
3825.59,1
2263.26,1
14567.76,1
12058.13,1
111.79,1
23931.2,1
4298.68,1
607.07,2
15729.75,1
3693.12,1
3001.92,1
13184.85,1
16406.49,1
9632.59,1
7653.1,1
21837.43,1
9490.31,1
8680.45,1
142.92,1
3307.15,1
18143.33,1
7731.46,1
6875.12,1
16343.89,1
20043.83,1
14892.33,1
12923.82,1
7303.14,1
2661.38,1
3859.09,1
316.61,1
6999.67,1
9769.49,1
2276.61,2
7753.65,1
13533.6,1
2769.25,1
21749.72,1
475.52,1
6769.67,1
2481.08,1
9491.59,1
6302.71,1
1824.71,1
2903.83,1
1341.66,1
6525.3,1
9668.07,1
4881.59,1
1569.38,1
9983.38,1
5471.91,1
1200.12,1
2133.73,1
14103.54,1
2753.3,1
3534.85,1
13263.79,1
1133.8,1
960.29,1
2918.53,1
9888.95,1
8427.04,1
7787.53,1
2203.02,1
3793.6,1
9062.02,1
10009.45,1
4627.76,1
8628.96,1
3619.27,1
5077.56,1
2267.0,1
5683.54,1
8736.85,1
125.8,1
6442.68,1
12041.52,1
3235.84,1
8222.46,1
2917.82,1
2997.87,1
13114.92,1
15632.4,1
2657.44,1
9270.54,1
1213.49,1
1022.03,1
10348.0,1
7309.26,1
14654.94,1
3095.14,1
3191.97,1
9115.47,1
3943.85,1
3000.83,1
8506.3,1
22818.48,1
6301.67,1
3270.67,1
3114.21,1
16525.53,1
14338.08,1
6176.67,1
9502.24,1
949.45,1
17077.06,1
7135.01,1
192.9,1
2927.98,1
454.34,1
3833.1,1
10583.61,1
18790.13,1
737.45,1
4464.47,1
7795.58,1
3102.15,1
3651.4,1
6263.92,1
19292.28,1
16576.06,1
1729.53,1
951.3,1
1334.32,1
4307.36,1
9816.81,1
11374.78,1
4701.4,1
4531.31,1
16946.86,1
10362.59,1
3568.06,1
5516.16,1
202.41,1
1627.3,1
13088.5,1
12443.85,1
14829.34,1
3173.23,1
4439.65,1
20480.99,1
6450.67,1
3179.99,2
5378.67,1
8008.41,1
10158.44,1
3203.73,1
5954.75,1
7430.53,1
9150.94,1
7263.39,1
5310.04,1
181.34,1
321.25,1
12885.43,1
9026.18,1
119.88,1
3787.74,1
7267.8,1
7945.27,1
19663.22,1
1815.43,1
9526.01,1
10956.07,1
709.26,1
19376.98,1
17331.75,1
3409.09,1
2684.42,1
11112.86,1
4762.44,1
5329.36,1
12757.55,1
11906.31,1
8643.76,1
618.78,2
8758.96,1
95.18,1
2499.46,1
1205.57,1
11403.82,1
1409.58,1
15920.12,1
16566.29,1
1281.05,1
5843.03,1
20562.88,1
3501.49,1
6656.21,1
2075.68,1
4409.49,1
9857.77,1
5951.61,1
7004.28,1
857.7,1
984.44,1
557.34,1
2683.05,1
6017.57,1
12553.74,1
7492.34,2
7003.72,1
14822.73,1
9434.83,1
10846.58,1
12121.97,1
5636.52,1
6263.0,1
404.33,1
1768.57,1
3307.6,1
1786.25,1
8295.48,1
214.24,1
13819.78,1
8382.03,1
4051.32,1
3070.49,1
10370.28,1
8428.0,2
1103.62,1
13734.05,1
117.96,1
2287.93,1
22060.7,1
7641.14,1
1258.04,1
6402.86,1
4138.74,1
7080.6,1
3499.55,1
13288.15,1
5453.79,1
1307.86,1
2063.13,1
1705.03,1
5131.29,1
2826.07,1
12928.78,1
6341.61,1
3012.06,1
18156.5,1
16121.83,1
15437.07,1
13366.25,1
6754.01,1
8669.68,1
8633.97,1
524.3,1
11662.77,1
2020.41,1
13828.41,1
2754.05,1
11958.29,1
1549.02,1
307.72,1
125.61,1
3572.14,1
1560.29,1
5313.77,1
1769.7,1
3619.31,2
12962.5,1
743.5,1
2687.59,1
5478.18,1
16297.87,1
4372.96,1
22477.08,1
7883.42,1
14394.98,1
8613.77,1
6687.17,1
5810.57,1
5797.71,1
153.37,1
21726.65,1
2266.36,1
2497.98,1
2662.29,1
8875.25,1
4683.51,1
3920.95,1
1341.38,1
742.57,1
2673.65,1
12891.07,1
10117.03,1
3961.28,1
8482.97,1
268.43,1
1745.72,1
1565.71,1
739.35,1
9286.46,1
19346.57,1
4462.11,1
11439.87,1
6370.51,1
9886.01,1
14609.19,1
1666.02,1
2931.39,1
13320.6,1
14290.81,1
11009.78,1
5891.9,1
471.75,1
4716.58,1
7014.13,1
15904.92,1
20626.98,1
3327.45,1
5420.11,1
3743.58,1
15003.21,1
2831.06,1
1899.96,1
4094.4,1
11137.57,1
6988.72,1
3197.66,1
56.3,1
3080.75,1
14535.35,1
77.3,1
20141.94,1
6160.63,1
10250.33,1
18491.92,1
1650.02,1
6061.56,1
6099.23,1
7447.6,1
278.19,1
11733.6,1
1286.72,1
8388.39,1
1052.17,1
21491.81,1
6696.06,1
9946.57,1
11707.63,1
18575.32,1
183.31,1
538.87,1
5999.99,1
2764.73,1
20151.56,1
2432.23,1
11939.02,1
687.64,1
9163.58,1
1756.42,1
3274.25,1
11241.56,1
13612.66,1
18169.88,1
17517.92,1
6672.93,1
5758.43,1
18479.08,1
2876.62,1
21958.76,1
2563.85,1
7431.5,1
4161.19,1
3853.08,1
4488.29,1
8077.06,1
3106.26,1
5579.05,1
10361.69,1
11369.58,1
7526.29,1
1278.49,1
1603.68,1
7917.82,1
10158.53,1
5387.53,1
2217.26,1
1206.44,1
180.2,1
20208.25,1
2229.35,1
5828.92,1
2498.54,1
21092.77,1
2440.0,1
9796.75,1
6618.75,1
4822.31,1
231.7,1
9540.11,1
8877.57,1
797.08,1
650.07,2
7694.74,1
6289.38,1
310.6,1
2777.87,2
11836.59,1
5947.31,1
9653.41,1
9115.68,1
7644.94,1
7417.32,1
16467.77,1
12705.68,1
14785.38,1
1309.01,1
190.07,1
13312.25,1
18442.49,1
4385.29,1
6697.88,1
2928.95,1
4844.19,1
14432.45,1
4001.25,1
560.86,1
3186.86,1
21495.17,1
2006.91,1
788.38,1
3266.28,1
1884.54,1
2077.29,1
7982.87,1
7155.76,2
1884.42,1
10899.12,1
8873.4,1
3750.09,1
1399.6,1
2763.71,1
4722.25,1
17616.66,1
10638.19,1
17665.63,1
6393.07,1
6439.24,1
14814.67,1
5613.55,1
8754.9,1
6241.96,1
2368.07,1
8427.57,1
10778.46,1
3397.28,2
3814.82,1
14852.09,1
8312.2,1
12680.3,1
3174.27,1
11558.97,1
14907.76,1
6323.75,1
13087.39,1
857.11,1
20208.47,1
8070.09,1
4178.54,1
6819.4,1
1489.11,1
13020.15,1
6534.47,1
6254.21,1
2236.62,1
12646.32,1
2492.31,1
79.32,1
8487.2,1
6782.79,1
4194.22,1
2491.42,1
4608.65,1
7412.63,1
3067.56,1
14569.5,1
3711.05,1
4739.25,1
2843.44,1
9961.55,1
2533.71,1
2707.11,2
7770.83,1
4634.15,1
8412.39,1
2459.26,1
2376.2,1
15912.61,1
5825.09,1
2582.51,2
14446.16,1
1539.01,1
11101.2,1
406.56,1
6531.96,1
11860.21,1
11360.8,1
4354.2,1
4508.96,1
7432.9,1
1728.8,1
3331.23,1
10230.11,1
2901.44,1
4778.42,1
19782.95,1
6403.05,1
7455.01,1
8600.49,1
2751.11,1
4216.97,1
6240.17,1
4551.09,1
17875.94,1
8477.77,1
9347.4,1
16011.73,1
5912.98,1
2685.82,1
2195.11,1
902.45,1
13387.37,1
2534.16,1
10784.48,1
3146.23,1
2626.01,1
1279.72,1
9822.69,1
16875.59,1
4509.46,1
725.4,1
17686.75,1
3707.19,1
3469.21,1
23175.68,1
2980.92,1
2272.24,1
3127.85,1
7230.86,1
11850.44,1
1411.76,1
19838.43,1
7701.69,1
9474.37,1
10700.15,1
12295.79,1
19410.07,1
12611.24,1
1366.17,1
5891.29,1
4416.67,1
798.56,1
13481.96,1
3506.09,1
12015.06,1
15205.62,1
7476.27,1
19275.63,1
20520.42,1
4591.99,1
1085.73,1
14821.9,1
3592.45,1
6417.96,1
3688.83,1
11849.15,1
2395.19,1
3228.71,1
9835.66,1
8484.01,1
128.48,1
547.28,1
16877.41,1
6134.97,1
3358.08,1
3949.67,1
8198.78,1
2560.45,1
10546.04,1
7981.46,1
3247.89,1
7596.28,1
19218.84,1
3477.24,1
4078.55,1
7210.37,1
8389.33,1
7206.01,1
444.73,1
4837.07,1
6213.47,1
1727.62,1
747.45,1
3918.51,1
13153.94,1
6027.95,1
4281.02,1
12893.29,1
5730.87,1
15053.74,1
465.19,1
2011.84,1
19275.98,1
1353.58,1
12700.96,1
4176.5,1
6181.67,1
2419.17,1
3352.73,1
1091.49,1
196.79,1
7606.6,1
19250.18,1
6807.87,1
2739.56,1
6351.46,1
9354.41,1
15205.05,1
13134.72,1
12789.08,1
15881.57,1
15874.51,1
13506.95,1
9048.03,1
4184.77,1
14397.33,1
1593.59,1
16842.87,1
7499.67,1
11356.66,1
4718.2,1
3821.34,1
16650.75,1
4331.39,1
4615.74,1
10672.47,1
6632.75,1
3149.52,1
7497.53,1
922.97,1
12475.48,1
8354.18,1
9819.54,1
13094.0,1
15372.13,1
12022.31,1
18817.65,1
931.14,1
1670.14,2
2728.26,1
1720.79,1
7399.69,1
8219.66,1
12464.09,1
3018.82,1
3092.16,1
2114.29,1
9472.77,1
7832.45,1
1998.69,1
18779.83,1
2306.14,1
8839.17,1
2923.47,1
10428.8,1
8262.94,1
4733.5,1
11930.24,1
2749.0,1
15192.74,1
2368.4,1
10405.65,1
8853.64,1
12699.62,1
3062.97,1
15539.15,1
6249.86,1
77.26,1
6675.62,1
7690.61,1
13985.76,1
2306.67,1
6155.7,1
594.49,1
6768.18,1
7257.88,1
2784.63,1
9580.04,1
2699.18,1
15645.22,1
9711.91,1
5242.49,1
8264.19,1
276.97,1
1629.17,1
3973.42,1
579.12,1
7717.91,1
1805.47,1
2328.06,1
8713.35,1
11631.02,1
2280.99,1
1522.62,1
6265.15,1
2492.39,1
755.21,1
8341.14,1
8902.73,1
1261.72,1
3218.48,1
10029.73,1
941.68,1
14571.13,1
3848.36,1
5365.08,1
14756.54,1
5432.1,1
3389.37,1
8423.27,1
12493.91,1
15946.61,1
6065.79,1
5147.95,1
1050.1,1
6930.46,1
7074.15,1
14976.9,1
2952.56,1
6245.88,1
21275.2,1
3863.42,1
1229.2,2
13159.96,1
832.0,1
2953.32,1
16413.35,1
11716.75,1
1776.41,1
651.81,1
6422.34,1
3329.22,1
2485.59,1
5314.65,1
1736.91,1
8054.1,1
2826.73,1
15995.47,1
4321.76,1
5624.96,1
2809.85,1
11527.02,1
4767.43,1
12781.29,1
3644.39,1
18096.4,1
7911.28,1
9696.93,1
3548.45,1
2194.81,1
1368.44,1
4568.08,1
3526.63,1
17177.67,1
2187.1,1
6729.1,1
4031.34,1
716.67,1
11974.52,1
15645.04,1
13250.83,1
1766.03,1
2364.81,1
3056.44,1
6287.36,2
10818.91,1
8124.02,1
1843.67,1
597.58,1
945.69,1
2598.24,1
2631.13,1
3200.37,1
18858.61,1
9161.68,1
11538.09,1
3667.56,1
3894.0,1
13603.24,1
477.06,1
10735.28,1
663.96,1
2693.04,1
1441.4,1
2035.16,1
13054.72,1
6745.16,1
8659.92,1
2448.74,1
7977.77,1
3343.63,1
3358.1,1
2315.45,1
6015.3,1
9511.17,1
3711.54,1
1922.82,1
11929.17,1
14424.48,1
6173.33,1
1288.15,1
19722.4,1
6034.72,1
9376.79,1
2365.46,1
3881.67,1
10824.28,1
3475.91,1
3345.5,1
2229.21,1
7977.7,1
3246.57,1
3582.43,1
13889.45,1
9053.23,1
2283.23,1
5182.62,1
2600.89,1
3607.42,1
15689.34,1
2014.0,1
8289.17,1
15728.66,1
8968.12,1
16689.09,1
9183.91,1
2946.2,1
7208.44,1
429.61,1
5848.54,1
10963.93,1
2109.38,1
16426.2,1
11478.33,1
2345.63,1
941.28,1
1816.36,1
15798.31,1
16528.65,1
5899.6,1
3769.56,1
10901.91,1
8924.05,1
8869.72,1
8025.51,1
7144.26,1
2678.99,1
7789.69,1
18689.29,1
109.37,1
12253.83,1
1915.29,1
1592.55,1
627.11,1
11968.48,1
4784.87,1
5884.65,1
7281.52,1
6700.88,1
12623.87,1
3949.08,1
4063.02,1
2977.04,1
3466.98,1
5860.75,1
16406.09,1
2645.41,1
4544.24,1
6856.32,1
1150.82,1
464.92,1
1236.77,1
7567.37,1
11976.8,1
2503.05,1
7642.9,1
463.22,2
10322.56,1
9805.45,1
483.83,1
7299.44,1
4090.12,1
10915.33,1
817.86,1
6780.12,1
4556.47,1
12284.08,1
8723.84,1
12009.41,1
12610.9,1
8696.91,1
11407.4,1
2636.13,1
13049.68,1
12749.78,1
2987.13,1
868.97,1
5422.88,1
5134.19,1
5036.74,1
4320.43,1
753.31,1
1499.03,1
2268.62,1
619.93,1
13929.03,1
2107.9,1
16951.03,1
6398.47,1
2952.8,1
10901.22,1
3491.75,1
9569.56,1
6663.26,1
11125.41,1
5903.7,1
4893.91,1
4018.25,1
152.46,1
13079.17,1
7511.7,1
11488.04,1
11884.11,1
7204.34,1
3642.03,1
16944.38,1
4842.96,2
2891.56,1
9782.58,1
2001.73,1
1263.77,1
8171.98,1
3818.01,2
16567.03,1
3354.43,1
497.63,1
3368.69,1
20549.45,1
2676.97,1
3067.64,1
8151.27,1
972.29,1
1810.69,1
7716.35,1
97.57,1
11147.2,1
3932.53,1
11127.35,1
1481.3,1
10386.33,1
7471.44,1
14289.8,1
13718.3,1
14819.12,1
12157.38,1
1820.99,1
375.29,1
1046.68,1
8272.03,1
2394.69,1
2290.26,1
3010.83,1
4053.54,2
8792.12,1
4358.21,1
7686.04,1
714.7,1
1967.86,1
14834.07,1
18288.58,1
6868.74,1
3463.22,1
5264.76,1
384.31,1
1496.0,1
8620.09,1
7058.17,1
29.6,1
1844.16,1
14146.09,1
14395.97,1
12006.42,1
468.75,1
3335.99,1
907.7,1
1753.85,1
14813.04,1
2052.38,1
16620.41,1
3989.78,1
1528.01,1
682.47,1
1145.27,1
2850.81,2
10713.62,1
2481.15,1
16157.21,1
7721.24,1
60.41,1
6594.53,1
16735.48,1
9652.16,1
9524.58,1
1540.97,1
5818.49,1
10633.33,1
10794.91,1
5938.01,1
7822.57,1
3754.27,1
5513.22,1
361.18,1
3991.77,1
1317.74,1
1489.96,1
11721.47,1
14496.28,1
7392.25,1
1671.75,1
6747.47,1
14782.27,1
2772.61,1
13842.74,1
11962.87,1
2321.63,1
18631.93,1
1176.62,1
15005.29,1
7169.75,1
3652.46,1
11287.65,1
973.2,1
16446.27,1
16928.74,1
15088.82,1
3518.33,1
8363.79,1
1216.66,1
12857.3,1
6638.89,1
12006.19,1
1426.33,1
1569.58,1
13041.66,1
19629.53,1
3204.82,1
451.18,1
390.58,1
21068.03,1
13130.58,1
11129.19,1
2632.65,1
9690.21,1
3906.67,1
3419.88,1
88.17,1
1497.1,1
149.26,1
2088.76,1
8305.67,1
20358.55,1
5374.49,1
11950.95,1
12387.76,1
11848.66,1
4383.92,1
13858.25,1
719.49,1
13354.39,1
4519.8,1
1223.47,1
4518.45,1
7756.81,1
4015.26,1
6928.69,1
11464.9,1
5022.52,1
515.18,1
1726.08,1
1948.67,1
6606.05,1
15291.8,1
6055.92,1
137.83,1
4490.11,1
9510.2,1
5470.48,1
3537.23,1
398.44,1
2366.88,1
7129.18,1
3484.03,1
6513.14,1
11978.14,1
5472.8,1
9130.55,1
869.09,1
2850.48,1
8100.62,1
802.33,1
13135.86,1
12798.83,1
10002.99,1
12951.5,1
2989.68,1
19690.84,1
21954.66,1
3460.45,1
12503.55,1
11807.56,1
2351.32,1
2041.18,1
4940.43,1
13202.09,1
15416.87,1
5549.24,1
1190.25,1
1181.14,1
6854.94,1
5963.57,1
4776.56,1
4607.09,1
15859.07,1
2722.23,1
5170.16,1
5297.23,2
7420.98,1
13433.23,1
2523.27,1
2253.16,1
795.36,1
3237.13,1
2448.24,2
7169.12,1
10312.95,1
4069.26,1
7911.35,1
17190.16,1
6868.75,1
301.84,1
129.88,1
8406.12,1
11266.72,1
18240.86,1
5860.31,2
9170.92,1
2545.58,1
15348.85,1
17312.84,1
1253.75,1
7426.07,1
1447.9,1
7199.54,1
5103.18,1
14215.49,1
1320.08,1
7510.78,1
6729.75,1
12334.4,1
17643.16,1
4046.82,1
1388.55,1
8843.34,1
11680.98,1
2632.83,1
2176.77,1
15058.98,1
3411.72,1
2497.13,1
4849.51,1
5706.31,1
13760.64,1
4150.24,1
154.37,1
8649.07,1
17031.58,1
1612.0,1
1863.63,2
4016.72,1
94.21,1
10745.69,1
16966.38,1
2646.21,1
7900.77,1
6729.13,1
12815.71,1
2610.63,1
3697.17,1
184.67,1
766.32,1
11443.8,1
5677.27,1
2578.76,1
2205.37,1
438.4,1
181.6,1
3006.91,1
11404.11,1
13620.68,1
1308.68,1
10928.03,1
1538.6,1
22684.93,1
5705.19,1
4602.03,1
16804.82,1
4977.24,1
529.79,1
21887.76,1
9520.42,1
1767.11,1
467.66,1
1699.02,1
6635.0,1
5182.88,1
1141.56,1
237.76,1
1512.57,1
6008.55,1
21884.18,1
7135.5,1
9555.45,1
9283.38,1
3105.48,1
2912.62,1
1301.46,1
4232.63,1
7388.74,1
12755.25,1
8631.7,1
2087.09,1
742.12,1
2661.07,1
11007.35,1
1198.98,1
545.27,1
5829.48,2
6136.13,1
1934.21,1
7534.94,1
7734.55,1
5992.82,1
844.01,1
14119.47,1
2029.86,1
18452.02,1
96.49,1
885.33,2
7173.54,1
4415.6,1
956.59,1
6295.59,1
2874.88,1
5432.24,1
11362.94,1
13315.36,1
1155.15,1
19727.71,1
1697.5,1
15407.51,1
2891.4,1
7862.49,1
1177.64,1
8745.27,1
7824.63,1
393.9,1
275.07,1
13058.73,1
2426.48,1
5313.92,1
4240.4,1
19703.32,1
7710.86,1
3616.67,1
4583.88,1
2919.48,1
2464.42,1
13808.03,1
86.19,1
13113.51,1
5959.79,1
14354.82,1
904.7,1
5442.07,1
4095.81,1
783.66,1
4061.94,1
2317.51,1
4950.97,1
9450.85,1
17344.17,1
13696.42,1
1448.37,1
1168.82,1
4796.53,1
11593.88,1
354.89,1
1035.9,1
7796.08,1
20553.89,1
1579.54,1
4696.74,1
11805.85,1
3227.66,1
6576.7,1
11617.77,1
835.79,1
3962.11,1
2304.14,1
7155.22,1
23285.63,1
2012.98,1
5404.21,1
15579.38,1
2597.89,1
12202.93,1
3249.84,2
18145.61,1
17008.73,1
12953.56,1
13460.0,1
5624.85,1
2419.47,1
8769.8,1
5186.79,1
10911.61,1
5802.56,1
9485.21,1
8338.51,1
13350.93,1
3348.17,1
2882.81,1
7890.37,1
4743.74,1
17454.63,1
3378.67,1
10205.68,1
4009.05,1
4152.69,1
3222.05,1
743.23,1
9599.61,1
601.4,1
19389.69,1
14565.33,1
11138.33,1
3268.95,1
4225.82,1
19386.32,1
3177.35,1
9794.43,1
17174.78,1
2934.4,1
15290.95,1
1360.89,1
8652.79,1
3416.25,1
6179.7,1
1278.41,1
2574.33,1
1076.23,1
5727.91,1
3546.57,1
1343.31,1
5069.73,1
75.6,1
3926.63,1
21087.21,1
17822.95,1
249.6,1
17579.31,1
6236.64,1
2517.43,1
6309.81,1
133.24,1
4351.46,1
10016.58,1
12755.91,1
12407.95,1
4615.91,1
116.26,1
3079.92,1
11655.54,1
2490.07,1
11007.31,1
12327.87,1
7123.59,1
19444.1,1
11584.26,1
16317.12,1
12703.52,1
5978.17,1
18743.34,1
12530.14,1
13103.94,1
5575.79,1
1583.16,1
2284.96,1
8596.22,1
1644.01,1
5082.31,1
6672.57,1
1325.3,1
2163.76,1
17973.91,1
11265.61,1
1883.33,1
1936.31,1
9118.32,1
22950.19,1
10063.19,1
275.58,1
2668.46,1
2879.29,1
8401.34,1
19356.77,1
608.64,1
2353.55,1
10016.38,1
2559.92,1
4656.07,1
5139.63,1
4557.4,1
7660.99,1
10947.15,1
11813.03,1
881.7,1
8264.14,1
14029.55,1
5207.96,1
18965.62,1
6976.78,1
8596.42,1
249.56,1
649.81,1
2568.78,1
4868.96,1
1029.53,1
6949.87,1
4262.23,1
1457.06,1
2552.11,2
394.35,1
3136.79,1
447.54,1
8900.34,1
5796.26,1
9034.66,1
1644.39,1
159.11,1
6681.88,1
3440.06,1
1389.77,2
6697.1,1
12488.99,1
6799.37,1
19632.48,1
6483.63,1
9941.69,1
1679.7,1
1543.31,1
26.44,1
4160.1,1
7191.37,1
8291.06,1
17578.1,1
13977.08,1
691.3,1
15111.74,1
2075.82,1
10202.72,1
13185.41,1
12817.86,1
2381.67,1
4615.15,1
4954.67,1
531.1,1
1308.96,1
672.26,1
17327.66,1
5194.98,1
8335.12,1
7626.58,1
4199.79,1
4792.3,1
5973.94,1
12273.1,1
2617.27,1
120.28,1
5212.73,1
4988.8,1
2553.38,1
1119.59,1
2527.87,1
296.56,1
3284.07,1
5869.38,1
634.13,1
2353.86,1
21300.45,1
1991.63,1
1343.55,1
6525.96,1
8366.73,1
2441.84,1
1438.85,1
12527.27,1
6323.25,1
7627.66,1
16274.48,1
14881.68,1
537.84,1
4413.78,1
11335.69,1
12512.23,1
309.85,1
5155.83,1
6925.73,1
3533.9,1
8093.9,1
4871.4,1
6331.68,1
5009.65,1
2101.52,1
329.5,1
7613.12,1
24015.88,1
7293.42,1
6238.82,1
8122.61,1
11429.25,1
2453.41,1
4777.69,1
9451.48,1
3325.4,1
6637.15,1
308.78,1
3272.63,1
11406.62,1
23859.05,1
15350.41,1
489.5,1
1360.99,1
731.73,1
7753.13,1
5707.48,1
3999.13,1
2292.94,1
589.35,1
3235.36,1
1864.97,1
1069.88,1
2267.77,1
5488.86,1
20448.64,1
2407.44,1
7530.85,1
13367.38,1
11862.91,1
3344.56,2
8185.96,1
18111.42,1
679.86,1
4779.48,1
6761.57,1
12199.49,1
14667.77,1
3574.43,1
1169.06,1
683.35,1
5077.3,1
17116.48,1
594.07,1
5343.32,1
1381.07,1
6306.51,1
8108.35,1
1906.52,1
18238.37,1
1418.14,1
1324.53,1
6035.66,1
8179.81,1
2367.54,1
6141.8,1
2951.71,2
8002.39,2
8160.19,1
10186.96,1
6761.56,1
4894.52,1
2651.84,2
118.5,1
2123.81,1
5018.69,1
1701.62,1
5328.57,1
5204.9,1
3815.67,1
23509.82,1
2992.92,1
2437.16,1
3970.47,1
6019.36,1
7712.58,1
7239.67,1
6664.16,1
4635.16,1
1006.15,1
13362.03,1
4064.4,1
2673.81,1
7622.19,1
4624.5,1
4240.85,1
10912.78,1
135.01,1
1882.94,1
4421.74,1
9980.5,1
3328.88,1
1778.77,1
997.67,1
8028.93,1
8030.24,1
14774.38,1
7095.49,1
3751.6,1
7219.7,1
9924.68,1
1284.64,1
19062.13,1
3036.97,1
11085.89,1
4152.4,1
14609.04,1
20570.56,1
5979.83,1
3870.44,1
939.14,1
2232.24,1
3835.35,1
1537.02,1
994.67,1
8793.2,1
277.55,1
2870.51,1
9136.87,1
15516.29,1
3412.23,1
450.97,1
11836.44,1
10905.71,1
6358.62,1
248.36,1
11374.74,1
2535.37,1
4415.47,1
791.93,1
3264.57,1
3346.22,1
1427.78,1
2323.7,1
4474.54,1
4211.63,1
10402.78,1
12939.48,1
57.82,2
16596.46,1
5853.46,1
17693.4,1
1231.59,1
4455.47,2
10651.19,1
8322.1,1
13938.41,1
3096.88,1
13953.11,1
5347.03,1
4686.4,1
6664.31,1
3665.42,1
5460.4,1
2946.03,1
2916.46,1
3092.63,1
8986.79,1
4908.18,1
2575.81,1
6157.77,1
12910.07,1
13738.51,1
18460.51,1
3351.27,1
11166.13,1
16771.02,1
6311.38,1
2308.92,1
12930.23,1
5512.88,1
22072.25,1
140.85,1
1531.35,1
881.27,1
9009.68,1
2553.76,1
8694.25,1
9868.73,1
8264.78,1
8734.15,1
15102.39,1
8684.23,1
9918.67,1
3446.79,1
788.34,1
18167.62,1
5170.25,1
7870.73,1
1661.4,1
13355.27,1
1146.6,1
2720.45,1
6233.79,1
890.13,1
11822.29,1
19284.54,1
11575.73,1
2190.68,1
3325.66,1
8903.22,1
1114.04,1
14306.73,1
4435.95,1
5380.4,1
4405.19,1
10695.41,1
6385.06,1
9089.89,1
13424.2,1
4103.9,1
4613.95,1
1870.03,1
2964.8,1
2149.81,1
5674.24,1
605.3,1
22104.84,1
1804.87,1
1395.6,1
12523.38,1
9299.11,1
3541.69,1
5403.34,1
6525.25,1
4560.08,1
4926.89,1
2412.29,1
3254.1,1
3684.57,1
5805.91,1
15729.68,1
7638.32,1
1570.15,1
1054.67,1
7153.04,1
7304.92,1
10774.79,1
2647.94,1
6092.5,1
4869.2,2
16505.27,1
1528.44,1
11235.48,1
1823.93,2
3773.72,1
20859.19,1
7804.59,1
5660.99,1
12362.52,1
475.94,1
7301.79,1
12745.09,1
14250.04,1
10209.16,1
14909.87,1
4444.21,1
14712.66,1
22766.32,1
12004.17,1
4385.47,1
4774.46,1
4451.59,1
11357.13,1
3474.16,1
7109.36,1
2565.15,1
3203.26,2
2374.2,1
6933.83,1
11212.49,1
3979.92,1
65.22,1
4087.11,1
4746.39,1
2150.63,1
5960.61,1
97.24,1
2085.15,1
6744.96,1
8599.28,1
18689.86,1
16072.64,1
3567.16,1
2924.77,1
8177.36,1
4927.53,1
20407.75,1
11579.66,1
2277.56,1
687.78,1
9703.26,1
19711.39,1
2214.49,1
4167.45,1
90.72,1
13560.44,1
3383.73,1
12741.16,1
14930.25,1
11786.85,1
292.31,1
1871.42,1
61.28,1
196.27,1
7319.22,1
1492.03,1
14155.36,1
1364.72,1
5366.39,1
6326.3,1
6291.3,1
3081.49,1
13402.5,1
14537.58,1
8210.35,1
12931.06,1
137.82,1
5673.17,1
119.67,1
4207.36,1
14936.31,1
8564.89,1
13301.68,1
2639.48,1
2568.49,1
7699.28,1
366.26,1
16258.46,1
16763.18,1
13876.85,1
10834.16,1
5129.31,1
11305.19,1
4491.59,1
743.89,1
10970.83,1
11085.02,1
4177.52,1
12863.5,1
1461.77,1
2138.77,1
5178.81,1
8918.7,1
4944.61,1
6419.26,1
131.82,1
308.81,1
1848.86,1
21314.89,1
3080.4,1
9272.95,1
4122.9,1
18555.93,1
11415.67,1
2985.58,1
7270.44,2
4522.0,1
653.79,1
12220.94,1
822.83,1
3742.29,1
2871.4,1
7688.61,1
395.02,1
5964.9,1
5976.47,1
486.06,1
8823.58,1
6965.97,1
2542.05,1
8035.52,1
9294.87,1
10310.43,1
4378.22,1
3120.06,1
17070.12,1
994.86,1
1766.44,1
7275.49,1
14013.03,1
7594.52,1
1742.44,1
3852.48,1
1506.57,1
11790.33,1
7068.11,1
12081.73,1
6326.98,1
7659.3,1
9168.85,1
11810.2,1
1887.54,1
5305.05,1
434.7,1
9618.7,1
10622.94,1
3080.24,1
3911.41,1
17332.06,1
2614.66,1
9804.31,1
7683.62,1
10441.36,1
7669.17,2
4716.35,1
9179.59,1
6999.58,1
708.75,1
3184.74,1
6761.12,1
6898.05,1
15658.93,1
3865.7,1
7810.22,1
9731.48,1
7124.74,1
3982.84,1
11813.69,1
3850.45,1
2242.76,1
8900.43,1
5685.78,1
19363.47,1
4269.7,1
1355.88,1
2188.92,1
279.83,1
5027.94,1
4309.42,1
9723.49,1
3632.9,1
1161.24,1
2142.45,1
9660.92,1
2544.49,1
9223.89,1
537.59,1
11852.36,1
3036.93,1
5045.47,1
4761.95,1
3256.37,1
8073.93,1
16407.16,1
457.88,1
8934.87,1
4085.0,1
6660.17,1
13394.95,1
16561.52,1
3587.17,1
7419.31,2
894.53,1
5649.59,1
5053.15,1
8653.08,1
6584.91,1
7096.07,1
13721.87,1
2493.26,1
2599.97,1
1878.98,1
17422.5,1
22876.81,1
4490.77,1
983.48,1
4701.02,1
1087.67,1
9695.14,1
9411.07,1
4449.22,1
6525.22,1
3714.59,1
2142.16,1
8393.56,1
3396.0,1
3334.38,1
21972.96,1
12606.39,1
15592.88,1
23552.17,1
7116.91,1
1164.03,1
4443.4,1
16402.02,1
7178.25,1
3698.72,1
23055.53,1
1071.58,1
3415.98,1
1058.08,1
16816.49,1
8531.67,1
3656.81,1
11663.18,1
1046.63,1
6241.21,1
1771.41,1
9266.07,1
2987.19,1
2430.74,1
15195.38,1
869.42,1
11751.5,1
4614.91,1
432.94,1
19368.55,1
14937.07,1
18105.92,1
423.08,1
7129.4,1
9567.08,1
3863.57,1
22531.21,1
1082.71,1
14006.91,1
283.66,1
193.11,1
10554.3,1
19313.52,1
10827.99,1
3059.21,1
6427.84,1
7443.48,1
12827.18,1
7927.42,1
6240.34,1
12920.08,1
2495.1,1
12824.95,1
191.14,1
20638.13,1
11599.81,2
17503.71,1
3661.57,1
1023.02,1
12290.2,1
11800.05,1
2491.43,1
2165.45,1
114.63,1
431.08,1
10299.77,1
3794.92,1
2078.72,1
4785.42,1
2349.52,1
1033.29,1
914.61,1
1342.6,2
2177.88,1
1090.43,1
1415.36,1
9085.42,1
8609.79,1
1088.06,1
169.63,1
3911.58,1
295.96,1
1817.14,1
5234.07,1
4678.18,1
1314.67,1
241.34,1
458.92,1
13163.13,1
9552.59,2
3339.33,1
11217.44,1
2554.42,1
1990.04,1
6760.68,1
9954.79,1
1960.14,1
7001.45,1
843.13,1
631.03,1
2077.34,1
9620.67,1
8256.29,1
16473.02,1
17631.69,1
2785.62,1
7374.82,1
1405.5,1
1508.52,1
13695.21,1
807.42,1
3485.27,1
8075.37,1
5900.72,1
917.68,1
13272.39,1
4192.54,1
22596.61,1
10667.12,1
17790.81,1
8847.0,1
7381.91,1
6487.63,1
13486.49,1
4420.17,1
581.23,1
7980.62,1
7624.77,1
12699.07,1
6161.62,2
573.75,1
12071.78,1
16950.33,1
3628.84,1
1059.07,1
2550.16,1
3588.84,1
3674.36,1
13616.66,1
2763.6,1
6046.28,1
6076.62,1
10590.54,1
2783.79,1
9634.35,1
3652.8,1
424.03,1
1383.73,1
20495.16,1
15515.98,1
2259.11,1
6621.36,1
5540.32,1
4616.37,1
23434.62,1
2691.82,1
14780.53,1
7607.46,1
9639.65,1
5200.9,1
3888.6,1
9017.12,1
13056.23,1
2563.44,2
16462.46,1
2035.64,1
4458.79,1
2402.59,1
17396.31,1
20186.14,1
11330.02,1
185.92,1
3305.32,1
7857.89,1
11065.8,1
7473.0,1
10800.85,1
3147.52,1
7181.71,1
8566.52,1
24895.7,1
9835.37,2
6295.63,1
16601.33,1
5027.93,1
8553.16,1
189.23,1
10482.86,1
20769.9,1
7882.69,1
8439.16,1
12191.91,1
2561.06,1
143.55,1
849.54,1
7022.97,1
1498.68,1
1105.16,1
2407.24,1
19110.65,1
1854.75,1
7725.63,1
13302.49,1
6258.3,1
3484.67,1
5365.42,1
3471.56,1
14274.01,1
13392.04,1
2669.77,1
4135.06,1
2796.43,1
10583.24,1
4204.96,1
7999.82,1
1961.94,1
18551.94,1
4167.59,1
2654.69,1
2075.79,1
1788.03,1
1322.23,1
12338.84,1
14452.37,1
9446.16,1
4883.17,1
6493.54,1
20263.2,1
4014.42,1
20248.19,1
2218.65,1
11987.66,1
8393.81,1
22855.65,1
12639.7,1
13452.32,1
11268.13,1
3383.31,1
9221.25,1
14512.24,1
172.57,1
2974.85,1
5355.31,1
9120.8,1
3414.27,1
16615.48,1
1401.64,1
12348.41,1
3777.35,1
10060.21,1
3569.74,1
10749.88,1
10502.4,1
4111.62,1
6596.23,1
10133.3,1
7531.81,1
3059.57,1
14167.92,1
14438.14,1
5072.19,1
3098.49,1
4079.26,1
3153.77,1
2071.14,1
12504.38,1
1758.55,1
7624.61,1
542.84,1
22820.0,1
3264.19,1
2652.75,1
17360.55,1
1246.4,1
3240.74,1
3140.76,1
6251.39,1
4885.19,1
3210.41,1
927.33,1
12280.07,1
6521.06,1
1585.6,1
1192.61,1
831.75,1
8138.03,1
3751.72,1
483.69,1
11246.78,1
556.97,1
13692.06,1
4811.72,1
4292.4,1
3527.47,1
794.8,1
10559.09,1
2193.78,1
4012.86,1
2471.96,1
1752.24,1
11907.66,1
4045.08,1
5087.3,2
2832.07,1
3690.75,2
685.68,1
2592.12,1
7923.52,1
416.92,1
4003.82,1
8561.29,1
10459.74,1
15049.87,1
12658.3,1
6193.02,1
7667.53,1
7760.88,1
5713.57,1
10111.77,1
7196.58,1
13804.29,1
21322.04,1
7845.3,1
6014.99,1
5705.9,1
2127.95,1
3079.38,1
5402.11,1
8146.74,1
2267.63,1
945.37,1
9304.72,1
3393.16,1
3602.77,1
6701.05,1
407.01,1
113.96,1
3029.46,2
14323.68,1
9369.09,1
2777.94,1
15666.98,1
12722.7,1
1389.62,1
21177.41,1
1696.98,1
4220.47,1
9161.73,1
4886.2,1
7700.13,1
10631.3,1
5626.75,1
4087.09,1
2914.39,1
4838.3,1
6505.28,1
20855.08,1
386.0,1
2719.5,1
140.36,1
16392.53,1
14995.56,1
8488.65,1
10259.67,1
5084.9,1
16465.54,1
3995.62,2
7474.85,1
7531.42,1
3611.46,1
24589.99,1
2552.31,1
2796.1,1
2260.48,1
10558.15,1
11538.58,1
10277.24,1
15911.71,1
2490.75,1
7627.53,1
1905.57,1
2957.37,1
602.31,1
2762.51,1
7440.13,1
18086.93,1
15376.51,1
19305.43,1
2965.84,1
13066.43,1
7996.52,1
17395.98,1
8728.87,1
7453.14,1
5689.3,1
3284.45,1
1269.29,1
7960.35,1
10877.64,1
5278.96,1
5483.14,1
9741.63,1
8291.0,1
17862.19,1
700.02,1
1711.0,1
8843.26,1
4505.94,1
3898.51,1
388.41,1
4786.72,1
19957.31,1
15958.74,1
1991.07,1
10309.41,1
2289.85,1
11775.49,1
1716.11,1
3894.94,1
2581.42,1
3433.58,1
8880.68,1
3302.99,1
20154.35,1
2621.44,1
6883.48,1
16027.26,1
4042.89,1
2936.09,2
1414.17,1
16899.65,1
7238.41,1
7172.36,1
134.93,1
4504.33,1
1546.7,1
14382.12,1
5270.47,1
761.63,1
4326.59,1
7533.53,1
918.47,1
12232.21,1
20475.96,1
1591.44,1
2202.8,1
2175.09,1
7300.41,1
4756.22,1
7925.28,1
8907.54,1
427.02,1
4167.0,1
4162.22,1
7927.77,1
6987.49,1
1809.5,1
8541.56,1
11098.82,1
6059.38,1
20900.42,1
10781.55,1
9069.94,1
12049.79,1
8594.28,1
11812.11,1
13487.96,1
11990.64,1
18627.32,1
17001.67,1
20185.35,1
2000.02,1
13677.79,1
14369.85,1
6079.29,1
10709.85,1
3634.29,1
10104.99,1
3670.52,1
6926.96,1
1494.82,1
2068.19,1
16674.84,1
6045.84,1
7232.98,1
5916.52,1
12339.78,1
6301.0,1
16680.01,1
9399.52,1
14557.15,1
2857.07,1
4985.52,1
9935.91,1
20833.33,1
8308.45,1
2554.06,1
8052.48,1
4211.68,1
7593.61,1
17718.29,1
14998.98,1
1418.39,1
3735.34,1
4925.0,1
13674.68,1
13014.62,1
3606.96,1
138.79,1
5941.24,1
9185.3,1
4411.7,1
4838.24,1
3770.38,1
4064.03,1
13462.63,1
17951.06,1
4332.49,1
2411.92,1
18031.73,1
1252.37,1
2950.39,1
1841.96,1
1801.95,2
3743.37,1
13977.65,1
2016.15,1
3495.62,1
20095.23,1
1194.63,1
3870.35,1
8689.95,1
16630.94,1
6448.04,1
11935.46,1
1929.69,1
962.52,1
4205.94,1
13562.24,1
7833.85,1
1573.05,1
4780.79,1
8045.47,1
3380.21,1
121.83,1
1728.36,1
17008.56,1
3138.71,1
3470.84,1
1308.75,1
6243.8,1
7334.18,1
7827.58,1
3841.4,1
3905.68,1
15603.17,1
11356.11,2
2084.2,1
4703.72,1
3953.32,1
12531.28,1
12506.81,1
14182.78,1
2509.29,1
3806.94,1
7077.36,1
8245.42,1
2404.62,1
1851.61,1
674.02,1
20665.53,1
13112.62,1
4346.63,1
10742.31,1
3071.29,1
10033.82,1
14469.43,1
13765.66,1
15785.66,1
13615.72,1
16070.79,1
4427.18,1
3232.81,1
17358.69,1
10404.7,1
9171.84,1
3597.01,1
3178.07,1
12360.78,1
4436.83,1
1391.72,1
9127.39,1
183.33,1
2647.86,1
2812.44,1
7432.16,1
12838.45,1
5609.65,1
10731.54,1
11862.82,1
24111.42,1
10360.08,1
2435.65,1
11568.41,1
10668.0,1
3409.45,1
2039.05,1
13910.05,1
2030.7,1
6850.4,1
4568.64,1
2724.8,1
3759.33,1
1307.52,2
4322.61,1
2701.05,1
1511.08,1
7898.88,1
6740.42,1
6133.03,1
1220.65,1
10615.17,1
1088.0,1
3567.5,1
3984.63,1
7977.86,1
9995.61,1
6517.44,1
9285.19,1
5366.27,1
15646.67,1
250.54,1
6109.67,1
6987.03,1
10651.67,1
1079.55,1
7667.21,1
9403.91,1
10142.36,1
3051.61,2
16877.55,1
2657.7,1
11084.48,1
4238.54,1
15061.94,1
9560.58,1
1102.67,1
566.45,1
369.46,1
1744.2,1
8362.99,1
15012.59,1
13514.41,1
788.81,1
4736.3,1
3285.76,1
9524.56,1
6483.32,1
7722.02,1
2990.96,1
7189.52,1
10497.96,1
136.34,1
3143.56,1
3507.18,1
8610.57,1
4054.36,1
27.7,1
16183.41,1
3801.73,1
5259.01,1
3319.37,1
17337.27,1
868.44,1
9833.76,1
15002.22,1
3167.43,1
1465.07,1
7358.85,1
8914.75,1
6378.71,1
4729.03,1
3290.53,1
2946.39,1
17268.2,1
8548.55,1
6962.7,1
3923.16,1
7780.93,1
116.0,1
5891.22,1
7139.52,1
15292.72,1
891.23,1
2943.04,2
16688.96,1
3606.72,1
9168.54,1
11223.45,1
20066.5,1
1791.29,1
12680.82,1
2550.42,1
2717.66,1
2368.32,1
6727.17,1
1892.16,1
13579.4,1
1212.61,1
5709.73,1
5830.37,1
3939.12,1
11121.12,1
11251.71,1
1402.67,1
2840.51,1
7544.0,1
1031.48,1
6734.55,1
971.17,2
14319.78,1
6627.67,1
4074.57,1
1745.58,1
9806.68,1
235.42,1
6081.02,1
9365.87,1
13100.08,1
13818.53,1
8314.6,1
4021.42,1
15418.68,1
7361.1,1
1412.81,1
10322.86,1
10467.07,1
4936.04,1
7601.46,1
3272.59,1
11971.8,1
4827.97,1
16484.86,1
718.4,1
16553.53,1
4536.76,1
16284.78,1
14313.47,1
12487.89,1
11139.01,1
4703.51,1
2384.36,1
6236.6,1
11131.83,1
1295.8,1
10427.93,1
21217.02,1
3411.55,1
1207.32,1
9549.81,1
4686.52,1
14217.04,1
3741.35,1
11373.85,1
4639.94,1
11648.98,1
12996.89,1
4331.73,1
1772.79,1
2855.86,1
7361.8,1
1899.33,1
3214.21,1
2627.31,1
20755.26,1
22756.55,1
2157.41,1
838.09,1
3317.68,1
2038.3,1
13110.07,1
4418.92,1
4405.69,1
4732.52,1
4711.38,1
5929.47,1
1398.44,1
6685.44,1
5000.3,1
7525.93,1
14728.09,1
10345.43,1
3953.0,1
8898.35,1
1635.67,1
4923.22,1
7371.51,1
3716.87,1
14409.39,1
452.61,1
1544.38,1
14788.35,1
15678.61,1
4211.46,1
663.04,1
4627.13,1
11732.03,1
1234.01,1
3628.94,1
749.8,1
1102.91,1
5870.2,1
4933.46,1
10737.11,1
4184.47,1
1975.0,1
3711.75,1
13598.42,1
7412.34,1
2198.96,1
10270.34,1
8615.22,1
554.69,1
13999.73,1
3438.26,1
2918.25,1
4544.71,1
15825.8,1
3021.15,1
3707.08,1
14590.07,1
3096.71,1
2853.95,1
7185.69,1
14996.51,1
5158.61,1
3569.58,1
2332.4,1
1195.46,1
9259.68,1
414.31,1
5949.74,1
887.94,1
13502.96,1
16801.85,1
2866.2,1
1696.02,1
3722.81,1
3048.46,1
2552.97,1
9897.65,1
12053.71,1
298.88,1
11455.41,1
22820.82,1
3545.9,2
392.91,1
3113.11,1
1683.07,1
7575.44,1
2309.87,1
8860.91,1
14818.26,1
3333.76,1
8525.07,1
8058.47,1
6587.28,1
2928.16,1
6395.72,1
1228.23,1
4610.23,1
4187.51,1
15616.89,1
6278.63,1
660.6,1
3888.23,1
440.25,1
12901.08,1
7273.41,1
4118.82,1
7619.53,1
4408.4,1
12760.37,1
1774.72,1
5563.26,1
4555.49,1
3553.17,1
437.32,1
1212.53,1
12266.33,1
2617.48,1
3924.37,1
1619.31,1
15308.39,1
7972.07,1
13104.78,1
6704.47,1
12723.4,1
7580.43,1
13862.78,1
820.75,1
7556.25,1
8042.13,1
7671.21,1
2538.14,1
3809.48,1
1964.36,1
20135.91,1
4776.59,1
14930.01,1
5789.36,1
5117.83,1
8073.5,1
3719.1,1
9229.31,1
6332.82,1
8144.59,1
2330.42,1
12893.34,1
5278.29,1
428.33,1
2355.15,1
13996.58,1
2500.59,1
3121.69,1
13598.34,1
5371.94,1
10310.21,1
6711.38,1
9919.43,1
3994.23,1
7620.52,1
2039.33,2
4139.87,1
6743.03,1
10375.29,1
6189.43,1
3313.95,1
17676.8,1
7360.68,1
5354.43,1
5230.46,1
3764.33,1
6764.34,1
17091.09,1
3270.64,1
12443.61,1
5126.12,1
4236.77,1
8844.03,1
10365.36,1
430.6,1
12837.22,1
2448.9,1
6509.63,1
8023.54,1
3578.52,1
22511.34,1
12108.88,1
8480.6,1
14051.88,1
548.52,1
3208.35,1
11401.32,1
6320.71,1
17177.89,1
11526.91,1
3356.95,1
2373.96,1
2880.89,1
6684.32,1
4420.56,1
20933.07,1
490.49,1
12867.54,1
8109.15,1
2762.1,1
2964.97,1
1912.4,1
5457.4,2
990.6,1
105.52,1
269.59,1
9110.57,1
13329.06,1
10471.8,1
762.77,1
6028.7,1
1209.61,1
2993.32,1
3527.63,1
14276.68,1
828.42,1
18396.04,1
11058.24,1
4043.12,1
1973.63,1
8493.42,1
3535.39,1
15264.55,1
839.71,1
3085.63,1
11684.65,1
10754.06,1
2311.47,1
556.16,1
9325.99,1
10468.68,1
2435.7,1
3910.08,1
11953.18,1
1478.38,1
19050.12,1
13277.79,1
2194.58,1
1450.06,1
1135.73,1
8899.26,1
1809.22,1
765.05,1
9522.52,1
2601.3,1
23045.15,1
15511.16,1
6255.18,1
8973.66,1
2613.38,1
12835.53,1
8897.97,1
6564.81,1
2993.3,1
1477.18,1
2315.43,1
3114.19,1
1454.74,1
8265.34,1
5686.72,1
12414.47,1
17075.78,1
744.87,1
8643.52,1
10307.54,1
10167.83,1
4235.29,1
4401.08,1
4815.29,1
4027.38,1
16169.98,1
1141.76,1
3913.15,1
4437.16,1
8740.97,1
13429.41,1
5401.12,1
3906.92,1
6610.01,1
19232.65,1
11235.09,1
385.69,1
1653.18,1
8888.2,1
19300.46,1
18587.74,1
3178.19,1
2139.18,1
11336.81,1
1072.98,1
3221.06,1
1412.15,1
5080.83,1
3457.29,1
21639.1,1
13553.37,1
7409.76,1
3011.83,1
3615.53,1
9746.32,1
2633.9,1
205.96,1
5249.01,1
2660.0,2
5647.23,1
2842.16,1
539.63,1
20433.8,1
962.56,1
1165.11,1
15372.29,1
6120.36,1
8828.19,1
14834.15,1
6803.07,1
12851.81,1
6259.67,1
4089.14,2
6939.87,1
18173.69,1
3791.79,1
10410.71,1
2168.51,1
13497.67,1
5228.2,1
6873.37,1
2587.32,1
10951.35,1
22317.75,1
2267.5,1
14178.38,1
13579.29,1
3066.43,1
5992.08,1
9409.29,1
2047.25,1
2313.08,1
3907.57,1
13086.98,1
14055.34,1
3326.03,1
5834.13,1
6144.42,1
6723.98,1
8473.8,1
5323.96,1
6287.12,1
2017.51,1
827.19,1
5479.09,1
2454.01,1
1566.37,1
445.63,1
2855.05,1
7256.65,1
786.97,1
1596.07,1
6490.24,1
6574.87,1
11489.31,1
2937.77,1
3699.16,2
5101.89,1
12057.38,1
747.47,1
1290.08,1
21500.53,1
4241.68,1
13202.82,1
2095.78,1
16972.22,2
9757.54,1
18368.13,1
2217.4,1
19175.48,1
8527.06,1
730.44,1
3052.29,1
4914.15,1
2578.36,1
2914.18,1
2706.51,1
11444.07,1
774.13,1
797.2,1
4646.24,1
3585.3,1
435.17,1
59.04,1
12452.38,1
9796.17,1
4185.14,1
8302.54,1
852.9,2
10772.13,1
3489.45,1
1995.13,1
418.82,1
2655.24,1
3456.94,1
8211.62,1
2741.4,1
12045.64,1
2972.16,1
3171.36,1
8472.82,1
1798.67,1
22283.58,1
8259.69,1
3388.31,1
13592.16,1
243.09,1
380.36,1
1804.28,1
4158.01,1
834.45,1
1372.71,1
4667.52,1
9254.29,1
3403.13,1
9219.1,1
8229.2,1
2097.86,1
2489.82,1
12532.91,1
6770.32,1
12810.35,1
1295.72,1
1012.67,1
1284.99,1
114.38,1
6713.15,1
2816.96,1
2698.33,1
12664.06,1
946.09,1
18251.07,1
6599.47,1
11496.81,1
2283.15,1
2455.95,1
12420.12,1
6407.67,1
1437.97,1
16087.18,1
3687.53,1
5262.85,1
428.29,1
5614.96,1
1925.51,1
4169.92,1
4714.74,1
4703.0,1
96.22,1
1363.44,1
8484.51,1
12965.27,1
10887.72,1
1918.98,2
3153.14,1
1195.61,1
13338.79,1
2962.95,1
2979.58,1
12186.13,1
4050.45,1
1104.05,1
17765.93,1
6696.2,1
3560.22,1
2745.77,1
743.54,1
21280.58,1
3090.19,1
13307.23,1
2730.65,1
14780.12,1
10588.94,1
11186.9,1
13588.64,1
10002.49,1
5603.26,1
3292.39,1
2581.44,1
1370.19,1
3187.32,1
8007.88,1
8028.71,1
15358.81,1
358.41,1
820.08,1
21856.07,1
7634.05,1
7984.38,1
616.5,1
4388.35,1
7695.93,1
13262.45,1
13254.46,1
2779.31,1
7218.91,1
6752.55,1
21177.76,1
958.75,1
1906.5,1
14911.95,1
9510.94,1
15550.61,1
2775.53,1
7103.63,1
7743.2,1
13857.24,1
3920.41,1
13570.57,1
2409.91,1
656.18,1
1763.48,2
996.21,1
4551.29,1
18940.87,1
7663.15,1
1643.49,1
6361.74,1
5602.63,1
2196.21,1
3864.23,1
10640.83,1
7781.63,1
2507.79,1
959.87,1
12145.42,1
1660.6,1
8913.81,1
4065.16,1
11304.31,1
5801.49,1
4209.62,1
6678.45,1
2071.5,1
11354.08,1
4496.56,1
2713.05,1
7758.38,1
4430.63,1
1589.66,1
9754.82,1
1914.74,1
16999.51,1
1306.04,1
9877.43,1
123.14,1
11590.02,1
1564.55,1
2544.34,1
6323.21,1
3219.97,1
767.6,1
470.5,1
8486.51,1
2013.79,1
213.76,1
5224.45,1
2751.06,1
14329.58,1
3889.18,1
6451.35,1
9740.22,1
416.44,1
193.86,1
1435.27,1
19445.56,1
17553.11,1
8972.95,1
8847.83,1
10403.23,1
12458.09,1
5707.61,1
1877.94,1
5996.86,1
7795.95,1
3174.16,1
1890.79,1
1920.06,1
15950.57,1
1057.55,1
8624.43,1
1342.5,1
3458.81,1
1857.23,1
2363.25,1
11513.73,1
14388.65,1
8699.61,1
3018.59,1
3728.13,1
6424.65,1
3202.27,1
9971.12,1
6414.14,1
2948.39,1
4159.92,1
2622.75,2
2247.35,1
2209.33,1
4240.32,2
4997.73,1
4603.41,1
5381.09,1
5774.64,1
12808.55,1
2288.32,1
15294.56,1
2554.36,1
14082.95,1
505.49,1
7705.57,1
8273.14,1
12788.53,1
1883.88,1
1362.72,1
1374.83,1
10849.06,1
4442.92,1
3863.37,1
5019.87,1
5133.26,1
13937.35,1
6916.32,1
5791.61,1
2532.11,1
5009.82,1
19195.84,1
15233.06,1
1419.69,1
13586.38,1
155.11,1
15812.84,1
8064.02,1
1906.06,1
8160.71,1
7617.76,1
2446.84,1
2028.38,1
9492.18,1
458.53,1
15830.12,1
13569.02,1
5837.97,1
2826.76,1
430.27,1
7707.6,1
7426.79,1
19445.9,1
4390.88,1
6702.47,1
885.82,1
3129.27,1
6647.34,1
5018.36,1
6535.19,1
3062.46,1
11013.98,1
10690.25,1
11362.77,1
10413.95,1
10468.34,1
2473.14,1
7461.77,1
12379.17,1
1722.6,1
1807.71,1
4121.57,1
7373.99,1
4035.56,1
103.44,1
441.1,1
1173.42,1
10987.65,1
2286.8,1
5914.25,1
21012.73,1
17152.07,1
891.57,1
2583.82,1
3242.85,1
3034.93,1
7688.72,1
953.59,1
23675.68,1
876.84,1
988.92,1
7004.77,1
3169.05,1
14410.35,1
8914.17,1
2106.27,1
11415.92,1
4179.27,1
3310.3,1
4359.79,1
22789.01,1
8154.65,1
6340.59,1
1946.75,1
8446.01,1
5711.87,1
3758.4,1
712.61,1
5872.42,1
20505.3,1
2540.7,1
5580.39,1
1058.95,1
5111.61,1
7036.28,1
7858.97,1
11752.02,1
8218.92,1
16594.91,1
10277.21,1
2584.89,1
11296.89,2
1373.15,1
340.1,1
4792.93,1
3642.27,1
11901.37,1
2571.6,1
6804.77,1
1218.37,1
7578.75,1
13639.19,1
9456.06,1
2420.63,1
5941.42,1
7262.42,1
12310.91,1
2644.79,1
3718.53,1
3867.97,1
1328.32,1
8040.23,1
338.84,1
12976.64,1
17157.3,1
3156.35,1
1125.1,1
2503.09,1
9644.83,1
1818.16,1
4799.99,1
756.72,2
12153.56,1
3077.57,1
13885.35,1
3460.75,1
549.64,1
3070.54,1
2887.34,1
5002.5,1
2891.95,1
9704.0,1
3079.27,1
9109.47,1
4886.19,1
2873.43,1
4668.39,1
16613.76,1
2300.33,1
721.25,1
11165.22,1
9781.03,1
3081.83,1
17483.22,1
5376.28,1
9185.49,1
13134.74,1
15366.74,1
21657.49,1
4753.89,1
7039.34,1
6807.97,1
6031.47,1
2070.29,1
5049.41,1
1148.07,1
220.27,1
7822.34,1
584.23,1
5849.28,1
2289.5,1
14533.98,1
5635.21,1
10232.67,1
14587.46,1
5622.27,1
8930.23,1
1469.82,1
12577.44,1
2632.98,1
867.51,1
3545.13,1
3831.65,1
12848.33,1
6050.51,1
5673.8,1
6396.03,1
4850.0,1
2177.22,1
243.58,1
5307.85,1
3603.76,1
1175.22,2
2128.95,1
3606.89,1
2967.49,1
2677.1,1
6779.32,1
5896.37,1
984.57,1
7832.5,1
9681.59,1
9675.24,1
1129.29,1
13799.51,1
11980.35,1
7540.32,1
1869.38,1
2697.5,1
2277.24,1
2026.47,1
3016.69,1
1682.25,1
4213.18,1
1293.8,1
6383.81,1
6558.88,1
13502.25,1
20428.57,1
13897.07,1
7315.23,1
3397.19,1
11492.27,1
1813.24,1
13356.42,1
3961.99,1
9715.14,1
6677.87,1
8873.66,1
265.03,1
12486.39,1
8774.53,1
5272.95,1
8756.69,1
2427.38,1
13408.52,1
3956.18,1
5286.74,1
17970.61,1
9953.39,1
13314.55,1
2731.87,1
1296.46,1
5559.13,1
4081.92,1
10865.66,1
9166.07,1
21636.87,1
1144.12,1
9580.69,1
19135.78,1
6389.0,1
9053.08,1
2955.61,1
20878.35,1
3050.82,1
7652.08,1
13873.32,1
17000.85,1
1166.75,1
2658.49,1
933.08,1
3109.82,1
1011.93,1
502.35,1
8572.47,1
4304.33,1
2566.39,1
9155.52,1
2871.86,1
75.26,1
3895.41,1
3759.41,1
11428.52,1
16417.01,1
3549.67,1
9825.37,1
3329.23,1
15233.22,1
12382.17,1
9637.37,1
3396.76,1
8456.23,1
7626.36,1
1468.94,1
6194.97,1
5025.34,1
13236.77,1
7788.51,1
4085.73,1
9604.9,1
4319.48,1
10169.45,1
7261.02,1
129.99,1
17401.96,1
247.89,1
545.5,1
3903.5,1
23456.83,1
2224.33,1
1432.9,1
13671.09,1
5198.44,1
17450.17,1
14329.96,1
2039.28,1
281.86,1
2296.28,1
295.55,1
14668.85,1
7579.98,1
1282.1,1
4342.77,1
9731.96,1
4841.99,1
5045.72,1
4910.31,1
11820.19,1
13490.15,1
3129.99,1
8970.03,1
21363.0,1
1253.93,1
19535.28,1
6816.02,1
9526.49,1
5860.83,1
6669.38,1
5954.11,1
3580.1,1
4296.49,1
19106.1,1
17270.72,1
18331.73,1
853.3,1
3189.23,1
4733.31,1
7080.83,1
5089.1,1
22346.44,1
10459.78,1
869.6,1
2897.04,1
3414.88,1
4387.08,1
5807.26,1
20868.22,1
6154.82,1
17926.25,1
2185.37,1
2513.81,1
6288.63,1
4246.61,1
3603.64,1
4209.46,1
8258.79,1
9202.76,1
17094.27,1
1661.49,1
3989.41,1
17547.69,1
3486.81,1
226.28,1
6061.79,1
6613.31,1
2338.21,1
647.8,1
4000.35,1
13308.51,1
2823.48,1
1801.1,2
2174.9,1
28.65,1
633.62,1
16781.54,1
5866.74,1
890.48,1
6617.12,1
3891.75,1
3302.49,1
6659.93,1
4787.58,1
1240.37,1
1675.17,1
418.22,1
4165.86,1
8366.95,1
19406.36,1
7195.36,1
6036.95,1
7282.43,1
1562.03,1
6225.5,2
3082.02,1
4073.77,1
12912.33,1
10369.43,1
157.57,1
9517.9,1
358.78,1
2256.86,1
8409.61,1
3349.51,1
2686.21,1
11595.84,1
12021.3,1
7437.84,1
3364.86,1
12622.4,1
3500.36,1
10241.07,1
1237.29,1
6882.9,1
15016.99,1
5561.37,1
876.9,1
13409.87,1
2616.73,1
1704.07,1
11849.44,1
831.83,1
2092.44,1
15329.35,1
5354.5,1
22395.5,1
3610.56,1
7213.96,1
2599.14,1
511.78,1
1701.03,1
9632.66,1
10636.77,1
3152.61,1
8808.55,1
17083.1,1
8534.99,1
3316.26,1
7576.9,1
5818.14,1
7433.6,1
21213.07,1
10800.77,1
5557.36,1
12489.43,1
179.36,1
15592.52,1
7238.52,1
957.02,1
3291.36,1
11562.3,1
14086.64,1
5696.02,1
6312.5,1
2725.38,1
3814.49,1
10359.06,1
2814.65,1
4424.98,1
19893.66,1
13501.85,1
2178.21,1
10591.95,1
1280.2,1
2221.02,1
16450.33,1
9550.02,1
2953.31,1
4470.43,1
5637.93,1
20931.09,1
3964.62,1
1810.56,1
1690.49,1
12929.87,1
9437.37,1
13943.92,1
2824.96,1
447.28,1
6872.4,1
12612.33,1
2026.41,1
2723.83,1
1408.89,1
5073.29,1
11687.72,1
4783.12,1
369.09,1
408.26,1
7302.83,1
12435.71,1
3422.52,1
18597.3,1
5709.2,1
2457.47,1
4273.77,1
14982.17,1
797.0,1
2219.4,1
14912.99,1
8470.28,1
2958.9,1
9374.72,1
438.78,1
6083.35,1
9139.71,1
1194.28,1
4148.82,1
9441.43,1
18164.16,1
2038.96,1
18522.23,1
4877.19,1
10324.13,1
7344.76,1
2368.25,1
1422.88,1
5203.1,1
16386.8,1
7100.39,1
2983.16,1
3433.01,1
1142.96,1
2088.65,1
9367.58,1
1126.79,1
2293.0,1
12615.55,1
2702.03,1
9555.28,1
18671.65,1
11289.01,1
1384.31,1
7143.79,1
3500.68,1
9224.22,1
1608.42,1
2321.66,1
12459.52,1
1162.0,1
3955.35,1
9667.72,1
4377.7,1
9614.11,1
3706.07,1
4131.36,1
7950.23,1
5130.6,1
1849.73,1
3000.86,1
15597.73,1
5453.62,1
4163.33,1
186.85,1
4801.64,1
7890.69,1
7007.81,1
15240.97,1
16007.05,1
2547.17,1
8709.14,1
4394.62,1
3258.09,1
10133.13,1
1073.49,1
3998.0,1
491.6,1
5365.35,1
2881.43,1
667.04,1
108.77,1
20262.58,1
7044.06,1
2354.59,1
3318.36,1
19951.62,1
1934.48,1
4176.25,1
1963.08,1
11374.1,1
4800.12,1
1551.39,1
17223.0,1
3069.28,1
7790.67,1
4510.58,1
19254.99,1
9333.06,1
8428.19,2
4982.64,1
13662.26,1
9588.64,1
21081.59,1
3765.24,1
483.68,1
6105.08,1
4125.17,1
15071.54,1
9955.67,1
13145.67,1
8856.27,1
7930.78,1
2991.97,1
3849.39,1
4888.84,1
2346.87,1
3037.09,1
3866.96,1
2596.78,1
7569.55,1
14459.74,1
12505.36,1
2293.95,1
9827.53,1
3670.67,1
3820.46,1
5908.43,1
1698.27,1
7339.75,1
6960.43,1
12022.56,1
5978.07,1
12890.05,1
20100.88,1
7671.7,1
4559.54,1
11932.52,1
10154.1,1
3416.64,1
14482.54,1
12751.1,1
3163.82,1
20138.98,1
14913.01,1
1480.96,1
5387.39,1
17382.11,1
1111.18,1
5303.47,1
10858.93,1
2038.43,1
1002.97,1
19998.63,1
7807.64,1
1618.91,1
1556.24,1
911.76,1
2713.26,1
8874.68,1
10935.44,1
12289.56,1
20897.13,1
4487.23,1
8502.35,1
5726.57,1
2730.95,1
2415.87,1
2327.38,1
13365.42,1
2210.0,1
3043.79,1
12555.42,1
4037.62,1
10316.48,1
7614.61,1
2922.68,1
12992.5,1
6168.86,1
8435.67,1
361.59,1
5287.32,1
5349.3,1
1776.91,1
9879.31,1
4828.53,1
4149.31,1
1361.12,1
1449.34,1
5734.73,1
10007.56,1
12610.06,1
3609.24,1
1619.94,1
5506.25,1
12637.14,1
1218.35,1
3629.45,1
969.74,1
2487.58,1
6520.66,1
8496.0,1
2151.66,1
9765.96,1
4105.57,1
16181.65,1
5385.51,1
14307.29,1
9550.71,1
5400.31,1
11642.12,1
2689.87,1
1571.14,1
8322.06,1
8608.87,1
8322.36,1
1013.11,1
1552.26,1
2704.79,1
22301.97,1
4677.64,1
13932.42,1
1600.13,1
17715.47,1
4135.9,1
18204.3,1
28.08,1
15190.77,1
112.87,1
8757.49,1
21524.52,1
3265.9,1
1819.31,1
10385.12,1
986.26,1
2880.31,1
9198.17,1
13198.25,1
17200.27,1
3719.03,1
2842.7,1
5019.04,1
3297.11,1
17700.42,1
9518.29,1
7426.09,1
2319.79,1
3820.8,1
9610.33,1
16084.76,1
3668.74,1
2910.84,1
4055.23,1
1768.66,1
1236.58,1
1804.35,1
7497.87,1
3535.89,1
3320.99,1
7314.73,1
4126.99,1
6263.33,1
2135.16,1
8319.62,1
7696.16,1
14767.41,1
4122.93,1
1992.71,1
3473.34,1
4402.93,1
14135.68,1
1688.75,1
6426.3,1
10879.55,1
9607.8,1
4941.1,2
17052.27,1
9561.94,1
6061.15,1
2507.94,1
3427.42,1
516.77,1
9927.43,1
8780.48,1
22284.4,1
14710.46,1
4606.37,1
6103.72,1
2758.3,1
191.76,1
528.61,1
8900.72,1
3905.27,1
8986.75,1
3710.63,1
4313.41,1
2584.58,1
15229.1,1
21604.85,1
15190.87,1
3607.87,1
5041.22,1
6713.39,1
135.55,1
7581.5,1
13599.49,1
12546.65,1
7310.46,1
10765.21,1
2346.21,1
6786.65,1
3655.76,1
986.89,1
24495.95,1
1932.76,1
1171.73,1
3059.0,1
14061.48,1
8253.51,1
3407.18,1
7875.82,1
1578.58,1
329.8,1
227.46,1
8903.73,1
3382.44,1
9872.0,1
4658.22,1
11754.07,1
4387.65,1
3204.14,1
3595.35,1
8160.33,1
431.18,1
1400.84,1
9780.85,1
2674.7,1
1178.17,1
3796.95,1
12690.99,1
3844.28,1
3257.93,1
2955.55,1
4605.29,1
7505.07,1
2282.98,1
14775.61,1
11228.67,1
16182.26,1
15068.94,1
2542.9,1
3452.41,1
8012.36,1
440.96,1
9159.61,1
10315.39,1
438.5,1
4158.44,1
2778.9,1
16526.44,1
3371.89,1
3517.82,1
4376.31,2
1582.81,1
12891.75,1
3313.33,1
1606.63,1
15703.03,1
3968.39,1
2464.01,1
3722.91,1
4860.58,1
3453.32,1
7678.95,1
16868.85,1
1311.34,1
3413.48,1
3988.88,1
2664.38,1
2939.41,1
4724.85,1
7184.2,1
6452.9,1
3243.81,1
10635.36,1
1606.14,1
6164.55,1
5971.4,1
5904.21,1
19673.88,1
939.69,1
3265.38,1
11741.73,1
4039.07,1
3804.65,1
5142.81,1
7918.71,1
2241.97,1
3491.82,1
20011.2,1
3139.87,1
7756.05,1
8988.92,1
1272.53,1
4514.41,1
5035.9,1
20200.67,1
3889.05,1
7358.33,1
6228.32,1
14231.45,1
3111.35,1
381.58,1
266.55,1
11311.07,1
3781.7,1
4266.51,1
2044.87,1
4741.69,1
7204.03,1
16163.43,1
12412.26,1
5918.08,1
24481.8,1
8816.4,1
7056.71,1
7011.78,1
14108.85,1
2563.56,2
2785.64,1
1602.28,1
4867.38,1
17131.7,1
7006.24,1
8048.08,1
2962.21,1
16515.09,1
12574.39,1
11037.95,1
3819.34,1
186.63,1
1770.99,1
7452.39,1
3144.96,1
1830.05,1
6196.83,1
3547.06,2
21641.98,1
3071.34,1
11878.05,1
926.24,1
12631.96,1
2383.49,1
7297.41,1
4356.26,1
9619.69,1
1623.45,1
3970.14,1
12819.98,1
7771.28,1
4407.1,1
1301.7,1
1929.88,1
8955.35,1
6324.36,1
4251.09,1
4815.73,1
7700.18,1
5900.16,1
1602.37,1
10265.15,1
11788.17,1
13150.66,1
7019.05,1
2270.72,1
546.97,1
3220.29,1
3687.08,1
4486.44,1
19848.44,1
864.73,1
4694.4,1
11379.26,1
3530.26,1
1474.82,1
20397.57,1
2834.97,1
14027.36,1
5703.54,1
537.29,1
12995.22,1
13914.89,1
1819.06,1
11250.87,1
4000.21,1
6567.78,1
423.22,1
1645.44,1
4637.29,1
5315.42,1
10462.74,1
2308.7,1
18490.08,1
2021.54,1
8852.41,1
3397.49,2
3502.31,1
10469.61,1
3561.57,1
2322.22,1
3433.39,1
16528.93,1
17089.68,1
13665.86,1
6536.17,1
191.47,1
4077.17,1
12165.34,1
2609.46,1
10340.46,1
3811.02,1
3526.04,1
7030.59,1
5759.12,1
1587.26,1
9474.05,1
14232.41,1
1037.79,1
19281.12,1
2069.44,1
8007.75,1
6797.02,1
8001.95,1
9236.99,1
7091.59,1
2485.68,1
7987.96,1
13553.19,1
4170.19,1
4206.82,1
9238.4,1
58.34,1
8729.12,1
2923.76,1
9110.15,1
16611.42,1
7137.49,1
1627.47,1
4373.44,1
5464.62,1
374.09,1
5998.19,1
13478.74,1
7573.38,1
19649.43,1
736.75,1
2069.26,1
4636.18,1
12368.21,1
2345.35,1
3560.18,1
6304.4,1
12303.45,1
6894.17,1
2732.29,1
7147.49,1
1542.49,1
13077.69,1
8884.68,1
19724.7,1
2154.36,1
3338.72,1
1901.22,1
5381.43,1
20213.43,1
6146.25,1
7954.46,1
7972.0,1
7367.91,1
6236.57,1
1317.7,1
3509.74,1
2064.44,1
3133.74,1
1509.13,1
10028.87,1
1083.62,1
15678.82,1
2371.08,1
2809.47,1
4294.85,1
1511.36,1
13377.07,1
5753.39,1
861.18,1
860.36,2
18151.84,1
4781.5,1
2423.52,1
6230.41,1
5542.34,1
3247.85,1
11277.22,1
9783.79,1
20980.49,1
5805.69,1
4482.95,1
1423.05,1
1541.03,1
9272.0,1
3160.27,1
7078.6,1
8331.3,1
12522.8,1
2477.95,1
1294.68,1
4759.89,1
7546.15,1
6875.04,1
204.72,1
1525.49,1
630.96,1
7213.88,1
3339.95,1
12224.84,1
3723.41,1
4286.55,1
5125.88,1
2291.77,1
9161.3,1
194.54,1
596.78,1
13039.12,1
10372.71,1
6247.4,1
13881.97,1
3817.25,1
16498.14,1
23149.77,1
15899.62,1
3698.01,1
16422.95,1
2016.46,1
3358.72,1
4071.0,1
9691.24,1
9457.56,1
8028.25,1
11723.36,1
2391.0,1
10037.34,1
10676.84,1
15621.06,1
8344.7,1
4412.58,1
10177.72,1
12202.8,1
8590.61,1
1712.62,1
2892.3,1
8385.04,1
2490.49,1
1108.59,1
1443.07,1
5391.57,1
1207.5,1
18738.6,1
6877.74,1
356.93,1
8415.55,1
73.88,1
4281.09,1
14693.82,1
6375.84,1
5390.96,1
2292.86,1
4320.85,1
12366.38,1
3514.6,1
7629.15,1
1850.3,1
17396.86,1
3703.15,1
2950.75,1
2156.09,1
2926.8,1
1530.34,1
2060.4,1
8573.02,1
1157.72,1
20761.3,1
11754.12,1
3691.92,1
8287.32,1
3577.77,1
3483.34,1
7074.55,1
14782.21,1
114.77,1
1347.8,1
9513.95,2
7220.19,1
2795.48,1
6817.68,1
9429.68,1
12785.84,1
2716.81,1
1791.53,1
219.6,1
3796.15,1
3848.92,1
2542.81,1
12028.42,1
4364.32,1
16865.39,1
1479.66,1
3263.62,1
14413.87,1
10422.3,1
7966.37,1
9493.69,1
929.03,1
2916.68,1
4110.14,1
19998.91,1
15854.57,1
1945.9,1
5637.41,1
14728.24,1
258.49,1
7592.77,1
13031.34,1
3520.9,1
6029.47,1
3349.81,1
7832.88,1
7929.25,1
5033.0,1
5070.15,1
5578.95,1
3483.83,1
12899.7,1
13029.54,1
4639.46,1
12395.49,1
12271.28,1
15450.46,1
12006.37,1
2204.06,1
19977.43,1
13531.94,1
17442.16,1
121.44,2
10124.7,1
1610.3,1
4728.22,1
3805.96,1
4054.46,1
5042.35,1
13696.22,1
8045.18,1
5071.26,1
11069.0,1
6184.1,1
175.16,1
5952.14,1
3727.19,1
12818.71,1
18645.27,1
15621.92,1
11150.56,1
16963.23,1
13602.15,1
14296.74,1
2497.15,1
1647.2,1
8282.21,1
3742.15,1
2972.66,1
8171.75,1
159.92,1
1762.53,1
9134.43,1
12906.18,1
5672.48,1
3096.9,1
885.91,1
2259.95,1
4161.98,1
20692.98,1
3207.94,1
1049.3,1
4739.5,1
11163.86,1
7440.91,1
17642.22,1
13320.56,1
9344.86,1
14031.58,1
5952.2,1
4292.89,1
4894.37,1
18986.74,1
2507.49,1
19092.02,1
8414.0,1
3670.4,1
18228.02,1
12733.12,1
547.77,1
8445.24,2
6621.91,1
803.78,1
3205.55,1
7848.57,1
3174.76,1
8787.04,1
7316.62,1
14769.67,1
3395.58,1
15990.34,1
4340.83,1
6261.02,1
385.65,1
615.02,1
169.15,1
2086.18,1
6064.81,1
633.83,1
3619.74,1
3734.48,1
7252.81,1
6754.19,1
5325.66,1
2218.78,1
9821.25,1
7424.63,1
16381.63,1
2845.44,1
4425.97,1
8384.15,1
1620.05,1
9315.78,1
957.98,1
5410.66,1
6752.45,1
109.8,1
9534.51,1
6461.26,1
7298.34,1
12780.33,1
11986.45,1
4953.21,1
2915.43,2
14376.7,1
2564.16,1
7683.6,1
13406.7,1
1593.35,1
14209.87,1
3928.13,1
9163.54,1
4227.43,1
5475.82,1
3892.2,1
6174.63,1
5977.6,1
12625.72,1
450.93,1
8574.04,1
3951.6,1
2073.46,1
7181.21,1
7214.14,1
7878.71,1
2250.87,1
6793.57,1
5872.08,1
14903.0,1
3577.65,1
13583.69,1
9789.58,1
6774.06,2
10193.74,1
3539.14,1
21216.01,1
3610.11,1
1151.06,1
17349.74,1
6514.16,1
2896.53,1
1399.48,1
1339.16,1
10950.31,1
15489.18,1
4523.09,1
13643.76,1
1739.05,1
5428.99,1
6310.03,1
7372.8,1
14937.32,1
7672.39,1
3927.41,1
8026.24,1
226.88,1
3846.4,1
4581.38,1
6932.9,1
1175.13,1
4639.86,1
6090.93,1
2942.49,1
3475.72,1
417.64,1
13541.35,1
652.57,1
3536.57,1
4815.78,1
7814.0,1
2866.41,1
5838.25,1
8939.93,1
4818.69,1
3094.25,1
417.14,1
5890.76,1
417.58,1
4284.36,1
16021.19,1
11827.95,1
19855.5,1
3316.84,1
899.68,1
12501.72,1
4014.7,1
4201.02,1
6406.47,1
1424.85,1
15865.89,1
12194.89,1
2705.76,1
1186.63,1
1336.14,1
16724.61,1
11461.0,1
4448.61,1
5852.03,1
10370.53,1
18916.83,1
1770.68,1
2565.3,1
2370.98,1
16654.42,1
5734.81,1
10753.76,1
13738.62,1
4092.86,1
1649.84,1
1862.17,1
2053.35,1
10180.83,1
5447.68,1
5364.65,1
3818.15,1
3635.07,1
5764.38,1
3922.62,1
13896.12,1
4106.96,1
3922.39,1
999.75,1
13965.71,1
923.81,1
2006.14,1
5711.44,1
2223.01,1
6581.63,1
356.18,1
8012.83,1
2222.57,1
8482.53,1
18895.09,1
12164.0,1
6957.38,1
3120.3,1
2253.24,1
18974.78,1
5229.38,1
651.21,1
3925.59,2
2475.22,1
3847.33,1
533.06,1
8412.27,1
16866.03,1
10505.06,1
3641.84,1
6144.61,1
5231.69,1
5522.23,1
19678.66,1
10902.72,1
2454.84,1
12708.43,1
6193.31,1
9508.78,1
4583.74,1
19117.89,1
7006.58,1
2838.44,1
3156.1,1
22838.66,1
10777.94,1
652.83,1
12316.28,1
3780.0,1
1373.7,1
1277.2,1
21689.13,1
728.23,1
16386.57,1
1843.18,1
2346.36,1
2978.39,1
6215.57,1
2059.7,1
14785.86,1
1048.35,1
22662.4,1
1951.16,1
3137.26,2
2158.23,1
1918.99,1
3089.15,1
19999.36,1
1357.7,1
2342.73,1
3754.92,1
3786.66,1
1593.68,1
2280.96,1
5008.65,1
5152.58,1
7996.06,1
5944.51,1
12936.16,1
12289.46,1
6751.79,1
22716.45,1
622.47,1
14171.67,1
446.72,1
3698.65,1
6434.41,1
16864.55,1
5256.87,1
3313.58,1
8853.99,1
13572.52,1
1823.33,1
10022.42,1
15641.11,1
1340.8,1
3151.55,1
13650.39,1
15190.92,1
20955.46,1
17381.58,1
17713.35,1
11068.08,1
1791.86,1
3643.79,1
576.94,1
3860.29,1
10179.92,1
245.6,1
8272.04,1
2182.08,1
12037.0,1
4479.01,1
4522.9,1
663.91,1
244.78,1
14162.53,1
21642.79,1
2812.66,1
21151.92,1
267.32,1
2300.04,1
14759.96,1
1652.98,1
4365.63,1
1058.99,1
1209.06,1
8070.18,1
3433.83,1
3186.8,1
932.01,1
3446.27,1
3564.48,1
13224.75,1
11740.05,1
17218.28,1
4264.97,1
14144.81,1
9513.96,1
3097.02,1
4076.87,1
5380.83,1
2596.08,1
371.06,1
1645.98,1
11293.01,1
3250.09,2
2950.04,1
7569.86,1
6448.74,1
4021.27,1
2264.0,1
11390.6,1
1129.76,1
5189.98,1
2840.04,1
2726.66,1
366.02,1
4747.59,1
245.35,1
349.46,1
3505.14,1
2390.45,1
354.11,1
7700.39,1
4194.34,1
1998.05,2
12848.28,1
11674.75,1
22490.26,1
354.63,1
2467.5,1
11316.65,1
15436.41,1
5574.54,1
6108.64,1
5404.97,1
6642.74,1
4178.81,1
3026.71,1
11710.7,1
2158.1,1
3024.76,1
12941.96,1
6225.89,1
5771.26,1
7046.1,1
8620.34,1
3025.41,1
18722.53,1
16968.1,1
6957.9,1
9899.19,1
14266.15,1
13777.36,1
5583.48,1
2324.96,1
5468.15,1
3212.45,1
4790.11,1
4231.56,1
5837.4,1
13568.09,1
12948.74,1
13941.65,1
13510.28,1
10195.37,1
4636.28,1
650.31,1
666.52,1
10476.65,1
3918.02,1
15949.74,1
16335.89,1
9418.04,1
6509.9,1
12705.63,1
24588.53,1
14567.19,1
244.05,1
11685.37,1
3132.42,1
9295.39,1
11007.19,1
1303.25,1
15060.67,1
1793.88,1
1434.04,1
16908.25,1
11206.26,1
8313.51,1
8942.83,1
5429.62,1
4963.51,2
5267.84,1
10572.7,1
5877.96,1
3378.79,1
522.95,1
14123.65,1
134.76,1
8766.36,1
16779.94,1
1331.69,1
441.84,1
5812.63,1
17004.79,1
3498.88,1
15624.87,1
64.75,1
824.46,1
9919.5,1
17270.79,1
18448.46,1
6133.05,1
12193.25,1
996.93,1
2237.6,1
13225.69,1
2581.49,1
2493.25,1
13463.88,1
57.17,1
2899.42,1
22199.11,1
9042.04,1
6006.0,1
6643.3,1
5877.72,1
7748.54,1
152.11,1
5180.99,1
5360.53,1
5418.15,1
5237.78,1
410.9,1
11693.64,1
4972.26,1
769.47,1
18647.77,1
8360.79,1
12505.94,1
6386.76,1
296.8,1
4245.27,1
1920.17,1
3100.48,1
511.32,1
2947.54,1
7074.32,1
2573.01,1
4620.21,1
4521.99,1
2471.25,1
1332.3,1
3674.65,1
3038.41,1
4934.15,1
4149.74,1
728.0,1
3504.61,1
8408.46,1
21134.48,1
7916.41,1
2813.18,1
423.26,1
7118.67,1
15701.92,1
2457.74,1
21998.93,1
9298.93,1
13018.55,1
5376.68,1
2262.75,1
13310.22,1
518.71,1
1620.8,1
13025.77,1
17890.36,1
3880.13,1
14396.32,1
22338.16,1
4686.79,1
3369.79,1
2915.75,1
501.52,1
5719.02,1
18727.49,1
21521.46,1
3230.64,1
7816.9,1
1532.2,1
9214.89,1
18029.33,1
2792.51,1
3914.76,1
4153.18,1
7080.22,1
6832.82,1
2209.27,1
870.87,1
11122.67,1
3597.12,1
18663.51,1
536.7,1
14410.09,1
1267.24,1
395.38,1
18947.13,1
6293.73,1
10072.33,1
3006.6,1
3622.0,1
1646.91,1
5368.01,1
5783.57,1
4438.31,1
13871.52,1
6023.99,2
5226.78,1
12706.14,1
9831.45,1
7205.3,1
4359.2,1
14617.13,1
4218.43,1
6428.22,1
4445.53,1
4528.6,1
552.43,1
10574.28,1
8112.11,1
3361.65,1
2122.41,1
435.96,1
8312.76,1
3902.64,1
2352.15,1
9632.38,1
5875.3,1
7521.75,1
8461.43,1
2229.28,1
2975.97,1
98.15,1
19317.48,1
3147.04,1
17228.15,1
13725.81,1
6413.76,1
3762.78,1
8006.13,1
5471.69,1
4299.61,1
7618.03,1
12275.71,1
5374.64,1
6161.1,1
230.39,1
6786.62,1
2967.06,1
7971.9,1
2504.12,1
4385.83,1
1761.97,1
3724.14,1
1905.97,1
11944.94,1
2339.42,1
1690.79,1
1920.85,1
13702.1,1
1946.66,1
7763.15,1
3406.49,1
8168.85,1
1176.48,1
4490.36,1
9619.86,1
12220.07,1
3497.69,1
8758.81,1
2469.4,1
4772.22,1
5418.35,1
21281.98,1
14620.72,1
7228.27,1
3855.82,1
5720.06,1
200.05,1
8250.64,1
8654.56,1
6487.61,1
1892.3,1
178.7,1
16556.45,1
14132.71,1
3301.93,1
8173.5,1
11165.61,1
3728.0,1
12860.37,1
7999.13,1
1627.21,1
6845.98,1
1811.24,1
3873.67,1
531.27,1
4446.38,1
8045.31,1
2160.64,1
2409.63,1
6558.25,1
1281.74,1
3644.22,1
594.01,1
5529.13,1
6782.9,1
18216.19,1
14932.27,1
5625.5,1
4371.98,1
16813.37,1
1182.24,1
1579.59,1
9725.7,1
9864.47,1
1931.41,1
10653.09,1
6774.2,1
10886.19,1
6538.25,1
5803.7,1
15812.2,1
2785.23,1
3980.29,1
13134.42,1
4113.04,2
3883.93,1
2609.02,1
10401.13,1
769.61,1
3692.32,1
2242.45,1
9955.72,1
5913.59,1
2532.31,1
2560.81,1
3648.9,1
12292.38,1
4140.38,1
1282.6,1
5118.83,1
3048.55,1
4324.9,1
4014.26,1
1474.22,1
1229.41,1
822.79,1
3180.19,1
16599.2,1
857.74,1
5428.67,1
4742.53,1
22461.13,1
2756.85,1
18516.91,1
13532.47,1
5229.99,1
2658.09,1
10041.18,1
6254.55,2
1977.7,1
4116.55,1
3132.79,1
12737.04,1
9636.8,1
3660.88,1
541.49,1
9353.0,1
3568.42,1
8125.83,1
3840.42,1
3778.29,1
8320.37,1
5997.32,1
6815.28,1
6282.01,1
7924.26,1
11967.19,1
5988.62,1
19055.28,1
4722.28,1
271.24,1
27.34,1
1884.21,1
14784.96,1
9863.22,1
10158.01,1
1155.54,1
11079.33,1
6230.1,1
6058.95,1
10438.36,1
3361.3,1
5011.62,1
13174.82,1
6152.23,1
2975.76,1
11899.99,1
5226.65,1
2294.88,1
10967.4,1
3060.89,1
17693.64,1
1636.69,1
1286.27,1
3060.34,1
11805.34,1
18752.99,1
5491.85,1
24090.34,1
1704.32,1
3916.78,1
11076.61,1
11459.23,1
5460.3,1
8349.1,1
14139.06,1
4590.32,1
1677.64,1
13565.22,1
8078.02,1
7464.2,1
4365.8,1
9717.2,1
10951.81,1
4392.77,1
11246.43,1
5944.31,1
17518.62,1
3843.89,1
1699.66,1
8208.24,1
6071.96,2
7990.72,1
7347.36,1
8710.68,1
15531.31,1
13856.17,1
7762.51,1
11658.68,1
3529.56,1
308.03,1
3978.85,1
14992.65,1
3724.18,1
446.58,1
7460.54,1
16303.76,1
4812.61,1
3715.8,1
2267.97,1
2800.49,1
9137.69,1
4609.23,1
1873.08,1
10162.4,1
13162.05,1
467.92,1
2674.41,1
10590.0,1
1869.64,1
3846.91,1
7178.01,1
7304.04,1
14961.47,1
2686.99,1
446.26,1
2972.24,1
19166.05,1
1939.54,2
625.03,1
7231.83,1
1990.51,1
3716.77,1
5834.21,1
388.74,1
13800.54,1
13272.64,1
10898.98,1
1716.89,1
17038.3,1
15188.56,1
3779.44,1
14466.67,1
15681.61,1
2550.53,1
15726.7,1
1083.55,1
6758.32,1
10565.27,1
3893.29,1
607.14,1
3527.44,1
5743.17,1
187.47,1
197.53,2
1210.8,1
4224.01,1
5532.23,1
13429.27,1
2914.21,1
15025.22,1
2333.13,1
788.84,1
4208.98,1
1050.61,1
15364.19,1
12826.2,1
2959.12,1
9332.87,1
9868.99,1
1488.67,1
10440.49,1
7425.97,1
5619.2,1
5387.77,1
3156.53,1
985.93,1
5797.91,1
9707.89,1
1362.24,1
722.45,1
5762.04,1
3842.63,1
15931.27,1
8733.26,1
6100.91,1
7135.77,1
6080.12,2
50.48,1
7043.48,1
3940.26,1
4473.15,1
10542.61,1
2690.29,1
1890.53,1
2394.39,1
15783.93,1
1334.44,1
2259.78,1
11830.07,1
21795.6,1
419.8,1
11034.0,1
15499.98,1
4181.65,1
11715.1,1
7490.02,1
16299.5,1
2428.87,1
8180.24,1
18499.63,1
22979.14,1
1434.41,1
1282.22,1
2684.72,1
805.82,1
7013.88,1
7659.16,1
21809.11,1
1696.07,1
642.27,1
6889.87,1
5208.23,1
3774.07,1
2132.59,2
2947.55,1
3163.56,1
4151.42,1
3311.37,1
4429.87,1
16856.24,1
5689.28,1
1675.05,1
4582.09,1
3877.59,1
6868.06,1
2980.09,1
5157.06,1
2912.11,1
5776.25,1
307.54,1
2711.37,1
9757.18,1
1613.18,1
7394.9,1
3405.98,1
13727.21,1
7364.89,1
9694.98,1
4247.15,1
3756.01,1
6702.23,1
2316.66,1
12766.64,1
9101.85,1
17935.25,1
5237.03,1
16113.48,1
13104.35,1
19164.15,1
3805.38,1
573.7,1
1541.63,1
15235.05,1
7503.0,1
3888.11,1
739.85,1
3740.69,1
18630.05,1
2969.26,1
14090.33,1
9628.79,1
153.81,1
2046.94,1
275.78,1
2250.5,1
5203.97,1
9661.67,1
6252.71,1
2756.42,1
4296.79,1
1424.58,1
6723.25,1
4450.64,1
3678.67,1
880.69,1
6836.11,1
17220.22,1
4727.63,1
3511.4,1
8411.52,1
7337.49,1
447.02,1
9382.92,1
828.83,1
9344.19,1
4575.87,1
3472.97,1
10187.57,1
5271.08,1
2018.6,1
1381.48,1
8356.83,1
5829.28,1
825.36,1
3108.2,1
6562.74,1
13520.3,1
15064.66,1
268.47,1
9681.09,1
1097.06,1
7813.64,1
18988.03,1
386.13,1
2462.75,1
15072.24,1
14051.75,1
7808.18,1
9693.06,1
2010.6,1
540.82,1
2911.28,1
15533.79,1
3194.85,1
8489.97,1
14053.89,1
14074.67,1
1751.33,1
17402.97,1
11304.5,1
1633.63,1
654.68,1
13722.32,1
5787.87,1
14391.31,1
16216.68,1
18560.76,1
14151.35,1
7459.31,1
6442.47,1
1226.88,1
11381.75,1
9621.63,1
7550.87,1
15381.36,1
7358.3,1
8748.53,1
2822.93,1
8200.51,2
7552.29,1
3380.84,1
4021.78,1
6299.0,1
2360.06,1
16909.23,1
10922.64,1
6311.46,1
278.63,2
9307.94,1
1887.4,1
2172.59,1
1200.3,1
3352.43,1
6097.41,1
9505.27,1
4930.55,2
10455.19,1
14317.71,1
4358.96,1
2001.71,1
10046.0,1
6070.7,1
18168.14,1
6657.82,1
2976.47,1
9755.43,1
5868.17,1
2758.61,1
1223.59,1
356.05,1
12632.28,1
5668.39,1
2138.61,1
12915.45,1
12728.07,1
6218.7,1
20966.46,1
20271.54,1
10804.41,1
15509.22,1
765.35,1
10135.97,1
9716.48,1
698.33,1
4301.86,1
4033.51,1
9195.63,1
11699.79,1
14632.98,1
6550.94,1
2416.93,1
13316.18,1
4024.9,1
15869.76,1
5760.53,1
5744.23,1
3121.46,1
6886.25,1
4785.15,1
5565.35,1
261.41,1
16331.0,1
4167.84,1
7658.55,1
1280.95,1
7075.07,1
8471.8,1
8479.64,1
11819.89,1
8227.81,1
5368.27,2
3218.21,1
3133.57,1
15475.47,1
13023.94,1
2410.08,1
723.69,1
3959.15,1
10001.48,1
1969.14,1
13193.84,1
15825.25,1
823.35,1
4653.91,1
20690.73,1
7464.88,1
2434.81,1
7860.84,1
4099.02,1
8556.3,1
13011.17,1
2916.94,1
7511.42,1
15697.43,1
2295.25,1
8377.11,1
1718.8,1
6669.44,1
10836.56,1
4520.38,1
7997.14,1
11488.99,1
6201.88,1
4698.63,1
7110.17,1
7537.96,1
658.37,1
2979.97,1
5468.54,1
21847.78,1
2574.52,1
1717.02,1
2323.72,1
14326.76,1
6187.07,1
2524.63,1
3387.77,1
11422.92,1
108.31,1
5661.26,1
4178.33,1
2394.62,1
11895.62,1
9918.13,1
1404.19,1
1532.02,1
1378.56,1
19035.05,1
2687.31,1
12163.3,1
2344.83,1
3415.15,1
13593.54,1
5122.17,1
9693.08,1
2503.27,1
13509.61,1
8281.42,1
2832.15,1
16906.36,1
10782.57,1
131.02,1
3815.28,1
3136.08,1
11632.72,1
4323.97,1
13535.73,1
3197.78,1
3417.56,1
9004.06,1
10118.86,1
2174.94,1
7808.64,1
10424.85,1
1284.85,1
2574.78,1
11103.77,1
3681.43,1
4958.04,1
3403.95,1
10741.57,1
5594.23,1
15553.95,2
3728.99,1
8193.42,1
2491.0,1
1093.76,1
16385.3,1
3983.6,1
4447.22,1
3857.54,1
11413.88,1
10972.46,1
2648.11,1
16826.98,1
15671.98,1
5609.61,1
2330.11,1
5905.07,1
3128.9,1
1649.7,1
12595.22,1
16661.05,1
3780.46,1
2641.13,1
1222.5,1
12032.44,1
15370.38,1
5965.84,1
5507.06,1
2689.2,1
2353.91,3
5819.48,1
4720.63,1
11261.38,1
7544.61,1
4658.31,1
4225.68,1
11871.11,1
3528.71,1
1316.51,1
1365.25,1
357.43,1
549.05,1
4003.68,1
5348.99,1
8287.29,1
21554.89,1
2570.98,1
2548.13,1
541.02,1
3536.79,1
4793.31,1
567.59,1
12801.66,1
2677.05,1
1897.31,1
1793.54,1
4734.08,1
9486.52,1
7864.93,1
10410.32,1
4060.52,1
16592.6,1
18097.63,1
5484.24,1
5298.56,1
7985.31,1
5178.72,1
3443.18,1
1362.61,1
2578.46,1
8023.48,1
2090.05,1
3358.24,1
535.43,1
7529.66,1
615.09,1
204.93,1
7160.3,1
13790.82,1
3258.34,1
1084.6,1
1044.27,1
3021.78,1
106.38,1
2529.49,1
2952.49,1
16523.14,1
775.92,1
211.59,1
20610.65,1
4284.45,1
2455.27,1
11098.22,1
3887.73,1
7713.32,1
6690.19,1
4277.7,2
74.31,1
4374.1,2
2138.8,1
14178.75,1
13251.56,1
12458.43,1
9799.16,1
3520.92,1
2456.13,1
2517.93,1
13064.58,1
12247.3,1
14623.0,1
4146.25,1
987.27,1
1104.19,1
13743.34,1
609.56,1
4124.59,1
3304.79,1
13528.23,1
4746.4,1
20949.22,1
6926.86,1
8035.0,1
203.65,1
18236.38,1
5735.44,1
3991.7,1
2258.03,1
10058.08,1
17778.7,1
9130.83,1
11013.82,1
3700.69,1
8019.09,1
10980.3,1
2679.82,1
3207.29,1
13648.17,1
1629.5,1
627.29,1
12290.85,1
2582.64,1
2465.41,1
7013.01,1
7695.73,1
463.28,1
499.78,1
3893.54,1
3127.79,1
5424.92,1
825.08,1
7219.18,1
14681.84,1
5748.98,1
4051.05,1
1407.41,1
2458.29,1
10850.41,1
2570.55,1
8881.94,1
3540.0,1
8560.28,1
883.87,1
8234.2,1
2501.1,1
11023.44,1
19301.81,1
2594.61,1
7242.59,1
2301.33,1
22416.06,1
5614.15,1
7756.78,1
3283.66,1
9834.54,1
369.68,1
2109.21,1
5036.2,1
11349.42,1
7193.4,1
8960.67,1
3112.6,1
6822.32,1
5767.6,1
9719.46,1
6370.84,1
5067.19,1
10945.5,1
315.58,1
954.29,1
2635.85,1
958.31,1
3623.31,1
16249.07,1
8681.11,2
1834.58,1
3944.08,1
3510.44,1
3896.14,1
12022.77,1
2276.7,1
10039.83,1
2221.33,1
5659.31,1
13096.81,1
2485.64,1
829.98,1
20727.91,1
13274.05,1
7645.81,1
2006.57,1
8434.79,1
2947.9,1
3570.46,1
204.2,1
2660.69,1
17331.42,1
2798.64,1
5394.62,1
14551.73,1
4959.08,1
4435.91,1
8745.42,1
5158.05,2
9717.18,1
5604.24,1
13141.32,1
6127.28,1
1180.57,1
9116.52,1
11672.63,1
13374.08,1
4507.34,1
4849.05,1
3745.8,1
1843.12,1
1378.01,1
8604.12,1
6860.11,1
17300.52,1
10815.32,1
1982.61,1
442.39,1
5769.97,1
5031.29,1
4844.91,1
14343.73,1
7603.49,1
3986.36,1
3722.96,1
13452.22,1
1140.54,1
14647.42,1
11064.84,1
17846.55,1
7962.12,1
9496.7,1
4786.75,1
3381.7,1
4832.68,1
20115.68,1
1082.35,1
12336.57,1
6517.09,1
6014.18,1
5999.82,1
6283.9,1
16184.35,1
1814.06,1
1885.97,2
2494.53,1
7328.66,1
4687.24,1
1374.68,1
5490.96,1
11310.18,1
16844.94,1
3634.7,1
17330.4,1
1120.34,1
10617.06,1
2671.6,1
21130.28,1
3861.58,1
138.11,1
2540.31,1
3021.81,1
6578.44,1
4738.43,1
13638.0,1
2906.48,1
3304.49,1
13294.1,1
5743.61,1
12634.56,1
1489.26,1
13084.85,1
305.24,1
616.59,1
7872.74,1
11381.55,1
1237.6,1
9190.14,1
13683.83,1
14383.85,1
23200.8,1
16924.19,1
3764.86,1
2613.9,1
3464.95,1
3220.41,1
20661.55,1
4868.02,1
141.01,1
5808.81,1
330.61,1
11693.28,1
2937.35,1
18636.21,1
5646.28,1
4278.17,1
7717.41,1
2901.79,1
1847.18,1
4181.03,1
18639.78,1
20729.29,1
352.74,1
8980.34,1
9244.3,1
989.84,1
6565.08,1
728.45,1
9177.41,1
8471.55,1
1325.2,1
10428.63,1
5934.08,1
10202.22,1
23510.61,1
599.53,1
599.86,1
2608.37,2
13794.06,1
12369.7,1
3458.94,1
4542.37,1
3175.25,1
2354.62,1
10180.48,1
3373.7,1
3914.13,1
16990.79,1
1138.45,1
5001.86,1
5947.9,1
5322.76,1
17255.21,1
10970.46,1
10097.71,1
22631.46,1
9929.89,1
4762.71,1
4567.93,1
2725.87,1
554.84,1
1154.77,1
4868.5,1
5812.45,1
6699.06,1
6605.77,1
4826.48,1
13219.71,1
15764.68,1
7949.93,1
21293.48,1
2984.33,1
5752.67,1
2470.67,1
12874.37,1
1542.67,1
1963.63,1
10003.24,1
2544.63,1
1590.55,1
10868.49,1
2575.98,1
1149.88,1
1111.09,1
21742.6,1
12089.26,1
15919.2,1
4416.82,1
4638.29,1
10067.89,1
796.78,1
8562.93,1
11809.92,1
11066.67,1
10362.03,1
757.3,1
7381.74,1
11448.06,1
2139.56,1
2667.63,1
12369.51,1
100.65,1
20016.38,1
4328.5,1
7205.24,1
69.08,1
3890.93,1
395.23,1
3019.0,1
16162.71,1
10254.57,1
9439.33,1
15334.06,1
2455.24,1
19628.14,1
7866.12,1
4338.18,1
8927.09,1
3489.77,1
16763.59,1
8234.8,1
10133.39,1
3259.34,1
1892.58,1
7368.5,1
615.19,1
11980.5,1
2667.22,1
3229.53,1
995.63,1
2032.75,1
8748.65,1
14792.52,1
3864.85,1
12767.7,1
10427.45,1
1404.1,1
5776.47,1
4070.84,1
8205.27,1
15047.3,1
4608.0,1
1311.05,1
660.29,1
1174.6,1
1186.35,2
830.85,1
8456.43,1
1587.66,1
8032.64,1
3557.2,1
8665.75,1
11443.65,1
7838.83,1
7976.77,1
1130.51,1
729.95,1
15143.84,1
5612.39,1
3903.22,1
2409.61,1
15626.24,1
1560.61,1
2832.33,1
13685.31,1
14946.16,1
14514.77,1
3119.98,1
11498.14,1
5057.16,1
6077.07,1
15189.68,1
5950.65,1
1362.46,1
14131.71,1
358.17,1
4723.9,1
5360.25,1
5615.54,1
146.15,1
2948.53,1
1332.12,1
13787.95,1
7802.17,1
8260.02,1
21975.64,1
5283.1,1
2443.61,1
230.58,1
297.46,1
3600.9,1
16652.48,1
2619.32,1
6221.69,1
1157.88,1
15098.84,1
7051.24,1
3180.51,1
2028.55,1
8905.07,1
1332.17,1
2699.26,1
7134.3,1
7319.63,1
10442.67,1
10637.08,1
3429.07,1
4343.33,1
1281.94,1
5911.61,1
15923.97,1
2407.97,1
4613.76,1
6234.08,1
3204.27,1
2834.39,1
17793.3,1
7689.9,1
21624.3,1
2201.04,1
10220.64,1
4665.15,1
8018.88,1
7053.48,1
1205.71,1
4230.93,1
4205.32,1
7840.15,1
4102.47,1
15607.71,1
4273.12,1
15478.74,1
12977.04,1
7508.93,1
11325.32,1
19413.14,1
10036.3,1
7989.06,1
1592.82,1
2608.16,1
5236.87,1
2261.71,1
18875.14,1
6048.52,1
545.43,1
2278.46,1
9421.9,1
13394.55,1
2569.26,1
3845.85,1
961.51,1
3191.85,1
1246.71,1
7132.22,1
19959.61,1
7651.3,1
3516.47,1
5521.3,1
2324.85,1
4564.29,1
4635.47,1
9421.34,1
7044.65,1
6696.28,1
14560.4,1
14311.79,1
4341.28,1
83.49,1
2178.42,1
4520.58,1
4142.73,1
2852.52,1
1832.67,1
4606.84,1
9772.4,1
2378.1,1
6406.31,1
1196.21,1
706.91,1
7463.66,1
8050.22,1
765.91,1
8021.69,1
8482.12,1
144.56,1
9789.66,1
1734.28,1
421.23,1
4257.86,1
13569.18,1
14263.47,1
4500.41,1
3961.98,1
7823.0,1
992.05,1
188.23,1
2588.68,1
717.45,1
7116.32,1
1528.3,1
13819.01,1
1787.45,1
937.26,1
10537.94,1
5487.82,1
14534.45,1
4750.17,1
12740.69,1
12927.44,1
8582.44,1
5581.62,1
6252.05,1
20153.43,1
10141.61,1
4856.49,1
2182.51,1
8120.64,1
131.13,1
166.68,1
7666.21,1
10837.81,1
15507.79,1
262.63,1
5004.23,1
6724.68,1
14778.36,1
6726.98,2
7254.27,1
2343.54,1
6214.08,1
3337.39,1
7951.62,1
2931.64,1
13206.6,1
12587.33,1
8578.22,1
10013.39,1
12395.48,1
12922.98,1
7932.24,1
2396.03,1
15193.73,1
12465.42,1
16036.41,1
7029.47,1
181.11,1
2627.96,1
5592.0,1
4301.33,1
5178.28,1
1228.31,1
292.44,1
4475.83,1
10684.65,1
14015.91,1
2165.47,1
16100.17,1
260.85,1
13199.26,1
1360.98,1
12872.42,1
3594.14,1
680.38,1
3399.02,1
5395.87,1
3908.51,1
7368.34,1
6909.98,1
12644.01,1
2043.48,1
9379.06,1
1586.35,1
5035.94,1
10655.01,1
8297.59,1
20577.42,1
7594.85,1
5049.56,1
7962.25,1
3191.76,1
169.41,1
1600.82,1
3694.78,1
2208.02,1
12870.26,1
14755.18,1
5998.29,1
5924.2,1
14349.86,1
784.56,1
18652.59,1
1610.26,1
2114.5,1
15411.11,1
4167.39,1
8205.48,1
1525.04,1
1353.82,1
3385.31,1
7945.14,1
7173.16,1
9818.11,1
5202.09,1
10430.35,1
15034.77,1
2723.38,1
6439.79,1
4168.37,1
728.12,1
233.32,1
7029.89,1
3301.13,1
2552.38,1
1465.81,1
16746.39,1
9994.22,1
3243.47,1
7770.13,1
3582.39,1
6037.52,1
9082.66,1
3085.39,1
329.25,1
2832.27,1
1966.33,1
2108.33,1
3548.47,1
6682.45,1
629.69,1
4047.42,1
4835.52,1
5937.76,1
2972.15,1
9451.86,1
6720.89,1
9831.19,1
344.18,1
660.36,1
1879.21,1
365.94,1
2890.76,1
11929.49,1
4892.81,1
5141.25,1
6044.48,1
3334.21,1
2933.25,1
10823.57,1
699.03,1
3836.69,1
6916.69,1
526.88,1
3669.86,1
6273.29,1
9278.15,1
1297.1,1
16113.77,1
6818.31,1
13991.1,1
1894.88,1
12929.52,1
6358.66,1
14397.63,1
4329.71,1
4656.41,1
4035.05,1
15499.05,1
3493.0,1
3024.27,1
7618.68,1
9289.16,1
3381.15,1
2576.79,1
472.31,1
3763.46,1
5653.59,1
5742.04,1
12353.5,1
833.72,1
1260.66,1
71.62,1
15777.55,1
9910.66,1
8709.68,1
9284.04,1
3404.38,1
11002.12,1
16796.97,1
6274.3,1
6342.82,1
7656.56,1
11556.36,1
1455.71,1
3947.08,1
17228.44,1
3519.87,1
8726.98,1
2234.04,1
4204.77,1
332.7,1
10633.9,1
7963.65,1
12435.72,1
4101.37,1
12704.79,1
2903.93,1
6142.3,1
995.85,1
1386.53,1
13763.91,1
13528.85,1
265.83,1
12992.05,1
4239.83,1
6744.49,1
15078.61,1
19085.4,1
2113.88,1
8975.12,1
5409.3,1
8821.18,1
2931.82,1
6945.24,1
3545.29,1
2944.56,1
5496.3,1
15228.83,1
3615.27,1
3780.04,1
5206.76,1
3382.38,1
4629.88,1
12988.81,1
7386.08,1
11929.75,1
5736.1,1
2479.9,1
568.55,1
444.62,1
6729.82,1
17102.98,1
13661.75,1
3145.6,1
5071.91,1
3727.17,1
17392.52,1
4649.24,1
11983.51,1
4838.57,1
3241.04,1
6692.75,1
2530.23,1
17557.14,1
6849.1,1
5270.37,1
17400.79,1
2796.75,1
19156.66,1
4282.66,1
8671.9,1
3575.64,1
8175.86,1
727.74,1
10036.86,1
7584.12,1
4429.9,1
6806.17,1
486.14,1
10549.95,1
12474.92,1
9380.23,1
21236.47,1
2624.12,1
6253.88,1
4179.39,1
12891.7,1
835.32,1
12994.75,1
7345.35,1
17538.18,1
2864.46,1
11737.86,1
8669.27,1
2722.99,1
824.11,1
13584.56,1
12908.77,1
7751.54,1
2799.93,1
3193.29,1
683.88,1
201.59,1
17659.4,1
10506.78,1
4030.57,1
10136.13,1
18154.64,1
2720.67,1
4164.84,1
1277.58,1
406.94,1
3655.15,1
3529.97,1
9029.25,1
7417.05,1
12905.49,1
733.65,1
1822.45,1
511.16,1
9315.43,1
3304.13,1
12158.12,1
1520.53,1
3101.64,1
16855.46,1
3883.1,1
5104.46,1
1045.55,1
12592.77,1
11098.57,1
2905.17,1
14670.48,1
16457.19,1
17100.0,1
7162.59,1
6929.71,1
9180.2,1
7585.45,1
1448.82,1
8137.62,1
12728.53,1
2385.78,1
5241.72,1
5368.35,1
9367.54,1
681.47,1
4077.25,1
1102.49,1
11189.74,1
21582.6,1
3698.37,1
12774.83,1
14038.8,1
3985.75,1
1772.92,1
2906.98,1
4336.76,1
6012.69,1
4947.34,1
1437.99,1
6385.28,1
13743.49,1
12845.7,1
10752.62,1
10424.45,1
2359.79,1
547.06,1
10243.34,1
5095.36,1
9058.9,1
22833.13,1
667.49,1
4289.47,1
2766.6,1
12421.02,1
2527.65,1
17937.2,1
4183.05,1
12737.18,1
8440.48,1
2132.75,1
20767.92,1
7197.17,1
3622.41,1
6563.55,1
5560.04,1
17131.82,1
7093.5,1
9791.97,1
14094.61,1
681.56,1
1584.37,1
12970.8,1
8598.88,1
1785.61,1
6539.13,1
9324.82,1
14427.45,1
8429.12,1
1739.98,1
4344.22,1
6399.7,1
547.8,1
6615.85,1
6614.94,1
9850.98,1
3823.77,1
2510.59,1
18577.59,1
3256.41,1
5421.66,1
2880.86,1
2364.21,1
13444.64,1
6753.74,1
15171.64,1
8842.71,1
3390.78,1
6347.19,1
2594.87,1
2526.46,1
1186.93,1
167.74,1
8181.93,1
6737.95,1
30.69,1
29.48,1
7684.02,1
1564.74,1
4497.35,1
9110.67,1
12493.24,1
3202.84,1
20067.44,1
16347.58,1
1816.71,1
5417.48,1
3585.6,1
21146.94,1
457.57,1
6191.21,1
1760.5,1
8152.26,1
13449.29,1
2425.5,1
4506.29,1
1184.01,1
6557.01,1
508.81,1
3815.91,1
16572.67,1
5974.22,1
12593.6,1
1886.89,1
2283.27,2
3134.04,1
7468.38,1
3344.95,1
5186.05,1
3120.37,1
555.25,1
12333.58,1
3830.56,1
3862.51,1
6803.54,1
8764.11,1
11726.33,1
4549.08,1
120.69,1
13560.13,1
384.92,1
10808.11,1
16115.77,1
3751.42,1
4615.06,1
1519.06,1
580.34,1
7367.64,1
8570.69,1
5947.29,1
6633.56,1
5962.23,1
1230.91,1
850.85,1
3270.14,1
1030.17,1
4115.04,1
8926.06,1
7523.65,1
3884.23,1
3251.16,1
4002.49,1
4004.72,1
3398.58,1
23828.71,1
13215.08,1
1432.2,1
1237.44,1
800.73,1
16664.59,1
15570.86,1
774.69,1
3804.23,1
2256.5,1
2789.72,1
1408.09,1
16207.39,1
12021.06,1
663.62,1
11188.61,1
23211.86,1
7529.81,1
9432.68,1
5400.89,1
9147.18,1
2644.19,1
12396.21,1
2660.79,1
813.56,1
3536.89,1
8289.77,1
3309.01,1
8437.33,1
262.11,1
2872.79,1
10503.09,1
7908.16,1
2830.21,1
2233.81,1
635.22,1
11861.4,1
17335.92,1
11005.91,1
2979.69,1
11992.44,1
5403.52,1
3037.0,1
12672.13,1
1551.57,1
16676.49,1
11223.29,1
2915.77,1
2469.33,1
314.58,1
12403.71,1
5775.6,1
12948.1,1
3315.83,1
1027.04,1
639.41,1
14581.4,1
18837.63,1
8040.69,1
9717.64,1
3395.07,1
3272.89,1
4861.82,1
8191.22,1
1688.49,1
3350.67,1
701.2,1
4829.71,1
7406.73,1
10577.88,1
18001.02,1
11930.1,1
3380.41,1
12908.26,1
12776.51,1
18438.91,1
7515.98,1
11122.55,1
7430.52,1
4449.13,1
2830.38,1
2726.07,1
182.56,1
2430.55,1
10117.45,1
2410.54,1
8830.15,1
13455.68,1
9687.29,1
12984.24,1
14309.11,1
3500.11,1
3204.21,1
3357.58,1
1397.43,1
403.63,1
1347.17,1
2813.17,1
9669.16,1
4537.53,1
1674.29,1
8003.38,1
2338.93,1
1834.18,1
6389.47,1
15590.07,1
2878.65,1
23823.96,1
7762.59,1
292.06,1
15882.29,1
10152.67,1
10893.91,1
1679.92,1
5741.57,1
17172.44,1
10404.82,1
3040.4,1
3435.16,1
238.78,1
4430.47,1
12765.14,1
3663.84,1
5163.08,1
320.86,1
18520.49,1
7173.17,1
12076.23,1
4083.25,1
8935.38,1
4056.91,1
8925.43,1
3268.1,1
917.3,1
2909.65,1
12323.13,1
6379.49,1
6550.45,1
8738.94,1
1386.87,1
4877.78,1
4968.69,1
417.49,1
11391.15,1
2830.8,1
3853.27,1
339.72,2
3873.84,1
1098.07,1
3187.02,1
19769.3,1
7887.94,1
3247.08,1
346.54,1
3868.4,1
14936.87,1
8688.29,1
12034.26,1
2507.09,1
5059.56,1
8603.73,1
1181.52,1
1968.72,1
4067.66,1
2849.68,1
9792.43,1
9161.87,1
1382.84,1
591.98,1
4575.03,1
12532.13,1
13638.28,1
3433.76,1
17785.66,1
580.82,1
2127.24,1
2958.18,1
14754.05,1
2465.78,1
11112.44,1
22805.25,1
4819.2,1
6865.17,1
7804.28,1
142.97,1
6485.8,1
14890.26,1
16957.94,1
8174.11,1
17045.54,1
5310.35,1
6812.34,1
3311.61,1
1381.24,1
2049.51,1
14514.27,1
1660.92,1
17596.98,1
6094.09,1
15928.58,1
2649.15,1
3016.25,1
3653.16,1
142.2,1
4316.1,1
11886.04,1
2059.75,1
840.29,1
262.15,1
4979.88,1
2623.05,1
11646.26,1
13133.83,1
2642.29,1
15411.2,1
2953.94,1
2951.44,1
16987.09,1
3087.61,1
11020.22,1
2707.45,1
16786.14,1
232.43,1
2628.25,1
17078.73,1
14479.91,1
18784.0,1
3618.84,1
14878.21,1
8338.94,1
998.62,1
3305.02,1
7843.16,1
11357.0,1
1166.59,1
11109.39,1
16473.58,1
3981.67,1
5790.95,1
12874.99,1
22496.92,1
1784.97,1
15340.62,1
532.46,1
1284.54,1
83.29,1
11880.91,1
13586.27,1
4042.23,1
2188.93,1
5053.78,1
16789.47,1
2979.79,1
227.1,1
15363.8,1
301.18,1
2776.02,1
2780.35,1
5604.4,1
6079.93,1
11465.33,1
2547.56,1
11683.77,1
2296.7,1
3281.06,1
6718.9,1
9043.07,1
1908.57,1
2271.28,1
13142.58,1
11562.26,1
9273.28,1
12229.38,1
19342.19,1
9351.43,1
15438.8,1
3368.11,1
15485.11,1
7635.78,1
7070.47,1
6891.1,1
2692.46,1
2156.35,1
6539.02,1
11253.99,1
752.29,1
10478.45,1
4204.31,1
1743.96,1
20740.58,1
18466.12,1
4575.77,1
11181.53,1
4341.76,1
1798.26,1
8707.2,1
15960.64,1
4550.15,1
2945.7,2
11636.04,1
3844.35,1
4243.08,1
2630.15,1
3551.72,1
9730.0,1
2555.08,1
849.22,1
10052.15,1
355.43,1
397.63,1
5736.44,1
5043.74,1
3548.33,1
749.06,1
11808.22,1
2740.95,1
3629.88,1
9110.34,1
10934.25,1
20202.49,1
13626.18,1
3953.48,1
5263.48,1
4028.15,1
8872.64,1
15335.7,1
8342.36,1
2625.56,2
6117.07,1
13076.91,1
15372.42,1
5087.84,1
808.22,1
5539.33,1
6976.59,1
959.69,1
16338.4,1
2566.71,1
13403.18,1
4354.0,1
6069.12,1
4078.26,1
3710.1,1
1024.66,1
17977.3,1
6188.67,1
6770.39,1
14378.48,1
5709.7,1
4772.8,1
8792.95,1
4772.16,1
3888.35,1
7337.26,1
18435.85,1
6394.71,1
3900.19,1
2986.53,1
9476.32,1
13319.93,1
360.04,1
398.34,1
4347.08,1
12901.78,1
15295.34,1
2951.8,1
8868.97,1
8203.06,1
1434.89,1
4212.71,1
6068.86,1
12427.8,1
482.15,1
3754.11,1
16590.53,1
2879.1,1
16176.42,1
5833.82,1
1266.24,1
5434.67,1
552.55,1
11656.89,1
6741.69,1
2534.88,1
13234.36,1
51.4,1
3964.49,1
2032.82,1
282.57,1
4057.74,1
19145.28,1
8991.62,1
3246.13,1
1306.82,1
1169.43,1
8800.55,1
4799.67,1
6842.34,1
10376.58,1
5699.77,1
4529.23,1
3696.84,1
156.89,1
13760.5,1
3605.33,1
1789.73,1
4323.85,1
1669.02,1
23851.5,1
10342.29,1
7583.16,1
4447.86,1
20966.64,1
6751.86,1
18665.68,1
5522.72,1
6229.0,1
4042.47,1
960.16,1
15622.97,1
10842.85,1
6097.56,1
6304.49,1
5717.22,1
8569.72,1
3608.46,1
13170.75,1
13092.18,1
11222.07,1
7709.41,1
10260.97,1
827.59,1
9731.78,1
5258.93,1
4240.91,1
8411.1,1
2495.03,1
5327.95,1
4231.52,1
8458.65,1
2804.88,1
9842.0,1
3458.56,1
7528.69,1
13849.89,1
3079.81,1
15556.89,1
4547.28,1
9613.69,1
3995.02,1
4193.45,1
10315.24,1
2643.24,1
8305.29,1
5150.29,1
4310.95,1
4385.43,1
1897.17,1
838.75,1
2054.97,1
10077.29,1
1458.73,1
5357.56,1
3170.77,1
4151.85,1
3716.39,1
10754.44,1
10256.44,1
17328.57,1
1267.05,1
2327.28,1
3881.46,1
10181.75,1
1683.2,1
1466.94,1
2800.93,1
901.89,1
1033.15,1
11284.77,1
1217.66,1
7403.62,1
3380.24,1
8353.73,1
5849.3,1
4545.51,1
18003.95,1
2568.9,1
4684.81,1
1862.84,1
9334.82,1
2478.1,1
4230.88,1
4291.6,1
15127.28,1
3547.79,1
5088.09,1
9994.87,1
6739.89,1
3291.64,1
18805.65,1
18958.71,1
4226.79,1
8941.56,1
15277.59,1
3541.71,1
5203.46,1
8672.79,1
10684.78,1
8639.33,1
2472.16,1
18226.55,1
3391.33,1
17747.97,1
15255.72,1
1730.1,1
2366.15,1
2754.2,1
5440.5,1
2105.03,1
847.92,1
1344.71,1
2016.29,1
1395.95,1
14248.45,1
21362.46,1
6286.35,1
7826.4,1
5702.86,1
16413.05,1
7359.71,1
3763.72,1
1174.77,1
10070.6,1
343.9,1
1725.8,1
1699.96,1
12054.13,1
4474.76,1
336.72,1
16216.58,1
688.31,1
4372.81,2
3281.23,1
18441.92,1
12499.85,1
10215.03,1
1811.58,1
1368.62,1
10768.39,1
11348.9,1
3373.16,1
14788.17,1
14121.01,1
12489.11,1
17950.29,1
5450.24,1
309.84,1
221.53,1
18300.26,1
1226.01,1
6998.1,1
4985.92,1
1969.71,1
16118.93,1
142.46,1
12462.08,1
1973.65,1
17741.33,1
5142.16,1
900.1,1
2608.41,1
8019.32,1
17923.28,1
18739.88,1
6129.99,1
2597.58,1
9555.04,1
416.42,1
17901.27,1
1320.07,1
7089.85,1
3598.13,1
8886.14,1
7669.32,1
2524.75,1
6466.83,1
3553.51,1
2226.53,1
14039.42,1
15044.94,1
20560.33,1
2462.59,1
4677.58,1
10702.44,1
360.83,1
8829.48,1
2985.12,1
13937.29,1
19787.72,1
11677.33,1
9215.52,1
5841.54,1
7380.62,1
11930.35,1
10627.73,1
8065.48,1
7104.82,1
12879.51,1
8755.12,1
10337.71,1
18312.33,1
6898.71,1
402.01,1
9880.26,1
15596.43,1
2340.46,1
3977.02,1
8781.98,1
9909.75,1
5084.83,1
12444.31,1
9849.33,1
3695.2,1
12375.32,1
1683.21,1
18055.59,1
2320.02,1
715.41,1
2808.01,1
4509.06,1
877.14,1
11967.11,1
1398.09,1
366.18,1
11686.01,2
6488.62,1
11780.37,1
3540.87,1
5016.74,1
22274.83,1
2312.75,1
1174.03,1
844.24,1
1440.66,1
3674.31,1
11548.73,1
18747.2,1
425.67,1
4082.61,1
12773.56,1
2669.33,1
3626.38,1
8665.27,1
5764.7,1
5887.36,1
3051.96,1
2702.92,1
13470.95,1
10245.23,1
3993.95,1
8139.84,1
2843.16,1
24062.14,1
559.61,1
12017.69,1
4620.22,1
258.46,1
9869.31,1
12733.88,1
2725.62,1
14034.77,1
12265.37,1
6074.23,1
8834.35,1
13132.31,1
17378.15,1
12284.03,1
11852.14,1
3900.02,1
6899.39,1
9529.07,1
1852.47,1
2339.52,1
5737.88,1
4244.02,1
9168.7,1
1970.25,1
8627.22,1
100.62,1
2652.2,1
3261.7,1
23423.1,1
1400.75,1
11239.76,1
12779.01,1
8082.39,1
1857.84,2
3533.16,1
11470.91,1
8803.84,1
7283.93,1
4169.99,1
1158.83,1
17908.77,1
16797.16,1
16569.47,1
2519.46,1
1276.25,1
7778.81,1
2197.61,2
8679.8,1
1901.05,1
18604.43,1
11265.28,1
1841.92,1
3467.46,1
374.75,1
11885.94,1
9495.99,1
4704.7,1
115.81,1
9786.18,1
4303.35,1
836.06,1
2865.56,1
19274.42,1
3022.75,1
1666.22,1
4060.64,1
1045.34,1
7581.72,1
12127.26,1
13715.14,1
1139.87,1
16567.0,1
20942.21,1
1213.6,1
6162.97,1
4052.56,1
716.79,1
7695.5,1
2731.06,1
4933.82,1
20505.74,1
1939.69,1
794.93,1
21091.41,1
9837.47,1
6206.82,1
8994.42,1
1976.09,1
23670.53,1
7960.95,1
1434.92,1
2806.33,1
3837.7,1
7644.27,1
2881.93,1
13338.72,1
1982.74,1
4315.54,2
5834.38,1
10645.9,1
2317.1,1
7877.9,1
8530.89,1
2572.4,1
22751.83,1
3131.96,1
8392.99,1
1108.61,1
10912.42,1
7366.16,1
14245.84,1
1404.88,1
5197.55,1
766.14,1
3202.06,1
14537.09,1
6410.22,1
1190.1,1
9711.07,1
1877.63,1
11275.06,1
14818.98,1
1338.56,1
8715.52,1
15069.93,1
12691.19,1
1315.5,1
692.65,1
5626.17,1
1177.5,1
2690.42,1
3848.29,1
13022.17,1
389.62,1
1625.77,1
7575.56,1
5817.02,1
7760.6,1
6320.78,1
4433.72,1
9746.3,1
5967.0,1
5194.19,1
9803.55,1
11714.07,1
4417.94,1
6977.9,1
5010.56,1
7624.49,1
11120.53,1
13416.08,1
594.29,1
12524.43,1
23024.63,1
11861.0,1
2761.6,1
7402.5,1
4128.62,1
8063.24,1
17770.23,1
7379.74,1
3598.04,1
3657.78,1
5063.98,2
3194.64,1
1452.73,1
2408.88,1
3395.1,1
9737.59,1
5700.82,1
16613.37,1
14853.88,1
4893.82,1
21429.01,1
14571.59,1
5605.58,1
4963.09,1
12688.35,1
3011.21,1
4029.33,1
6714.23,1
6457.09,1
13416.25,1
2363.65,1
432.96,1
10371.91,1
2094.04,1
347.18,1
3640.8,1
940.15,1
3006.8,1
12830.95,1
1829.18,1
13695.76,1
12977.91,1
10249.21,1
6960.95,1
3970.73,1
17228.48,1
3434.69,1
8838.99,1
3963.47,1
10750.07,1
3669.57,1
8985.3,1
1989.53,1
103.46,1
8873.53,1
4500.03,1
6051.59,1
8350.14,1
11385.14,1
309.16,1
14858.7,1
17693.63,1
19314.95,1
4358.27,1
8412.29,1
7926.91,1
2974.09,1
4126.14,1
2389.23,1
22179.94,1
17949.0,1
4640.9,1
5524.02,1
13515.49,1
8137.55,1
1866.5,1
4511.22,1
1348.0,1
19001.85,1
7866.22,1
19254.78,1
13507.15,1
13592.3,1
4615.54,1
1676.56,1
12659.38,1
2606.77,1
57.58,1
5951.36,1
4586.27,1
15432.22,1
13616.47,1
5939.27,1
1605.84,1
12224.52,1
16215.74,1
6374.21,1
23061.31,1
17173.55,1
1870.13,1
7692.8,1
4958.54,1
12792.7,1
281.99,1
12154.89,1
9509.89,1
12777.23,1
8574.98,1
11971.63,1
1288.61,1
2567.6,1
25.25,1
4146.71,1
9335.3,1
2270.91,1
12051.23,1
1125.77,1
15700.81,1
5020.72,1
10635.53,1
5148.8,1
11524.82,1
2618.52,1
3521.79,1
6910.39,1
17099.03,1
2522.62,1
14819.32,1
6630.18,1
1458.54,1
556.88,1
77.99,1
20438.61,1
5202.76,1
5893.58,1
3385.03,1
12262.67,1
919.71,1
7608.02,1
7269.05,1
24143.23,1
2605.27,1
1828.29,1
18508.94,1
271.63,1
10075.83,1
16088.47,1
6865.68,1
937.4,1
2730.87,1
5212.07,1
3085.13,1
5414.78,1
1439.68,1
3038.59,1
7641.3,1
6751.22,1
7017.56,1
20645.04,1
2555.5,1
6173.68,1
7979.17,1
4666.66,1
14730.16,1
4145.36,1
16411.61,1
16877.66,1
3938.63,1
5220.91,1
3396.9,1
1268.63,1
1841.76,1
4495.03,1
3774.7,1
3386.36,1
5667.71,1
1939.64,1
12573.22,1
3114.15,1
7823.6,1
2829.96,1
3890.81,1
1775.26,1
4587.94,1
784.81,1
1168.44,1
2183.73,1
7992.15,1
9478.67,1
1111.24,1
266.61,1
8035.92,1
3215.52,1
5153.85,1
19135.41,1
2685.34,1
5324.4,1
7668.55,1
2838.15,1
8752.43,1
6306.5,1
7252.17,1
1105.8,1
6117.3,1
1196.28,1
1552.97,1
8686.8,1
11617.24,1
2388.22,1
10029.58,1
14447.39,1
11937.31,1
967.01,1
2117.61,1
9730.75,1
646.4,1
5584.08,1
11357.85,1
15894.08,1
8086.03,1
6900.76,1
4376.63,1
3695.33,1
22427.65,1
16236.75,1
3679.19,1
3169.76,1
13485.07,1
9304.55,1
1004.37,1
659.69,1
18415.49,1
17317.3,1
10319.08,1
2462.64,1
14257.65,1
191.81,1
2460.57,1
4645.1,1
897.5,1
1397.24,1
5188.12,1
7715.7,1
20394.21,1
5086.54,1
3980.47,1
2818.8,1
10578.7,1
14308.73,1
11985.74,1
6936.11,1
113.51,1
2350.64,1
8445.89,1
1703.89,1
2367.7,1
814.6,1
7572.65,1
2618.84,1
1718.92,1
6729.12,1
2023.39,1
16471.79,1
9551.17,1
4346.48,1
13298.37,1
3017.96,1
12051.52,1
19067.39,1
2840.2,1
10075.02,1
2882.13,1
2729.72,1
5772.15,1
6070.71,1
3444.16,1
4685.26,1
4204.25,1
3165.1,1
19124.7,1
7690.18,1
1968.07,1
12802.02,1
12133.81,1
12242.29,1
8171.58,1
4190.58,1
7290.68,1
4882.49,1
6798.56,1
5120.12,1
8516.04,1
14300.25,1
2264.68,1
2329.28,1
425.22,1
328.76,1
1761.39,1
566.3,1
2551.19,1
9471.08,1
12944.93,1
3885.06,1
3496.55,1
361.25,1
7774.1,1
2922.94,1
10208.84,1
9165.66,1
9723.61,1
23636.18,1
14258.52,1
1390.3,1
16886.08,1
2350.32,1
4855.08,2
8537.15,1
2977.57,1
2443.78,1
9092.33,1
1590.54,1
2607.99,1
1722.15,1
19720.06,1
17786.99,1
2018.28,1
1743.92,1
3560.0,1
11450.28,1
13003.16,1
15836.42,1
3979.54,1
10830.36,1
2264.79,1
19941.59,1
6548.42,1
5055.72,1
9178.21,1
2510.47,1
3374.98,1
6255.85,1
493.97,1
1490.14,1
1425.76,1
1536.95,1
22940.8,1
386.32,1
16691.12,1
384.71,1
434.66,1
8657.33,1
3635.73,1
5812.47,1
2423.69,1
18764.67,1
13118.72,1
7426.87,1
13762.94,1
8564.71,1
3412.27,1
3085.22,1
4625.84,1
4101.31,1
6074.52,1
15718.28,1
5054.47,1
4073.63,1
10082.04,1
492.83,1
4999.72,1
1891.61,1
9833.36,1
186.17,1
1703.5,1
4020.79,1
14257.66,1
1863.25,1
13240.79,1
2581.47,1
5054.84,1
458.62,1
7669.68,1
2733.13,1
4225.11,1
23441.6,1
4214.55,1
3352.92,1
12460.95,1
129.93,1
17784.16,1
890.41,2
3199.29,1
2871.87,1
19207.13,1
3283.79,1
11131.03,1
14371.25,1
3573.9,1
603.45,1
14672.29,1
4226.12,1
14532.94,1
7869.28,1
15536.49,1
6650.02,1
3063.31,1
2417.76,1
6193.62,1
3476.26,1
7835.78,1
14161.98,1
3067.38,1
135.63,1
13432.36,1
1926.53,1
8713.52,1
4369.49,1
2269.09,1
3321.88,1
9914.81,1
19006.24,1
5416.14,1
5649.48,1
1182.76,1
4981.81,1
23218.12,1
5446.53,1
3452.45,1
5502.44,1
16993.41,1
1396.38,1
9122.96,1
1641.7,1
888.44,1
6117.35,1
14221.4,1
3055.86,1
3495.78,1
12360.74,1
12201.68,1
16939.64,1
1295.43,1
15855.81,1
3423.65,1
18730.99,1
4000.12,1
14457.16,1
2634.41,1
13179.15,1
4113.1,1
6927.91,1
1551.3,1
12543.32,1
246.17,1
454.51,1
12926.47,1
118.89,1
2487.07,1
424.09,1
153.04,1
7897.81,1
7209.36,1
2734.1,1
2987.2,1
4156.0,1
3270.53,1
4102.62,1
2867.43,1
1224.95,1
3927.9,1
11582.9,1
5033.87,1
2792.01,1
3063.01,1
2022.78,1
19593.3,1
5614.24,1
8460.78,1
4438.5,1
17304.99,1
3073.93,1
5128.18,1
8397.9,1
3182.28,1
2426.13,1
17966.09,1
12073.96,1
257.46,1
5424.52,1
6306.44,1
11878.79,1
4305.07,1
544.78,1
9724.03,1
4763.34,1
5467.74,1
657.6,1
9310.0,1
4115.31,1
7215.88,1
2866.13,1
7820.24,1
23933.61,1
8523.68,1
1761.69,1
2757.71,1
456.19,1
4903.32,1
9144.91,1
9502.26,1
7493.71,1
967.26,1
5826.37,1
6767.8,1
2052.49,1
2354.86,1
4499.57,1
3117.59,1
3563.38,1
11101.13,1
1196.04,1
3148.02,1
11509.36,1
2409.22,1
4671.63,1
1207.54,1
4209.95,1
3425.96,1
18767.55,1
16489.96,1
10190.53,1
10569.92,1
12417.17,1
2440.4,1
12283.25,1
3622.43,1
5527.22,1
5996.09,1
2402.96,1
3127.59,1
286.87,1
2330.12,1
12781.35,1
1600.38,1
4341.84,1
489.44,1
3808.13,1
7924.29,1
2827.13,1
4414.32,1
6173.34,1
3167.81,1
989.19,1
2126.17,1
5379.73,1
23125.7,1
14406.58,1
1005.93,1
5004.73,1
2638.88,1
15844.6,1
20720.48,1
198.34,1
2331.95,1
2804.38,1
5096.16,1
11046.86,1
10213.65,1
2601.27,1
3844.21,1
7542.33,1
15697.81,1
6009.31,1
4929.75,1
4775.55,1
7483.49,1
1314.09,1
22467.62,1
5669.52,1
2983.79,1
357.61,1
13583.55,1
9909.3,1
23835.54,1
6603.31,1
2533.08,1
489.81,1
6029.05,1
8986.31,1
5866.46,1
328.71,1
5305.98,1
5421.01,1
11530.88,1
7089.9,1
4379.34,1
321.45,1
2539.86,1
11078.91,1
6912.1,1
83.69,1
8097.6,1
16358.59,1
6909.37,1
519.87,1
2494.34,1
4966.1,1
13978.42,1
6368.16,1
15423.56,1
7515.41,1
8140.84,1
3821.86,1
4275.1,1
9276.32,1
18012.07,1
4482.01,1
20629.53,1
113.41,1
6480.52,1
295.46,1
15614.78,1
12763.93,1
3751.54,1
708.06,1
11796.19,1
15777.58,1
10790.71,1
1713.23,1
8826.4,1
923.35,1
5024.01,1
3004.18,1
9569.5,1
2372.17,1
4012.1,1
6579.22,1
4511.38,1
256.33,1
992.24,1
1705.33,1
23496.58,1
1506.52,1
11754.73,1
5306.95,1
12430.04,1
16588.03,1
152.44,1
2539.42,1
9655.82,1
15526.13,1
1535.38,1
3736.71,1
541.66,1
4632.88,1
5458.01,1
14437.86,1
3306.33,1
20131.25,1
5462.8,1
2361.16,1
13887.49,1
8921.19,1
1748.83,1
1222.73,1
10835.13,1
288.62,1
12239.34,1
4454.92,1
1060.16,1
7032.05,1
18686.01,1
1354.68,1
4342.65,1
17861.73,1
1295.93,1
831.73,1
3631.19,1
1129.3,1
17061.86,1
11312.52,1
4094.14,1
21074.43,1
20449.76,1
10925.32,1
7360.72,1
21123.45,1
12598.94,1
2692.41,1
1276.96,1
395.66,1
4515.07,1
3126.5,1
8202.44,1
3828.85,1
1731.13,1
18771.8,1
568.06,1
12723.61,1
7542.12,1
1613.52,1
12389.54,1
13949.73,1
7376.29,1
11278.29,1
17209.11,1
791.03,1
10365.39,1
6799.22,1
8494.31,1
11753.47,1
13762.81,1
16752.65,1
7363.3,1
6135.74,1
7823.48,1
6623.18,1
1345.95,1
5806.25,1
2479.6,1
2140.52,1
5417.31,1
1750.4,1
16377.05,1
1469.35,1
10926.8,1
10744.86,1
7943.87,1
8985.03,1
12215.3,1
354.47,1
3072.42,1
7299.03,1
2518.28,1
4212.1,1
219.94,1
8336.05,2
9697.38,1
18088.84,1
7948.04,1
7127.39,1
1510.62,1
872.48,1
17113.48,1
78.71,1
2018.56,1
7422.87,1
8932.44,1
2129.49,1
3855.12,1
277.19,1
8357.1,1
12319.86,1
3931.7,1
2729.74,1
7405.17,1
2239.94,1
3200.3,1
1886.45,1
16799.35,1
5392.43,1
16801.21,1
19120.52,1
3790.1,1
10942.92,1
3752.4,1
8386.63,1
1464.92,1
12347.28,1
6845.69,1
13281.95,1
573.06,1
2545.87,1
6963.11,1
18287.65,1
1483.11,1
3495.58,1
3700.82,1
2576.36,1
6519.25,1
6395.52,1
3902.22,1
14565.3,1
4352.61,1
7474.59,1
10210.33,1
3570.43,1
2647.08,1
8645.53,1
20258.73,1
2681.39,1
9707.38,1
2197.26,1
7708.23,1
6392.16,1
2164.73,1
5665.91,1
697.97,1
3693.04,1
2254.97,1
1214.55,1
8362.28,1
6465.33,1
7936.98,1
13795.41,1
7975.33,1
5089.27,1
1410.69,1
4514.51,1
5585.31,1
7151.28,1
9811.88,1
10759.53,1
5409.88,1
12716.43,1
16921.25,1
12675.88,1
9621.68,1
4643.65,1
682.76,1
15799.04,1
7293.53,1
1647.12,1
18668.28,1
6315.38,1
12414.14,1
16017.6,1
2644.56,1
6532.03,1
4201.06,1
845.29,1
20107.57,1
9688.92,1
2446.32,1
196.24,1
8712.01,1
2357.24,1
1378.13,1
14514.93,1
13779.1,1
13712.18,1
7797.35,1
8115.88,1
1759.9,1
1237.92,1
3166.07,1
4073.04,1
4034.32,1
8521.59,1
5117.41,1
18436.67,1
8926.42,1
13308.95,1
3312.96,1
17253.77,1
2789.98,1
499.14,1
1283.03,1
10079.66,1
6428.6,1
4215.69,1
2240.8,1
16953.3,1
5921.11,1
9927.53,1
3257.29,1
297.95,1
3404.27,1
4424.56,1
2109.63,1
9534.46,1
5161.04,1
1690.62,1
8358.44,1
8034.96,1
2975.7,1
548.72,1
3437.07,1
14799.83,1
1307.23,1
3224.22,1
20988.71,1
2060.89,1
2234.11,1
5598.42,1
3339.16,1
7232.56,1
1886.37,1
9729.81,1
3239.52,1
1809.78,1
4081.15,1
1490.8,1
646.18,1
4272.29,1
6121.53,1
5165.89,1
2676.99,1
23027.54,1
4354.4,1
5227.46,1
10751.17,1
17671.7,1
798.06,1
11061.27,1
11630.77,1
17264.62,1
10396.86,1
7624.99,1
3511.5,1
1479.37,1
3748.16,1
19695.68,1
2052.33,1
3111.73,1
7990.44,1
13046.25,1
1798.79,1
10105.52,1
9227.05,1
3015.99,1
7547.17,1
7517.83,1
1183.28,1
14116.51,1
1568.67,1
5135.22,1
19475.62,1
4158.79,1
3215.66,1
8943.96,1
12563.38,1
9980.56,1
112.82,1
528.96,1
6564.83,1
14680.94,1
5322.91,1
2698.47,1
3630.03,1
3903.54,1
8970.75,1
5914.12,1
2386.91,1
3061.85,1
13494.54,1
4872.17,1
2370.31,1
4482.2,1
353.2,1
8169.79,1
23777.35,1
14004.57,1
9195.25,1
1532.81,1
4640.8,1
2789.42,1
10524.62,1
3854.07,1
3151.85,1
3774.24,1
8291.08,1
8939.28,1
10702.32,1
6106.49,1
17246.81,1
8706.37,1
13832.05,1
8696.86,1
5725.93,1
3563.82,1
3056.79,1
7129.55,1
73.27,1
1991.4,1
3223.63,1
12316.74,1
121.51,1
12149.78,1
4972.22,1
628.13,1
7048.2,1
8928.94,1
3377.38,1
14192.32,1
1328.05,1
821.88,1
3174.82,1
3575.5,1
3168.69,1
4847.32,1
4181.53,1
16130.7,1
15318.2,1
7550.8,1
6839.81,1
9665.82,1
4728.76,1
3719.45,1
1470.05,1
4340.91,1
2286.85,1
8533.07,1
7169.83,1
8116.53,1
7607.53,1
3843.81,1
545.99,1
10351.95,1
8179.49,1
1570.02,1
16388.65,1
6674.26,1
4633.32,1
12419.3,1
2744.44,1
3152.7,1
3900.18,1
1370.55,1
2453.53,1
697.41,1
1913.78,1
2489.42,1
3071.79,1
14268.04,1
4559.73,1
636.77,1
5920.63,1
3716.19,1
890.57,1
112.88,1
3881.98,1
4202.48,1
4979.67,1
13363.28,1
10134.77,1
3371.71,1
6812.54,1
2847.85,1
13659.71,1
5288.83,1
1306.83,1
5003.41,1
18337.5,1
3199.06,1
8256.19,1
7145.64,1
3395.7,1
3842.98,1
2195.89,1
111.62,1
159.82,1
10222.32,1
7713.83,1
2703.92,1
12819.08,1
3636.32,1
7852.25,1
2291.01,1
6564.15,1
601.61,1
147.05,1
272.43,1
4226.53,1
2335.46,1
3676.46,1
5659.25,1
7721.05,1
8819.58,1
23117.51,1
849.87,1
9869.37,1
12544.6,1
4709.89,1
11021.87,1
14732.19,1
2102.64,1
1718.74,1
4186.62,1
485.24,1
1498.12,1
3075.97,1
1379.51,1
2698.15,1
4490.3,1
1107.62,1
10502.03,1
15144.89,1
11721.26,1
945.92,1
576.05,1
13096.84,1
16370.47,1
9867.82,1
7814.28,2
1912.72,1
7277.97,1
11785.4,1
451.02,1
6032.81,1
75.72,1
406.07,1
2143.68,1
7091.76,1
1129.67,1
6491.38,1
6583.72,1
18598.03,1
3821.46,1
7728.18,1
18048.73,1
2540.59,1
16605.1,1
2489.86,1
7373.54,1
2203.44,1
687.1,1
7021.25,1
16892.31,1
5959.77,1
6115.12,1
6910.0,1
657.15,1
11029.21,1
4896.45,1
13693.48,1
4856.27,1
6461.28,1
3962.62,1
4157.93,1
13747.92,1
1802.03,1
6248.59,1
4624.15,1
9961.51,1
14472.17,1
4821.64,1
6773.15,1
4597.46,1
15690.0,1
22626.33,1
21009.34,1
17475.71,1
17635.13,1
7523.03,1
4968.93,1
10927.97,1
9243.79,1
11302.06,1
19861.24,1
11266.12,1
10927.98,1
5292.95,1
15093.33,1
11171.86,1
3330.45,1
1687.03,1
1302.31,1
2060.55,1
4520.24,1
3815.55,1
3852.04,1
2795.83,1
4984.31,1
2867.55,1
3357.49,1
1493.65,1
4145.75,1
2250.95,1
13710.89,1
1788.87,1
1293.52,1
632.1,1
536.11,1
3897.09,1
15086.47,1
22447.92,1
8164.12,1
717.11,1
6517.28,1
6090.91,1
6955.99,1
4174.8,1
2595.52,1
19740.42,1
2476.37,1
5111.52,1
719.53,1
10886.52,1
18794.19,1
8313.17,1
6368.17,1
16578.04,1
3826.4,1
2845.84,1
10276.27,1
8603.74,1
524.67,1
21242.51,1
3198.55,1
1757.98,1
9373.03,1
15257.7,1
85.37,1
2562.99,1
4799.69,1
1356.13,1
5795.16,1
4796.2,1
5998.97,1
590.52,1
3964.14,1
6026.62,1
4835.13,1
12978.57,1
656.82,1
2282.67,1
6483.98,1
3581.08,1
3197.92,1
5171.89,1
1441.61,1
4257.35,1
4548.32,1
8285.85,1
13869.75,1
9055.54,1
7557.86,1
6050.02,1
4353.24,1
8011.76,1
15205.22,1
5191.22,1
1791.03,1
2543.32,1
5793.69,1
1009.42,1
6674.85,1
4288.95,1
9100.92,1
6579.02,1
3919.73,1
1171.75,1
10132.07,1
2666.6,1
8171.68,1
4466.86,1
3244.73,1
2898.35,1
7486.91,1
6619.82,1
10119.4,1
3625.22,1
1740.72,1
11991.9,1
12939.49,1
3569.04,1
11933.92,1
450.51,1
13087.43,1
2170.09,1
1158.07,1
2996.97,1
7686.92,1
7712.12,1
6786.92,1
11223.33,1
7743.93,1
972.38,1
9434.51,1
2950.76,1
12242.81,1
2663.43,1
9640.4,1
7308.53,1
1920.83,1
7093.38,1
11767.51,1
9443.36,1
497.57,1
6462.68,1
2936.2,1
13748.71,1
7909.3,1
1320.78,1
18717.25,1
2019.7,1
9226.9,1
7491.34,1
3356.25,1
2069.65,1
3743.95,1
3593.19,1
1816.88,1
5899.71,1
12351.67,1
2085.27,1
7494.89,1
4459.03,1
408.09,1
6299.93,1
15554.19,1
15273.13,1
8621.04,1
3530.88,1
4854.26,1
7089.13,1
16568.56,1
3236.38,1
5794.38,1
11900.79,1
1021.41,1
5551.87,1
9476.66,1
10708.6,1
7306.97,1
9071.79,1
1831.49,1
3721.25,1
6239.7,1
3535.68,1
4439.33,1
6061.6,1
3756.54,1
7351.29,1
7912.67,1
4572.15,1
4933.6,1
3498.79,1
11275.75,1
1875.87,1
7491.66,1
11560.39,1
331.96,1
7442.66,1
6053.96,1
7514.15,1
2022.39,1
2647.68,1
1389.38,1
15200.35,1
7348.93,1
1987.58,1
3391.53,1
8590.89,1
13199.16,1
3638.55,1
1598.35,1
9066.62,1
13353.4,1
5835.11,1
9870.41,1
2549.85,1
7005.53,1
5113.76,1
14389.34,1
511.47,1
3289.28,1
15186.13,1
736.64,1
9399.4,1
286.37,1
13154.02,1
1677.76,1
3329.82,1
13384.97,1
1183.94,1
255.78,1
17067.31,1
5234.45,1
14811.29,1
3932.02,1
12122.41,1
4207.18,1
10802.66,1
6777.75,1
2771.98,1
12864.89,1
17872.56,1
1933.26,1
2441.63,1
17709.46,1
249.96,1
3887.22,1
4192.23,1
9937.32,1
3033.49,1
9111.48,1
1588.32,1
4947.28,1
7951.16,1
16710.46,1
3653.2,1
1961.4,1
13345.99,1
17827.74,1
12449.06,1
2450.73,1
6201.04,1
11605.19,1
4166.46,1
2690.54,1
4478.76,1
3030.13,1
6616.34,1
6965.9,1
645.28,1
726.85,1
4188.88,1
20498.1,1
12724.76,1
12225.68,1
10647.42,1
6026.58,1
7933.28,1
3073.49,1
14422.99,1
6125.35,1
13974.97,1
17806.31,1
153.05,1
12183.98,1
11137.46,1
1401.06,1
7814.04,1
7521.71,1
4761.52,1
17353.28,1
1559.78,1
120.15,1
4635.65,1
4678.54,1
1835.55,1
3666.54,1
5813.86,1
4154.16,1
16331.04,1
1024.24,1
22959.23,1
3694.56,1
4072.5,1
2310.53,1
6229.78,1
15988.13,1
947.23,1
4847.48,1
2872.62,1
6775.31,1
11455.99,1
194.85,1
1409.34,1
1742.66,1
6369.65,1
312.07,1
2840.98,1
8642.49,1
16937.7,1
3068.16,1
7741.65,1
14256.48,1
2081.79,1
2107.32,1
4518.07,1
611.58,1
1466.29,1
146.57,1
808.82,1
2929.71,2
5902.08,1
8417.55,1
6801.47,1
16970.09,1
13472.81,1
2520.87,1
22679.12,1
12441.12,1
419.07,1
4440.35,1
9788.75,1
1394.69,1
1744.78,1
3352.99,1
12965.32,1
1382.36,1
9546.33,1
8408.47,1
10035.3,1
7203.84,1
3185.92,1
4834.86,1
3345.34,1
4195.99,1
923.56,1
20243.45,1
376.88,1
2022.54,1
10622.28,1
2167.22,1
1558.71,1
443.77,1
2486.84,1
9972.74,1
13415.89,1
7748.05,1
5552.04,1
4184.36,1
401.42,1
2483.22,1
767.02,1
1358.62,1
3356.64,1
6775.26,1
562.25,1
9131.78,1
2257.53,1
15837.52,1
5618.93,1
4367.12,1
2025.08,1
11208.6,1
4891.28,1
5789.96,1
2068.28,1
7461.25,1
1640.22,1
20135.58,1
3316.09,1
873.54,1
2990.12,1
2856.54,1
4412.36,1
4648.91,1
821.02,1
5162.69,1
4792.76,1
2065.55,1
9872.47,1
578.21,1
447.32,1
1600.81,1
6172.61,1
4947.47,1
9402.86,1
2165.38,1
2422.15,1
9578.87,1
1041.32,1
22445.44,1
8122.38,1
4398.67,1
3053.16,1
21256.75,1
10086.23,1
10436.45,1
11332.27,1
1217.07,1
15493.85,1
14299.81,1
2330.83,1
9082.62,1
10990.49,1
3865.54,1
20824.13,1
10221.3,1
4264.84,1
3022.23,1
2098.51,1
20437.38,1
12870.53,1
736.05,1
3551.23,1
6723.37,1
2946.52,1
4812.63,1
18053.05,1
3338.73,1
14930.53,1
4102.95,1
11493.67,1
16420.13,1
11770.81,1
3995.38,1
3837.46,1
12595.0,1
6487.66,1
22796.94,1
10650.52,1
8269.4,1
6338.29,1
5044.24,1
2962.25,1
3436.15,1
3957.07,1
14232.58,1
51.76,1
13400.01,1
557.42,1
8064.53,1
2472.44,1
2430.98,1
3108.12,1
2597.52,1
136.95,1
133.86,1
1993.82,1
3987.29,1
877.32,1
1208.83,1
2022.07,1
1536.89,1
4297.62,1
7593.54,1
12819.97,1
9860.88,1
1701.36,1
12372.39,1
6107.66,1
1623.96,1
588.0,1
92.58,1
13144.52,1
1257.86,1
18540.58,1
6294.42,1
13296.3,1
2401.09,1
1756.25,1
14548.17,1
182.86,1
16060.01,1
6532.35,1
2786.8,1
14938.84,1
2936.43,1
3436.0,1
7787.45,1
3318.5,1
2814.8,1
2468.56,1
6408.09,1
7746.36,1
3928.39,1
10340.6,1
9354.21,1
13302.54,1
6803.66,1
1302.87,1
9326.68,1
4409.55,1
16382.74,1
245.07,1
4074.65,2
11037.71,1
14495.02,1
8122.91,1
5392.6,1
1684.34,1
23030.23,1
16700.5,1
9398.82,1
1803.43,1
16042.72,1
3504.63,1
3992.51,1
4495.91,1
4110.11,1
2041.98,1
6474.57,1
11781.96,1
4760.87,1
11002.02,1
6316.43,1
2039.39,1
5061.68,1
4844.18,1
14781.36,1
10278.3,1
6438.26,1
11144.27,1
5479.41,1
12224.5,1
16682.78,1
6003.85,1
7931.22,1
1574.95,1
301.32,1
10985.8,1
3336.04,1
1986.98,1
7140.6,1
12223.21,1
558.69,1
19222.27,1
6315.85,1
1686.26,1
4130.14,1
606.71,1
17469.0,1
2495.25,1
2615.23,1
1292.81,1
6098.2,1
562.17,1
2441.06,1
2270.12,1
8371.52,1
3736.93,1
9872.17,1
11880.53,1
5785.18,1
11243.71,1
10283.36,1
4062.81,1
1157.16,1
4648.51,1
5369.86,1
7712.09,1
6228.75,1
4067.49,1
8130.32,1
15442.89,1
6927.18,1
1889.85,1
1989.3,1
12011.13,1
7035.56,1
11079.63,1
3245.93,1
4201.07,1
21786.7,1
19900.92,1
1549.76,1
5367.89,1
1351.11,1
1631.65,1
13984.98,1
2783.93,1
12808.86,1
3314.33,1
1043.34,1
2201.31,1
2467.91,1
18373.69,1
3714.27,1
9289.25,1
2521.84,1
16159.03,1
2916.42,1
6286.57,1
12968.97,1
14046.8,1
3084.66,1
3404.88,1
3696.7,1
4058.99,1
2733.77,1
9207.8,1
6500.04,1
7768.33,1
2981.67,1
20730.71,1
7024.78,1
583.02,1
5805.07,1
12786.42,1
8144.74,1
1011.48,1
6737.84,1
1312.09,1
1430.72,1
14632.29,1
3938.26,1
1196.53,1
4472.39,1
5826.55,1
10059.33,2
2082.04,1
7335.76,1
182.8,1
2439.88,1
4676.82,1
5698.1,1
17187.52,1
4954.56,1
11149.77,1
3940.77,1
23513.83,1
356.73,1
3756.22,1
1105.36,1
5915.47,1
2015.09,1
5880.38,1
19926.67,1
1563.82,1
2703.29,1
22041.46,1
13471.05,1
633.8,1
9381.54,1
1388.63,1
8719.16,1
1150.88,1
5674.31,1
8744.48,1
605.52,1
7483.25,1
1811.69,1
2345.33,1
4580.08,1
14712.08,1
1115.77,1
7113.37,1
16286.81,1
15195.43,1
7562.49,1
2727.39,1
10404.6,1
3557.82,1
11258.51,1
3903.74,1
7544.36,1
12320.98,1
194.07,1
593.17,1
5469.97,1
14064.43,1
5381.14,1
8479.04,1
9768.19,1
5180.52,1
3867.24,1
4495.24,1
1631.58,1
3151.92,1
8918.05,1
1858.08,1
8593.32,1
257.17,1
9041.51,1
6622.44,1
3733.85,1
6861.16,1
4217.54,1
4748.72,1
21731.22,1
4964.37,1
8483.09,1
3990.74,1
12622.97,1
13390.27,1
15189.64,1
3930.9,1
850.45,1
246.63,1
4088.76,1
3708.92,1
13820.47,1
12808.38,1
663.33,1
8510.05,1
5005.43,1
17113.74,1
4960.37,1
360.92,1
11829.45,1
929.65,1
2624.93,1
1196.7,1
8234.77,1
3879.97,1
808.98,1
198.01,1
2847.67,1
2793.2,1
14554.83,1
802.99,1
7594.8,1
20377.9,1
14971.95,1
7454.46,1
10626.46,1
5436.59,1
14724.41,1
3539.27,1
7130.0,1
14014.04,1
1879.05,1
7249.27,1
5437.51,1
1364.62,1
5275.36,1
1280.14,1
4946.38,1
6808.72,1
15809.94,1
2871.07,1
14283.38,1
718.06,1
2483.78,1
2517.8,1
4014.98,1
3271.71,1
9347.29,1
17645.71,1
11262.25,1
421.11,1
14321.11,1
9399.63,1
14837.02,1
5229.0,1
5969.26,1
1516.27,1
14219.41,1
13631.58,1
16497.14,1
7825.35,1
2958.78,1
4275.41,1
13167.32,1
21730.97,1
9767.7,1
1738.57,1
724.46,1
14006.23,1
13100.79,1
13280.69,1
7750.76,1
8009.8,1
7996.61,1
3628.31,1
1157.26,1
7365.09,1
21473.54,1
8651.84,1
7739.86,1
5323.35,1
697.39,1
6665.21,1
589.91,1
3055.5,1
11942.5,1
9637.7,1
13708.06,1
3019.99,1
17263.08,1
11942.17,1
8139.99,1
423.74,1
13516.56,1
1738.15,1
4679.95,1
4848.56,1
8437.66,1
17843.59,1
10049.83,1
6197.56,1
11079.4,1
11000.84,1
4280.01,2
4228.6,1
391.04,2
13184.48,1
214.66,1
1049.14,1
695.46,1
5058.64,1
2934.51,1
8734.64,1
1407.21,1
8158.49,1
8232.7,1
4628.32,1
4404.28,1
13903.79,1
2467.16,1
7688.11,1
3653.23,1
4677.33,1
3474.27,1
12937.19,1
4133.99,1
6448.94,1
9010.72,1
20773.71,1
4003.79,1
3396.19,1
9155.17,1
10871.35,1
551.45,1
4638.91,1
3300.82,1
16538.11,1
1736.21,1
8219.15,1
1032.39,1
7038.88,1
20587.21,1
1903.95,1
11640.0,1
293.39,1
1579.73,1
15681.83,1
7073.55,1
1092.16,1
4257.03,1
16250.85,1
7286.29,1
13737.13,1
3868.8,1
13607.63,1
9519.07,1
1407.63,1
7780.79,1
2670.62,1
4833.33,1
13298.48,1
1178.56,1
3035.39,1
3705.39,1
8961.05,1
23580.58,1
6504.94,1
1300.05,1
10176.19,1
4508.61,1
12721.59,1
290.18,1
5388.68,1
4539.52,1
1085.89,1
18068.7,1
12275.23,1
1257.19,1
4091.73,1
5689.82,1
4373.49,1
20459.87,1
738.86,1
7463.53,1
84.5,1
12854.79,1
1272.15,1
12773.63,1
12841.36,1
1188.95,1
4050.38,1
241.82,1
1520.86,1
9977.6,1
9539.0,1
12158.62,1
14680.01,1
6822.49,1
3699.12,1
16446.33,1
2989.11,1
328.99,1
4174.89,1
1068.53,1
3513.29,1
5101.88,1
10835.23,1
4198.19,1
10943.36,1
9043.15,1
17564.02,1
77.18,1
17091.59,1
1047.03,1
13902.87,1
7836.69,1
7400.38,1
14784.98,1
397.55,1
743.51,1
4551.13,1
7833.34,1
3180.83,1
6179.78,1
1218.23,1
7410.49,1
15582.11,1
13538.96,1
3494.04,1
7709.75,1
1318.46,1
7825.0,1
2836.06,1
5186.41,1
702.75,1
4025.86,1
9243.5,1
16567.76,1
12559.46,1
5201.62,1
623.19,1
8816.82,1
10359.45,1
18110.72,1
15020.86,1
15638.24,1
2672.34,1
2460.24,1
2612.82,1
949.72,1
8718.95,1
61.96,1
28.94,1
738.38,1
9498.53,1
3977.86,1
802.03,1
6780.14,1
11141.85,1
12995.73,1
6270.32,1
5440.31,1
2528.04,1
2377.69,1
1811.91,1
2912.49,1
631.92,1
2920.89,1
2476.08,1
4580.41,1
5212.31,1
4366.13,1
193.02,1
1921.2,1
13631.09,1
6765.55,1
7187.63,1
2812.28,1
327.49,1
4513.71,1
3157.28,1
9039.16,1
12530.78,1
2303.67,1
18624.28,1
6297.75,1
4173.8,1
8406.88,1
6044.27,1
13411.1,1
2100.2,1
13119.12,1
5436.42,1
346.02,1
6646.02,1
12953.24,1
14757.78,1
2852.08,1
11550.79,2
6920.81,1
3423.2,1
8468.78,1
1101.57,2
15572.41,1
1845.63,1
4455.1,1
8079.89,1
3105.77,1
5686.81,1
6408.88,1
5631.53,1
4108.66,1
1751.79,1
11423.96,1
10437.24,1
2647.32,1
474.65,1
6027.56,1
1741.3,1
1501.7,1
4035.55,1
1343.09,1
19291.66,1
532.75,1
4500.24,1
2402.92,1
7576.22,1
2633.71,1
6486.31,1
683.96,1
2003.25,1
10139.34,1
7241.93,1
3748.81,1
4234.31,1
1139.54,1
5429.05,1
3283.46,1
386.81,1
382.59,1
6341.92,1
2598.79,1
184.22,1
5487.41,1
18385.61,1
2339.81,1
6131.29,1
9136.68,1
3644.54,1
2490.21,1
1164.75,1
13495.85,1
10250.51,1
16263.54,1
7819.32,1
4720.57,1
4393.32,1
3831.21,1
14055.49,1
2002.93,1
15666.76,1
18216.32,1
7852.4,1
474.55,1
5424.9,1
4097.42,1
13054.96,1
8216.0,1
8156.3,1
13313.72,1
5216.61,1
1219.02,1
1271.83,1
19468.33,1
4296.15,1
3706.37,1
11338.4,1
3064.38,1
10841.96,1
882.51,1
5025.21,1
752.93,1
1047.01,1
7048.54,1
2901.37,1
14110.75,1
595.57,1
3538.1,1
14397.97,1
1346.28,1
2059.78,1
2786.38,1
3055.37,1
6032.69,1
2612.16,1
18111.24,1
2298.5,1
13052.43,1
1254.89,1
11516.85,1
12485.84,1
893.9,1
3958.45,1
24840.8,1
19917.56,1
11880.85,1
5972.43,1
4537.19,1
11046.95,1
8125.45,1
10914.01,1
2494.05,1
2623.9,1
11790.41,1
4724.88,1
16254.55,1
4295.42,1
15882.56,1
3398.2,1
367.31,1
7081.19,1
3893.57,1
2980.72,1
11823.76,1
2731.5,1
21427.59,1
19803.28,1
8425.5,1
3122.54,1
696.02,1
670.14,1
1039.69,1
821.14,1
3727.36,1
4480.56,1
5375.05,1
11811.43,1
11686.22,1
5487.05,1
5989.08,1
2096.32,1
12637.36,1
10564.18,1
3903.04,1
5494.91,1
20074.69,1
1662.73,1
910.99,1
4135.98,1
505.22,1
9344.22,1
3713.59,1
3363.53,1
19084.73,1
875.43,1
7340.56,1
3435.34,1
8940.9,1
13616.46,1
2503.15,1
14319.79,1
79.39,1
2391.08,1
2186.05,1
5354.89,1
4138.03,1
4186.17,1
5863.66,1
477.16,1
4880.78,1
19811.71,1
1821.74,1
8090.13,1
7765.6,1
1292.1,1
12630.64,1
15905.13,1
9090.92,1
5718.95,1
7103.47,1
15474.87,1
9166.99,1
56.7,1
900.92,1
1385.39,1
10598.41,1
3692.21,1
4225.86,1
2351.06,1
6317.22,1
509.72,1
11829.51,1
8235.7,1
919.34,1
2548.86,1
4046.93,1
18921.19,1
6036.87,1
14797.67,1
365.19,1
7122.77,1
4105.74,1
3152.77,1
1321.41,1
3680.35,1
4425.36,1
4264.6,1
1546.93,1
8230.05,1
5914.28,1
4936.22,1
17924.23,1
3277.14,1
15617.4,1
1753.79,1
5227.01,1
6140.85,1
1286.85,1
15352.9,1
6874.21,1
12707.55,1
8788.74,1
8259.79,1
5118.54,1
6544.64,1
16732.64,1
628.61,1
18291.86,1
14057.87,1
5247.47,1
18020.89,1
12502.14,1
12944.1,1
16096.69,1
2469.03,1
8700.24,1
15412.82,1
511.06,1
3464.83,1
6161.0,1
1245.89,1
829.54,1
23629.81,1
7214.09,1
3597.71,1
12140.94,1
1461.34,1
6435.0,1
4942.9,1
8648.65,1
3905.81,1
6855.87,1
787.66,1
1107.59,1
1920.16,1
2877.07,1
2648.7,1
1283.0,1
4553.89,1
10958.32,1
17031.82,1
13148.99,1
599.3,1
5216.21,1
13303.3,1
849.4,1
12512.77,1
2370.46,1
10543.24,1
18843.76,1
14391.67,1
7340.76,1
16760.62,1
5221.61,1
571.38,1
3620.11,1
3408.43,1
1511.3,1
3356.67,1
3430.42,1
11865.49,1
3666.46,1
1273.02,1
1120.91,1
3429.83,1
3968.17,1
19087.21,1
1952.1,1
6226.62,1
6880.14,1
7279.56,1
19803.44,1
1817.23,1
6356.06,1
4311.85,1
3404.44,1
12118.5,1
6467.97,1
20033.69,1
5294.05,1
6478.11,1
6008.04,1
1937.38,1
16058.19,1
3456.1,1
3780.96,1
8844.24,1
10809.54,1
9884.55,1
3389.18,1
1282.02,1
2955.87,1
2372.02,1
15142.17,1
12093.55,1
9387.86,1
3129.41,1
15280.25,1
290.06,1
4325.44,1
10532.87,1
9043.11,1
1350.11,1
4215.76,1
4723.12,1
9245.35,1
20477.55,1
16393.75,1
8358.01,1
19180.73,1
6953.66,1
3305.75,1
4246.91,1
14834.3,1
8393.72,1
2330.87,1
15636.39,1
7254.85,1
4349.13,1
11967.77,1
4924.44,1
16125.09,1
7380.79,1
16093.67,1
6536.18,1
1506.61,1
590.19,1
8131.65,1
1497.68,1
151.68,1
3753.67,1
8697.39,1
14467.73,1
3736.57,1
2282.91,1
16226.7,1
2676.74,1
6602.84,1
11478.55,1
16470.16,1
1556.87,1
1912.86,1
7383.55,1
2492.7,1
6898.54,1
17528.62,1
5720.04,1
9133.77,1
7844.81,1
3754.65,1
7872.14,1
4562.12,1
6153.44,1
3575.0,1
7877.39,1
2181.51,1
8980.8,1
2813.74,1
14901.08,1
7381.48,1
2913.19,1
9074.07,1
3579.33,1
2499.89,1
3829.32,1
6709.2,1
14473.41,1
1423.24,1
583.77,1
12269.33,1
207.35,1
3194.44,1
6843.24,1
15446.96,1
12578.52,1
4532.4,1
9722.34,1
5829.35,1
6420.54,1
1693.2,1
3707.63,1
11707.34,1
1989.46,1
16237.8,1
5079.98,1
15297.41,1
22073.97,1
3149.68,1
1576.76,1
933.57,1
18280.01,1
7569.05,1
2944.72,1
9568.78,1
1206.61,1
4756.05,1
165.12,1
1395.81,1
9701.33,1
17458.91,1
18414.36,1
3488.39,1
2095.16,1
10170.15,1
4468.68,1
6959.7,1
7908.03,1
1822.27,1
9304.78,1
6009.9,1
15899.49,1
2400.82,1
10316.78,1
6013.17,1
5290.09,1
19297.21,1
1241.39,1
6607.05,1
12061.57,1
6402.66,1
239.87,1
370.57,1
20412.21,1
7367.01,1
7119.25,1
1874.71,1
7006.2,1
4033.77,1
23777.5,1
16865.49,1
1122.97,1
11553.99,1
1325.01,1
5263.25,1
3307.79,1
5853.29,1
4043.03,1
2293.52,1
1145.96,1
12208.65,1
8694.2,1
13745.09,1
4542.27,1
8018.21,1
6191.0,1
5228.84,1
10903.47,1
13705.17,1
4075.46,1
7167.55,1
9101.72,1
13102.56,1
4578.06,1
15987.88,1
3736.46,1
3243.99,1
2509.81,1
15795.54,1
14269.79,1
176.94,1
12788.03,1
7254.6,1
11538.0,1
21459.43,1
2695.58,1
4938.91,1
4504.31,1
12110.88,1
1039.92,1
4276.15,1
1690.46,1
21572.74,1
10352.37,1
5824.5,1
8177.93,1
8045.58,1
292.08,1
16816.09,1
11675.85,1
3849.6,1
5053.6,1
6422.82,1
9466.89,1
3949.06,1
8445.38,1
4048.35,1
3664.17,1
15885.82,1
1215.24,1
16718.96,1
7447.05,1
2017.52,1
8665.06,1
20865.01,1
1622.81,1
4966.05,1
9747.47,1
2718.12,1
2396.64,1
1278.68,1
4454.2,1
3793.09,1
16002.99,1
22500.57,1
1806.51,2
15714.6,1
17518.19,1
17363.27,1
830.47,1
5247.11,1
1154.41,1
4891.76,1
5146.05,1
9486.99,1
5234.46,1
1633.5,1
19681.88,1
3838.37,1
13701.63,1
3423.69,1
866.87,1
12074.0,1
2097.52,1
1418.76,1
2020.84,1
6039.03,1
6972.35,1
7535.43,1
11200.35,1
13989.26,1
5704.84,1
1392.85,1
9389.97,1
1166.15,1
12649.16,1
4116.15,1
11034.12,1
7194.17,1
86.86,1
3607.19,1
7186.01,1
4962.18,1
8633.09,1
8882.55,1
3699.97,1
83.68,1
756.81,1
17533.75,1
7223.16,1
2798.72,1
3915.4,1
16206.43,1
6089.2,1
21111.23,1
436.0,1
1284.36,1
4102.8,1
8502.78,1
7604.01,1
134.73,1
11068.63,1
8314.77,1
11147.07,1
3898.9,1
10074.66,1
484.83,1
2064.97,1
2004.02,1
2467.12,1
1759.14,1
2730.5,1
16143.54,1
805.45,1
1727.19,1
1605.95,1
2664.46,1
11423.18,1
6553.46,1
7025.5,1
3115.14,1
15507.89,1
5322.65,1
7483.86,1
4123.7,1
3757.47,1
3933.0,1
12376.23,1
10137.92,1
14696.84,1
14911.82,1
4999.46,1
741.1,1
3173.85,1
1341.94,1
7755.82,1
7976.31,1
13706.03,1
1430.91,1
1732.72,1
12180.39,1
263.18,1
7170.25,1
5151.27,1
1799.36,1
3163.07,1
1052.96,1
8438.37,1
2261.87,1
2957.61,1
5198.07,1
16115.6,1
792.19,1
1925.27,1
14946.35,1
1508.32,1
5597.61,1
5779.9,1
3726.66,1
14412.56,1
4943.48,1
8039.42,1
3499.48,1
5255.46,1
11924.44,1
2673.01,1
9153.89,1
478.04,1
1113.3,1
8239.9,1
13523.1,1
14727.66,1
15193.52,1
11900.12,1
3004.24,1
8309.58,1
1246.88,1
10527.27,1
12130.67,1
1417.4,1
7700.66,1
344.28,1
1338.23,1
8181.04,1
4252.45,1
4122.03,1
15042.37,1
2549.16,1
539.34,1
2943.77,1
11139.04,1
10461.45,1
2175.1,1
4657.93,1
2565.17,1
1317.64,1
2858.48,1
1584.56,1
3947.6,1
10426.24,1
10824.2,1
8489.96,1
10211.66,1
2066.61,1
4009.22,1
10510.3,1
3457.55,1
5716.61,1
12409.36,1
7600.68,1
4392.37,1
1213.09,1
708.38,1
16258.27,1
10229.48,1
3611.8,1
8316.55,1
201.57,1
8268.96,1
8874.65,1
12480.85,1
7343.84,1
4688.94,1
19775.92,1
3189.79,1
4411.89,1
3398.75,1
8136.09,1
1497.25,1
10852.65,1
5950.95,1
4356.76,1
5868.28,1
5782.25,1
3766.48,1
1542.02,1
11912.04,1
3019.32,1
3629.85,1
2461.37,2
3033.6,1
15824.62,1
3862.03,1
13124.99,1
2722.73,1
1364.65,1
9924.07,1
135.31,1
242.99,1
1469.19,1
21685.92,1
7055.03,1
6905.51,1
1784.43,1
4724.34,1
13538.97,1
4234.66,1
5492.22,1
6914.29,1
1625.39,1
11225.74,1
2401.64,1
3682.13,1
10835.77,1
8155.21,1
3328.19,1
208.55,1
5160.02,1
21460.2,1
2681.42,1
4989.02,1
6972.38,1
745.3,1
2583.61,1
1599.72,1
12116.74,1
10279.9,1
5807.99,1
2472.28,1
7663.57,1
3979.15,1
332.72,1
6876.18,1
2856.72,1
13487.68,1
966.63,1
2312.96,1
10338.03,1
10672.86,1
3490.46,1
3255.21,1
6465.29,1
996.77,1
11692.85,1
16710.62,1
3511.34,1
394.8,1
5424.35,1
2284.99,1
15809.49,1
15334.46,1
8667.69,1
2135.51,1
3159.3,1
5389.07,1
4499.47,1
8006.17,1
1970.3,1
1213.15,1
5494.88,1
463.58,1
5774.43,1
8075.69,1
4929.35,1
1097.81,1
8764.07,1
15655.28,1
1726.88,1
9264.36,1
19221.6,1
1212.28,1
54.64,1
2737.99,1
2284.34,1
2759.58,1
6284.52,1
2394.64,1
2617.86,1
12186.62,1
18371.26,1
12492.13,1
549.01,1
10344.15,1
5093.69,1
2220.49,1
5861.9,1
13077.86,1
3077.66,1
3813.97,1
6181.54,1
2319.53,1
18409.21,1
9268.48,1
3262.9,1
644.42,1
2637.57,1
11802.87,1
15897.1,1
961.08,1
4015.45,1
17377.47,1
9054.31,1
9155.77,1
3607.54,1
2957.66,1
4509.74,1
2643.53,1
6621.94,1
11651.07,1
7738.45,1
6552.73,1
12663.94,1
17226.93,1
10310.22,1
2493.42,1
533.54,1
3305.07,1
1503.66,1
7998.92,1
7735.49,1
26.34,1
690.08,1
13103.29,1
12136.83,1
1198.38,1
5808.73,1
4060.48,1
13870.6,1
4330.12,1
4054.01,1
8581.17,1
1851.14,1
13259.93,1
20417.74,1
1020.99,1
7448.92,1
5862.29,1
3595.87,1
8498.65,1
3544.72,1
312.79,1
5749.97,1
5572.15,1
7652.3,1
4005.01,1
17897.42,1
8774.59,1
12832.99,1
7657.46,1
16594.59,1
4820.43,1
7719.09,1
6542.06,1
8296.22,1
14188.2,1
18185.96,1
7191.25,1
2855.18,1
2126.04,1
6825.19,1
8733.87,1
3848.94,1
16830.25,1
1726.52,1
4087.14,1
12077.9,1
5030.28,1
6425.71,1
1317.03,1
3587.4,1
18555.35,1
22855.57,1
3748.08,1
8544.63,1
1381.5,1
13727.04,1
5835.72,1
1718.57,1
6627.52,1
7040.85,1
5434.46,1
8983.15,1
4050.44,1
5384.49,1
7450.82,1
1907.17,1
10740.22,1
2568.7,1
2342.28,1
11004.0,1
4590.52,1
1852.34,1
7285.41,1
1859.47,1
10251.62,1
8952.01,1
3580.66,1
12097.2,1
15789.97,1
460.65,1
7486.47,1
2411.66,1
8160.31,1
182.01,1
3732.78,1
3351.85,1
6413.67,1
7824.76,1
4486.05,1
5081.33,1
3324.62,1
3345.65,1
4155.52,1
13822.99,1
231.81,1
3847.98,1
12110.62,1
7416.75,1
3912.77,1
3666.11,1
1308.12,1
19983.06,1
17807.14,1
777.99,1
2973.61,1
7743.62,1
19278.56,1
1385.08,1
9899.44,1
15913.09,1
4940.4,1
7184.83,1
2158.34,1
16672.39,1
1031.68,1
787.1,1
448.87,1
5187.37,1
18156.47,1
5969.71,1
1293.13,1
1980.08,1
7744.49,1
8361.63,1
19823.84,1
2228.63,1
720.28,1
2819.93,1
1463.03,1
8550.25,1
9641.67,1
6762.32,1
4104.65,1
15717.92,1
5101.43,1
3742.58,1
3411.7,1
12210.71,1
1957.84,1
21879.56,1
4524.45,1
9759.75,1
15107.77,1
18219.07,1
4593.92,1
19689.9,1
11206.49,1
6883.53,1
2864.36,1
1134.25,1
4253.54,1
6502.16,1
10107.4,1
12272.31,1
8216.09,1
6457.04,1
15262.04,1
3409.73,1
4523.68,1
4763.94,1
3643.4,1
3751.1,1
2538.95,1
15354.27,1
8859.35,1
23222.37,1
2165.41,1
19624.77,1
257.01,1
5957.5,1
4689.11,1
16651.07,1
8814.18,1
4048.21,1
2664.14,1
1165.34,1
1417.38,1
1615.2,1
2625.86,1
8315.02,1
844.0,1
12273.96,1
87.66,1
2485.7,1
13526.4,1
426.86,1
2331.15,1
8702.27,1
3778.16,1
5438.13,1
8594.88,1
4652.18,1
17968.97,1
10876.59,1
14154.32,1
13575.69,1
259.76,1
15143.16,1
8560.26,1
3093.35,1
15808.56,1
14381.25,1
409.98,1
703.12,1
3760.68,1
3945.77,1
12393.38,1
3884.32,1
2478.24,1
23315.2,1
4842.51,1
13010.9,1
10812.47,1
9580.47,1
7032.04,1
197.2,1
5489.46,1
4242.88,1
7465.69,1
2434.11,1
19953.91,1
5441.87,1
3945.85,1
16423.02,1
7807.28,1
2018.39,1
11543.7,1
4253.3,1
5677.03,1
389.12,1
16619.72,1
1982.83,1
2389.21,1
2939.69,1
10117.24,1
1280.7,1
2508.82,1
1880.09,1
8304.88,1
12385.04,1
1503.12,1
7439.19,1
1173.22,1
12646.49,1
7080.27,1
405.05,1
5250.68,1
9449.92,1
1744.38,1
13310.36,1
6915.55,1
6781.27,1
14387.06,1
7640.62,1
11709.06,1
10222.72,1
3427.84,1
4098.96,1
4461.48,1
2949.01,1
24225.05,1
299.75,1
1083.15,1
610.04,1
3044.2,1
18476.23,1
20141.38,1
12956.89,1
10084.93,1
11428.01,1
270.17,1
946.74,1
4692.25,1
7488.98,1
893.67,1
5972.61,1
11860.97,1
1193.65,1
12144.58,1
5018.18,1
7076.75,1
4736.61,1
3837.12,1
18272.08,1
6306.66,1
12022.12,1
5640.18,1
1283.69,1
5794.12,1
1091.74,1
7987.91,1
15084.95,1
4972.19,1
4956.49,1
8173.68,1
2911.87,1
2326.92,1
16669.6,1
12021.39,1
18589.18,1
13543.94,1
20050.19,1
2839.35,1
386.48,1
8023.22,1
13043.86,1
4898.49,1
14581.7,1
3298.91,1
5090.59,1
12101.49,1
2682.87,1
13268.67,1
5482.12,1
16268.81,1
2607.33,1
2193.75,1
2782.27,1
1019.69,1
9619.36,1
1464.05,1
12066.7,1
2993.2,1
5556.54,1
3264.06,1
13397.49,1
4833.96,1
2502.32,1
2949.11,1
1954.4,1
8032.11,1
7115.4,1
390.92,1
9057.4,1
5054.71,1
14389.88,1
3494.65,1
5989.66,1
6746.66,1
2786.13,1
10033.77,1
12647.67,1
15510.81,1
6949.77,1
5296.55,1
9347.39,1
3881.71,1
14050.32,1
7465.66,1
325.29,1
2871.94,1
7783.41,1
3254.02,1
3188.67,1
3810.71,1
232.65,1
7591.53,1
2462.12,1
1085.25,1
3762.6,1
6412.74,1
2524.34,1
8616.02,1
2552.35,1
8761.25,1
19004.52,1
6474.66,1
9541.71,1
5147.46,1
2540.38,1
11857.33,1
9670.12,1
5716.43,1
14322.87,1
12540.78,1
8005.47,1
3084.86,1
6844.43,1
901.54,1
17536.29,1
4148.57,1
16967.72,1
6166.19,1
8326.07,1
4300.91,1
1610.37,1
15568.5,1
10851.07,1
2213.06,1
8717.31,1
19412.7,1
7053.73,1
4594.64,1
4196.41,1
19366.92,1
1463.66,1
11739.28,1
1816.09,1
7789.83,1
9724.7,1
408.27,1
2125.34,1
4221.65,1
818.87,1
7931.62,1
3090.52,1
377.9,1
2645.31,1
7115.14,1
7876.13,1
14888.77,1
23454.94,1
966.65,1
346.2,1
11988.67,1
4048.45,1
22241.29,1
5223.87,1
1991.78,1
8126.17,1
3890.61,1
1055.88,1
10456.19,1
1655.86,1
21332.53,1
3312.33,1
3839.5,1
9151.18,1
15977.16,1
3678.4,1
13868.83,1
6814.68,1
4169.53,1
7500.57,1
1572.08,1
2960.76,1
9207.77,1
8002.66,1
1514.0,1
4263.3,1
2574.61,1
14089.72,1
13139.26,1
2081.76,1
8621.08,1
8094.06,1
6972.04,1
6834.04,1
1834.53,1
4375.41,1
1021.46,1
7004.62,1
8024.71,1
4417.34,1
16106.34,1
5255.22,1
944.2,1
8392.47,1
531.51,1
5572.93,1
22154.26,1
1433.2,1
2103.62,1
9063.04,1
4958.45,1
5771.08,1
7152.73,1
10698.86,1
2540.19,1
12891.78,1
10233.72,1
23221.91,1
8638.81,1
2551.72,1
6282.4,1
1051.77,1
4971.73,1
5914.59,1
2915.61,1
7386.94,1
11237.16,1
1201.39,1
13451.94,1
309.69,1
14870.31,1
14634.28,1
463.89,1
1603.67,1
13138.5,1
6771.36,1
4624.31,1
7868.53,1
4028.94,1
17563.03,1
5927.56,1
6356.53,1
8281.35,1
361.31,1
2923.06,1
4011.26,1
9284.74,1
1345.29,1
13319.19,1
4148.37,1
1624.81,1
3104.45,1
4557.1,1
4983.12,1
7213.01,1
7471.18,1
450.5,1
325.0,1
15763.4,1
15228.31,1
167.98,1
4283.98,1
2676.93,1
1590.83,1
4390.23,1
4292.26,1
430.66,1
10592.86,1
10559.3,1
5320.62,1
5009.89,1
16286.56,1
8152.95,1
7365.84,1
2721.62,1
23560.54,1
5639.65,1
4235.6,1
11865.46,1
19202.64,1
9390.96,1
14940.68,1
5483.72,1
3587.28,1
6662.12,1
15584.1,1
3743.63,1
1857.85,1
4380.9,1
4007.84,1
13790.15,1
121.5,1
9771.38,1
2413.56,1
11873.61,1
2129.34,1
3597.38,1
2626.92,1
8040.06,1
15341.5,1
5900.66,1
13173.05,1
6709.98,1
12333.73,1
2368.59,1
14642.67,1
13693.28,1
11354.87,1
316.19,1
14989.73,1
5697.03,1
12486.65,1
9673.86,1
5004.39,1
8688.58,1
1082.16,1
4406.01,1
833.85,1
9388.14,1
3663.31,1
20274.08,1
318.35,1
2122.99,1
10905.38,1
1724.21,1
6100.94,1
12504.08,1
1142.66,1
631.34,1
6846.6,1
12095.38,1
8807.83,1
13989.15,1
766.11,1
11655.09,1
4817.47,1
9476.35,1
5637.64,1
101.57,1
9561.19,1
18111.68,1
12128.17,1
13218.46,1
12220.51,1
10172.15,1
12731.58,1
3145.31,1
3666.27,1
687.5,1
1483.22,1
16065.61,1
3819.94,1
5038.33,1
9886.67,1
2330.96,1
4289.29,1
5477.51,1
4291.79,1
1774.36,1
3704.02,1
12315.34,1
347.65,1
11538.28,1
7414.67,1
11578.39,1
16127.64,1
13777.52,1
509.24,1
9104.72,1
2847.47,1
9587.51,1
2370.53,1
10782.43,1
1571.9,1
707.0,1
1601.33,1
891.69,1
2399.66,1
7090.22,1
3784.49,1
14299.6,1
4752.42,1
9792.31,1
10322.81,1
57.37,1
5029.08,1
10390.27,1
78.1,1
14348.84,1
4365.25,1
10026.88,1
9120.7,1
5256.98,1
1424.49,1
1202.24,1
3778.8,1
4284.28,1
1256.95,1
7787.6,1
20580.9,1
11998.32,1
4645.98,1
1358.88,1
911.46,1
869.07,1
4728.93,1
12168.39,1
5904.87,1
1886.04,1
7554.47,1
18096.31,1
4545.44,1
3619.41,1
3797.23,1
335.22,1
15466.08,1
5385.01,1
11312.95,1
13608.63,1
22003.92,1
12940.58,1
14831.57,1
4520.12,1
10874.97,1
4313.99,1
8493.68,1
172.85,1
344.15,1
4537.84,1
4060.8,1
4680.85,1
13633.76,1
5122.83,1
5196.3,1
3364.56,1
4785.72,1
3607.44,1
2290.31,1
16495.3,1
1174.46,1
20784.08,1
5399.79,1
3735.88,1
9119.35,1
3016.19,1
12026.27,1
16016.96,1
15412.64,1
1808.85,1
8713.09,1
2631.5,1
6758.44,1
2158.44,1
1715.42,1
1918.64,1
6131.39,1
5932.36,1
1081.79,1
11943.92,1
1071.03,1
17629.47,1
12840.26,1
3738.94,1
10570.62,1
10399.82,1
402.11,1
6664.96,1
4036.33,1
16834.24,1
1702.48,1
17522.93,1
789.78,1
9515.41,1
15339.25,1
13587.86,1
12534.4,1
2068.78,1
20153.34,1
2228.05,1
16274.14,1
5968.38,1
2878.02,1
6445.61,1
6577.7,1
10593.26,1
13111.53,1
15471.54,1
8068.48,1
6160.02,1
9319.67,1
1025.8,1
8345.06,1
5671.25,1
629.45,1
10216.64,1
4732.75,1
5041.76,1
260.59,1
4807.05,1
21938.4,1
21951.07,1
3699.66,1
5563.63,1
1212.74,1
822.75,1
9869.92,1
11675.44,1
3692.83,1
5591.49,1
5010.98,1
2695.71,1
9234.2,1
3723.98,1
9834.91,1
5544.01,1
6084.22,1
12185.47,1
5611.93,1
747.67,1
2691.52,1
2957.38,1
27.88,1
19049.28,1
4102.01,1
9578.2,1
3235.12,1
4251.06,1
2376.12,1
7347.27,1
4818.64,1
481.37,1
8807.04,1
4519.01,1
10518.55,1
21407.51,1
9388.52,1
2859.43,1
3116.37,1
12241.45,1
4125.92,1
5095.55,1
7755.75,1
4582.13,1
10677.17,1
8371.0,1
5403.56,1
913.3,1
3268.46,1
14426.34,1
6453.87,1
143.56,1
8767.34,1
63.93,1
4702.7,1
9657.09,1
349.78,1
2646.4,1
11790.18,1
1162.86,1
1749.3,1
8599.53,1
13631.5,1
11909.84,1
11267.39,1
8554.58,1
3006.88,1
14832.06,1
4593.29,1
11811.25,1
4023.63,1
1753.64,1
3728.35,1
13269.17,1
12704.43,1
8290.13,1
14063.59,1
3999.59,1
9528.96,1
2202.25,1
820.51,1
4784.25,1
21951.67,1
7056.25,1
7367.12,1
16350.63,1
1347.86,1
8406.14,1
9815.72,1
2504.13,1
8307.25,1
3315.74,1
8435.71,1
2329.72,1
625.87,1
14770.52,1
10774.02,1
5809.48,1
2522.81,1
11620.63,1
9029.37,1
13168.94,1
13625.61,1
9611.24,1
3811.54,1
10681.63,1
9059.61,1
5340.92,1
2966.88,1
3278.63,1
12097.48,1
9086.14,1
5599.23,1
10050.67,1
471.99,1
2572.36,1
9799.41,1
2623.83,1
7990.21,1
5949.46,1
1685.8,1
7898.45,1
3355.28,1
3711.84,1
2204.26,1
9052.68,1
2473.02,1
2079.53,1
12168.52,1
4710.82,1
5261.89,1
2132.11,1
2224.54,2
4889.79,1
14415.19,1
2589.4,1
1397.35,1
4232.05,1
6710.46,1
5692.11,1
3113.77,1
19994.48,1
8364.35,1
1710.87,1
12046.43,1
6267.25,1
2937.36,1
601.86,1
665.49,1
6786.57,1
13348.0,1
16670.74,1
12975.57,1
9980.94,1
5810.27,1
8038.5,1
15475.33,1
6319.62,1
12723.47,1
3745.85,1
2561.72,1
11758.69,1
7933.68,1
19349.0,1
1190.14,1
7200.55,1
12852.94,1
9029.75,1
3410.12,1
3352.95,1
8166.49,1
10554.56,1
13697.15,1
5299.75,1
6094.84,1
2334.77,1
14847.32,1
12391.01,1
2654.72,1
3493.95,1
10721.19,1
13655.96,1
3294.18,1
1284.29,1
7772.11,1
1601.09,1
5954.59,1
3066.35,1
2013.61,1
10077.32,1
8915.12,1
1400.58,1
3606.46,1
3156.83,1
1383.42,1
3730.15,1
11590.91,1
395.84,1
1115.56,1
6897.25,1
9302.91,1
3632.34,1
8045.16,1
8308.36,1
1353.57,1
2293.06,1
6002.68,1
9167.89,1
11176.34,1
6751.52,1
13378.14,1
13833.47,1
6587.41,1
10883.0,1
8607.84,1
4542.61,1
10182.07,1
3938.83,1
1365.73,1
16851.54,1
17843.03,1
9534.85,1
6326.1,1
16986.13,1
8074.29,1
3317.63,1
6199.55,1
17963.57,1
8895.38,1
654.92,1
19226.43,1
11345.04,1
892.82,1
5335.89,1
13663.88,1
4036.07,1
9261.25,1
6638.09,1
3055.88,1
14180.01,1
13745.07,1
2853.39,1
1989.02,1
17087.6,1
1014.04,1
4018.92,1
7671.96,1
4117.08,1
2192.49,1
13538.8,1
2791.68,1
7742.05,1
22789.91,1
22153.85,1
156.84,1
10097.98,1
6722.56,1
6947.32,1
10250.34,1
17335.42,1
168.18,1
16608.67,1
11502.98,1
16890.49,1
7323.0,1
15653.03,1
4141.54,1
17364.59,1
6674.49,1
6956.11,1
1219.26,1
4754.62,1
1821.95,1
13396.6,1
15446.32,1
4324.07,1
12393.69,1
1905.65,1
2677.53,1
5891.5,1
2367.84,1
9831.1,1
20480.9,1
1839.25,1
1370.14,1
22586.84,1
2476.69,1
22203.37,1
2035.25,1
15319.73,1
12588.28,1
3998.64,1
20083.14,1
10154.12,1
11761.46,1
2062.77,1
4273.9,1
13403.51,1
777.16,1
12470.19,1
2786.01,1
12104.05,1
8670.31,1
17061.47,1
12375.0,1
11466.45,1
3117.49,1
23975.62,1
16016.97,1
10100.85,1
9737.16,1
6761.89,1
10630.38,1
7083.2,1
4324.45,1
4188.81,1
4830.07,1
6832.93,1
662.17,1
4048.68,1
12665.62,1
3477.64,1
6891.68,1
11004.16,1
16902.56,1
1176.35,1
8551.65,1
1265.48,1
1201.9,1
5734.58,1
9673.2,1
20187.19,1
739.19,1
4573.38,1
7352.99,1
147.76,1
11381.24,1
7926.79,1
11415.83,1
5889.29,1
115.41,1
2595.94,1
15389.06,1
4485.61,1
7719.2,1
4234.83,1
1529.89,1
2899.7,1
5091.21,1
13588.14,1
12600.17,1
14179.01,1
11917.57,1
12254.88,1
884.0,1
7006.82,1
12308.48,1
1635.02,1
4403.53,1
16168.61,1
5725.88,1
15753.73,1
8979.72,1
8173.08,1
9672.13,1
4527.82,1
2835.14,1
8827.6,1
4690.33,1
5808.49,1
4911.03,1
7220.66,1
3479.62,1
7037.08,1
1564.82,1
4157.36,1
4444.29,1
3419.11,1
3408.55,1
1393.31,1
8343.0,1
8730.84,1
7223.53,1
1434.16,1
611.37,1
2027.84,1
1369.22,1
15316.79,1
13372.66,1
539.62,1
8485.92,1
3740.34,1
3916.23,1
12345.66,1
2943.63,1
121.57,1
6003.68,1
4201.99,1
11306.68,1
8502.24,1
19546.07,1
8180.44,1
9603.04,1
5459.3,1
4048.26,1
4488.3,1
7820.05,1
4418.33,1
16507.46,1
8926.17,1
913.89,1
12772.25,1
3079.85,1
1049.21,1
8431.67,1
685.1,1
403.97,1
7557.25,1
1951.55,1
16523.8,1
5022.44,1
2956.88,1
3205.98,1
8401.09,1
536.28,1
6069.28,1
5682.47,1
7674.08,1
7548.49,1
1023.86,1
1919.72,1
11105.19,1
2893.78,1
3157.8,1
4498.48,1
5776.92,1
3308.61,1
6306.92,1
3496.49,1
439.82,1
4416.84,1
18319.82,1
2980.35,1
14746.69,1
11130.77,1
5976.18,1
6403.68,1
7290.87,1
18492.81,1
8695.74,1
2888.97,1
10715.91,1
1677.6,1
2902.02,1
1680.43,1
13223.73,1
14018.98,1
10037.62,1
16224.96,1
4031.56,1
3907.3,1
13923.68,1
9094.57,1
11379.77,1
8727.18,1
4137.18,1
3438.79,1
12120.07,1
5144.28,1
1984.68,1
1162.78,1
4474.5,1
1845.31,1
2116.57,1
19591.85,1
5693.51,1
4722.66,1
391.86,1
5263.28,1
4931.87,1
8758.21,1
7628.42,1
9582.96,1
8380.47,1
8637.92,1
18636.83,1
3500.16,1
832.85,1
218.75,1
17431.96,1
1298.33,1
2690.19,1
2348.64,1
8499.74,1
490.56,1
3597.45,1
10191.29,1
5157.2,1
4270.6,1
15238.16,1
18558.94,1
5685.39,1
10117.11,1
4399.06,1
998.13,1
13813.24,1
1326.36,1
1647.96,1
1967.5,1
7303.37,1
417.09,1
7270.27,1
13564.32,1
3192.45,1
1257.04,1
19597.75,1
7158.21,1
583.42,1
1422.86,1
14723.89,1
19443.08,1
9277.74,1
4830.17,1
600.69,1
2905.24,1
7228.96,1
23258.36,1
13155.8,1
9218.11,1
4242.43,1
1749.63,1
4191.06,1
12256.88,1
791.64,1
14051.84,1
2724.96,1
2035.89,1
2128.48,1
3506.38,1
13486.16,1
7148.94,1
2542.28,1
4482.56,1
4561.44,1
5364.93,1
436.79,1
262.0,1
3520.44,1
19350.92,1
3573.16,1
102.12,1
7682.9,1
162.89,1
9623.26,1
12786.86,1
1556.73,1
4656.25,1
22071.88,1
4178.97,1
4860.13,1
2412.32,1
6662.54,1
6752.42,1
19316.32,1
5046.02,1
10379.77,1
22478.17,1
4260.45,1
838.4,1
4790.62,1
773.56,1
18944.41,1
20602.57,1
3923.86,1
15775.59,1
11263.21,1
4654.96,1
1635.11,1
4104.12,1
1554.83,1
2356.1,1
2932.88,1
7022.63,1
1295.61,1
3174.55,1
6141.27,1
6478.09,1
7941.05,1
9309.6,1
11220.0,1
8027.96,1
3125.78,1
1178.78,1
4147.55,1
2822.86,1
15171.68,1
5032.82,1
1134.64,1
4036.81,1
14257.41,1
8252.76,1
869.05,1
4065.42,1
744.08,1
1910.15,1
1911.87,1
816.66,1
4272.83,1
4053.77,1
2502.56,1
134.34,1
11931.1,1
8606.1,1
10203.49,1
3518.39,1
4218.97,1
5608.79,1
2186.44,1
206.04,1
13517.6,1
10238.14,1
11475.42,1
13516.62,1
11455.0,1
13683.36,1
8789.58,1
8320.21,1
472.66,1
3429.52,1
9952.12,1
5526.9,1
3655.45,1
12630.82,1
8795.91,1
6631.64,1
269.02,1
3409.49,1
9487.13,1
1447.13,1
18594.42,1
1992.05,1
2122.27,1
10139.82,1
22489.84,1
1071.88,1
1358.89,1
525.25,2
13260.44,1
11068.36,1
3943.16,1
3528.05,1
2472.88,1
5516.88,1
396.26,1
5458.15,1
7090.92,1
4007.49,1
2720.66,1
18432.43,1
1935.56,1
7845.36,1
2856.03,1
85.71,1
2395.91,1
2776.6,1
3840.14,1
13116.96,1
12128.05,1
841.34,1
3112.42,1
13069.42,1
5212.21,1
15444.82,1
5257.54,1
14730.07,1
8264.03,1
3365.71,1
13203.94,1
9426.51,1
6085.88,1
5166.19,1
5133.44,1
12904.72,1
7317.4,1
3964.59,1
12606.69,1
11484.41,1
7368.98,1
891.64,1
356.31,1
8790.09,1
11705.81,1
3996.91,1
3705.68,1
187.64,1
2232.42,1
3811.01,1
4406.62,1
2534.89,1
8541.04,1
23305.38,1
14487.7,1
1270.1,1
6444.24,1
12138.15,1
4676.43,1
10437.83,1
20646.66,1
2715.96,1
9713.41,1
13870.11,1
2816.73,1
4823.36,1
14522.1,1
14206.54,1
10897.65,1
382.66,1
5771.4,1
5289.89,1
518.79,1
9332.78,1
5105.27,1
1296.37,1
12726.93,1
4617.32,1
4514.8,1
4621.32,1
899.88,1
15283.75,1
22609.83,1
14579.04,1
11978.82,1
7726.07,1
8914.83,1
5487.56,1
12428.27,1
6403.02,1
6493.92,1
2548.43,1
3114.85,1
968.31,1
13475.12,1
6503.01,1
18782.24,1
212.04,1
5682.78,1
3997.74,1
293.78,1
1736.29,1
16504.6,1
3136.97,1
4741.91,1
9133.58,1
20002.92,1
13953.09,1
4630.26,1
8537.42,1
1981.65,1
7775.84,1
10432.64,1
387.87,1
7761.44,1
3308.57,1
707.82,1
3922.17,1
2963.39,1
10452.8,1
2727.58,1
3007.33,1
1246.31,1
1578.27,1
2918.11,1
1838.86,1
6746.72,1
541.35,1
2784.1,1
5931.69,1
13107.51,1
16512.98,1
2503.69,1
15675.79,1
4262.89,1
7513.54,1
6107.99,1
13250.27,1
12134.82,1
697.93,1
1955.04,1
12618.82,1
10285.18,1
6091.87,1
12143.68,1
5101.4,1
5639.98,1
1348.07,1
4752.93,1
5925.04,1
4085.22,1
4232.68,1
6140.6,1
2880.48,1
22764.55,1
15139.54,1
2273.06,1
4272.27,1
4873.73,1
1237.59,1
12220.27,1
4606.33,1
4152.52,1
1263.8,1
2446.05,1
10122.61,1
2222.29,1
2292.17,1
7660.15,1
14079.62,1
7137.73,1
6372.79,1
10893.52,1
7301.0,1
1655.69,1
3141.53,1
5178.55,1
9599.22,1
8097.1,1
2577.47,1
7941.94,1
1253.72,1
7133.32,1
6046.8,1
4043.5,1
6797.67,1
1396.82,1
10916.66,1
15384.09,1
10847.76,1
5712.71,1
8910.58,1
2302.44,1
2393.3,1
1297.82,1
1188.82,1
6341.0,1
1216.83,1
5830.65,1
5237.98,1
2848.46,1
17606.01,1
700.09,1
10929.86,1
2485.74,1
11483.63,1
2329.21,1
5699.72,1
9326.15,1
9108.79,1
18697.35,1
731.15,1
5471.11,1
326.21,1
146.61,1
7263.17,1
2455.94,1
18387.23,1
5175.35,1
2617.56,1
114.94,1
4208.27,1
7469.91,1
3190.7,1
10859.27,1
827.48,1
1834.22,1
13259.6,1
18547.11,1
14160.83,1
279.95,1
13642.51,1
15550.99,1
5622.99,1
9414.48,1
13395.06,1
7395.42,1
17599.0,1
7399.72,1
2560.54,1
10675.93,1
17146.29,1
7662.22,1
7281.5,1
2793.9,1
829.82,1
3394.0,1
4254.37,1
3017.66,1
5091.1,1
5676.5,1
3247.1,1
8226.94,1
4151.06,1
6927.81,1
3681.59,1
2573.26,1
4975.87,1
2425.23,1
3910.93,1
6663.17,1
726.37,1
913.83,1
7808.51,1
4130.06,1
7010.83,1
942.23,1
2015.55,1
8160.45,1
1428.54,1
3903.19,1
439.92,1
536.15,1
4975.77,1
511.33,1
1944.35,1
8426.95,1
3766.56,1
11446.55,1
11658.87,1
2626.99,1
3764.57,1
714.39,1
3657.26,1
284.25,1
4721.34,1
4425.08,1
5490.74,1
4882.75,1
2410.58,1
6464.53,1
2748.99,1
3709.98,1
5813.99,1
20897.66,1
7459.5,1
1249.26,1
338.74,1
3477.34,1
5134.01,1
10204.28,1
1306.44,1
9480.47,1
12616.12,1
1863.43,1
112.81,1
16913.56,1
17032.14,1
12806.31,1
3664.94,1
9135.81,1
5220.94,1
1205.45,1
1741.99,1
202.92,1
4386.59,1
6853.31,1
4589.42,1
503.27,1
3691.8,1
3212.27,1
2223.8,1
4958.0,1
20168.93,1
1597.53,1
17698.93,1
17245.34,1
7157.15,1
5827.86,1
2836.84,1
19052.21,1
677.52,1
4740.74,1
3516.37,1
10398.05,1
14834.13,1
13615.84,1
3359.54,1
8805.12,1
5099.43,1
13029.23,1
4455.84,1
4465.32,1
2237.72,1
5524.45,1
5370.29,1
9067.63,1
3866.79,1
2335.69,1
7146.03,1
941.6,1
2093.49,1
1612.31,1
6585.1,1
7986.03,1
2760.11,1
11328.14,1
1994.44,1
1237.36,1
7017.76,1
6355.04,1
12881.43,1
15733.66,1
4587.73,1
7924.31,1
19991.93,1
1325.24,1
13064.34,1
2250.82,1
6054.27,1
12395.63,1
9405.36,1
13055.61,1
7753.61,1
10575.67,1
15854.06,1
1261.04,1
7579.52,1
10319.46,1
7080.4,1
2681.17,1
11616.57,1
3761.22,1
7755.0,1
11913.68,1
2341.7,1
1193.35,1
9627.75,1
2580.65,1
15418.3,1
2741.11,1
5262.91,1
2874.12,1
1594.35,1
6655.89,1
953.93,1
11765.25,1
4197.6,1
5079.54,1
5655.52,1
3920.49,1
2317.53,1
1062.33,1
2289.8,1
1461.38,1
11682.63,1
16998.31,1
2563.63,1
15527.56,1
9634.88,1
3178.78,1
4657.89,1
7577.25,1
13920.95,1
21679.33,1
3335.05,1
203.82,1
9483.12,1
8286.28,1
4365.41,1
2307.11,1
4909.01,1
11746.07,1
2335.66,1
4002.44,1
13033.93,1
16609.97,1
1246.67,1
2101.04,1
3268.81,1
5337.13,1
6654.38,1
2742.53,1
6504.27,1
442.59,1
4730.79,1
3369.93,1
3724.49,1
4246.13,1
820.73,1
19537.45,1
10036.51,1
513.49,1
449.99,1
11523.77,1
2987.29,1
8475.7,1
3911.96,1
145.4,1
1632.59,1
4540.45,1
3249.7,1
807.17,1
9117.23,1
12085.87,1
257.02,1
7030.54,1
4048.06,1
7060.53,1
5580.7,1
5120.27,1
4476.37,1
5957.61,1
3402.35,1
427.22,1
4413.23,1
3743.5,1
13413.73,1
13478.24,1
9898.18,1
7353.37,1
17784.01,1
1089.63,1
1239.28,1
2110.69,2
12886.72,1
1196.87,1
6178.23,1
1293.47,1
5992.46,1
4709.58,1
5093.7,1
9181.51,1
2884.95,1
4300.58,1
1021.29,1
1808.53,1
5476.54,1
5307.63,1
17661.26,1
8571.56,1
16859.11,1
21164.32,1
1120.19,1
2957.64,1
2787.69,1
8508.68,1
3038.32,1
9789.99,1
17845.78,1
19743.61,1
11804.6,1
2242.43,1
18462.66,1
8922.93,1
529.4,1
5066.71,1
3410.63,1
12581.88,1
14715.38,1
2606.3,1
2672.0,1
8528.39,1
433.94,1
12196.63,1
12324.55,1
1176.11,1
5440.88,1
5009.51,1
6248.87,1
4131.22,1
3649.37,1
6306.72,1
6951.55,1
8772.55,1
3180.15,1
3481.6,1
3781.62,1
2100.35,1
3647.24,1
5289.1,1
5600.76,1
1772.67,1
3409.9,1
3776.05,1
17041.04,1
2052.44,1
13193.24,1
5847.49,1
6518.98,1
5049.48,1
6856.11,1
4293.74,1
2694.99,1
857.07,1
1858.07,1
1334.11,1
1350.22,1
3356.05,1
2564.37,1
12712.5,1
6057.61,1
4648.49,1
9419.56,1
19353.25,1
5925.41,1
3600.47,1
2829.83,1
4727.02,1
11262.76,1
9635.14,1
1230.35,1
6739.27,1
1232.0,1
14494.31,1
302.65,1
2549.21,1
3475.29,1
417.94,1
11718.39,1
19644.21,1
2568.09,1
5496.29,1
10670.6,1
9227.97,1
298.97,1
18145.35,1
15913.73,1
5974.49,1
17116.56,1
4396.0,1
9503.87,1
2716.51,1
7391.57,1
10659.35,1
13390.76,1
4827.81,1
12156.1,1
1821.27,1
14331.59,1
16685.39,1
15176.31,1
2409.51,1
3836.08,1
6412.58,1
21088.96,1
3253.83,1
23265.48,1
1102.75,1
759.0,1
2055.48,1
652.49,1
5189.33,1
7720.3,1
10293.52,1
9833.15,1
4487.01,1
4403.52,1
4007.32,1
6229.67,1
8434.54,1
11070.43,1
3839.09,1
1453.02,1
9464.11,1
3106.16,1
7932.92,1
4305.19,1
1649.26,1
6401.42,1
5696.37,1
11342.81,1
15703.68,1
88.23,1
299.79,1
4663.42,1
4925.35,1
15742.42,1
4792.47,1
7229.48,1
406.55,1
2456.53,1
9070.66,1
1571.12,1
2140.83,1
4687.83,1
5264.6,1
2310.43,1
2424.53,1
9691.28,1
5921.9,1
5344.45,1
9308.62,1
15178.15,1
12736.95,1
1150.75,1
13178.2,1
845.27,1
3430.63,1
4076.16,1
8125.12,1
3431.18,1
5001.79,1
13819.91,1
4931.69,1
15638.99,1
1821.1,1
5845.87,1
7260.35,1
9134.85,1
17353.02,1
16002.7,1
13164.5,1
1896.56,1
5690.35,1
11637.9,1
10205.85,1
3294.45,1
14560.43,1
7154.39,1
11918.94,1
11524.89,1
2302.08,1
3863.59,1
3205.14,1
200.8,1
5772.04,1
2103.67,1
6067.23,1
2438.04,1
7761.94,1
2255.61,1
7031.92,1
8152.2,1
2464.49,1
7594.3,1
3887.56,1
3345.92,1
20816.6,1
11771.04,1
12695.26,1
2214.07,1
4892.33,1
11522.93,1
12374.0,1
430.97,1
9361.02,1
5610.21,1
1659.04,1
5971.66,1
7539.97,1
3339.64,1
2822.1,1
6445.04,1
27.14,1
17346.43,1
2235.7,1
1380.25,1
8993.55,1
3910.02,1
10252.48,1
13526.86,1
27.15,1
12952.41,1
14294.02,1
6232.59,1
6854.49,1
10827.45,1
1101.89,1
4408.77,1
1661.79,1
1429.47,1
2036.15,1
16494.08,1
2174.55,1
3483.37,1
19912.21,1
358.52,1
2362.1,1
2295.61,1
7804.02,1
8118.68,1
4133.23,1
5946.18,1
8105.91,1
7363.16,1
8003.12,1
14915.75,1
17194.46,1
4673.16,1
7244.9,1
14750.21,1
12514.67,1
564.07,1
2744.01,1
19379.73,1
9128.32,1
519.81,1
1350.31,1
845.97,1
4927.43,1
1895.54,1
12855.06,1
1196.4,1
10712.89,1
4340.14,1
8651.16,1
17856.24,1
1017.14,1
1020.43,1
7271.86,1
14454.02,1
5263.47,1
1490.44,1
5660.97,1
1731.01,1
7375.88,1
6127.03,1
3307.41,1
9760.77,1
8500.89,1
7747.63,1
753.46,1
5813.26,1
17960.6,1
5499.78,1
1851.77,1
8576.37,1
4805.92,1
17106.16,1
5635.22,1
6716.34,1
845.64,1
7321.53,1
6360.08,1
1822.78,1
2354.32,1
4709.38,1
6178.34,1
7968.97,1
869.96,1
7381.89,1
15568.43,1
7662.45,1
1568.98,1
4278.54,1
3539.37,1
13063.62,1
2483.37,1
5197.94,1
717.41,1
2590.92,1
2566.29,1
10983.43,1
16921.45,1
16895.43,1
5077.77,1
6541.69,1
29.19,1
3041.63,1
1275.89,1
543.68,1
18780.04,1
482.42,1
547.98,1
15046.21,1
17006.41,1
235.41,1
997.46,1
6381.57,1
5189.84,1
3923.05,1
17399.45,1
836.75,1
4160.39,1
13223.91,1
11667.84,1
8250.34,1
5956.18,1
3893.35,1
9749.46,1
3471.9,1
440.4,1
5027.12,1
598.51,1
18337.04,1
7997.41,1
3434.33,1
6752.11,1
17025.56,1
8981.18,1
161.67,1
7412.44,1
3705.33,1
12606.98,1
1973.19,1
2595.77,1
1642.99,1
21862.35,1
2726.63,1
6946.51,1
1106.58,1
2317.96,1
1233.33,1
10254.48,1
1619.0,1
14491.0,1
6915.29,1
14677.65,1
2248.22,1
7359.18,1
8257.23,1
8178.3,1
21470.23,1
6286.1,1
3378.23,1
6199.35,1
14638.37,1
18906.26,1
3980.41,1
7301.98,1
22903.24,1
5987.55,1
4173.97,1
795.92,1
11611.32,1
2889.56,1
4878.17,1
13574.99,1
2129.8,1
529.49,1
11367.72,1
7452.9,1
11929.53,1
22477.59,1
16029.17,1
634.69,1
5657.01,1
3286.26,1
280.56,1
6782.32,1
2412.09,1
7720.94,1
8017.64,1
2553.77,1
4628.25,1
12635.94,1
4989.07,1
2338.33,1
10792.81,1
2165.62,1
11356.95,1
5791.93,1
14842.26,1
3312.36,1
744.98,1
10975.01,1
4467.27,1
16148.27,1
3398.13,1
10154.98,1
8059.27,1
7427.56,1
2501.99,1
4924.83,1
4431.52,1
13422.3,1
347.24,1
173.37,1
12293.17,1
2066.1,1
3016.92,1
1896.72,1
14393.9,1
6043.25,1
5232.47,1
4862.13,1
17842.76,1
8541.35,1
2727.97,1
5651.83,1
11627.6,1
4955.8,1
1554.37,1
5824.71,1
1344.32,1
381.81,1
9096.48,1
11934.69,1
13440.8,1
6006.32,1
4338.44,1
12874.23,1
6408.52,1
13449.96,1
3975.73,1
19560.56,1
7664.78,1
4169.98,1
6552.98,1
5811.07,1
796.77,1
2064.63,1
2719.58,1
23405.25,1
7727.75,1
29.12,1
12940.1,1
1004.36,1
2471.09,1
1153.54,1
4752.76,1
2361.51,1
2279.05,1
12027.38,1
20747.87,1
5703.17,1
428.78,1
11904.46,1
6973.43,1
5253.86,1
2711.48,1
10079.72,1
9276.08,1
2335.47,1
19251.82,1
3029.49,1
4932.62,1
15785.28,1
2525.05,1
6462.08,1
3058.16,1
2093.37,1
21154.43,1
5337.84,1
2314.56,1
13334.03,1
4445.48,1
866.76,1
3286.54,1
6437.77,1
2335.4,1
19124.37,1
9297.78,1
4125.81,1
8604.13,1
783.93,1
2242.25,1
3817.81,1
11335.27,1
274.29,1
20040.2,1
16733.8,1
23248.5,1
141.97,1
1041.46,1
5687.29,1
663.9,1
2597.59,1
16099.88,1
1408.1,1
1781.05,1
4489.7,1
11702.26,1
930.04,1
9316.9,1
4505.56,1
20865.24,1
3486.85,1
311.27,1
19856.39,1
7087.42,1
19456.19,1
19659.16,1
6046.47,1
544.69,1
9071.69,1
1905.91,1
1825.67,1
313.7,1
8743.92,1
2480.86,1
3735.94,1
1808.18,1
4207.0,1
9094.09,1
8903.05,1
5395.77,1
1901.64,1
3512.57,1
15017.73,1
7035.3,1
7147.34,1
3146.0,1
7155.29,1
1708.61,1
21793.3,1
2185.54,1
1188.83,1
17450.57,1
2914.03,1
13891.85,1
7251.57,1
3742.95,1
8850.5,1
3188.48,1
3656.78,1
80.75,1
1076.2,1
6764.24,1
4569.52,1
7509.33,1
12122.66,1
3129.34,1
6404.78,1
4369.02,1
10747.97,1
512.47,1
4343.5,1
6009.08,1
9862.88,1
5878.45,1
16951.39,1
1006.85,1
6140.87,1
3454.98,1
7126.91,1
2013.5,1
9925.22,1
1960.65,1
1446.03,1
2334.95,1
2276.82,1
6207.75,1
13851.39,1
15924.84,1
12977.16,1
11679.73,1
5055.93,1
20175.68,1
880.02,1
13389.37,1
2003.46,1
9945.19,1
176.85,1
1511.38,1
13874.72,1
4079.27,1
18340.12,1
1177.62,1
2102.06,1
17185.71,1
17420.05,1
11195.56,1
8217.12,1
1933.74,1
366.22,1
4682.86,1
15602.12,1
16053.39,1
1385.49,1
12755.75,1
20686.92,1
14162.98,1
4432.34,1
7601.99,1
11360.2,1
6086.08,1
12634.4,1
7253.21,1
11869.07,1
17582.05,1
2748.41,1
6968.99,1
656.96,1
12161.69,1
5022.53,1
13210.03,1
1396.08,1
2338.84,1
1206.54,1
1328.91,1
7135.96,1
2033.39,1
3264.27,1
6412.01,1
18565.93,1
3873.32,1
6986.14,1
1100.88,1
5234.3,1
6785.95,1
13864.08,1
1622.36,1
1917.85,1
2987.57,1
5679.01,1
1531.16,1
6663.01,1
7211.26,1
4674.02,1
1191.46,1
16496.35,1
15447.94,1
5829.95,1
8919.31,1
1103.73,1
8971.4,1
21802.56,1
6098.3,1
10646.78,1
12012.34,1
4921.83,1
1685.29,1
10834.19,1
1589.9,1
4849.04,1
11401.47,1
2593.12,1
6152.47,1
4101.95,1
20128.87,1
2630.44,1
14689.99,1
11563.73,1
2877.18,1
9962.8,1
7813.48,1
2685.55,1
10594.26,1
4445.63,1
2569.47,1
19378.11,1
7197.98,1
14134.84,1
7940.11,1
7559.91,1
4139.78,1
1482.28,1
8438.4,1
2405.93,1
5559.3,1
3497.66,1
7962.07,1
17279.71,1
5750.4,1
3938.67,1
2149.33,1
23432.83,1
13755.8,1
7334.52,1
12179.22,1
6075.65,1
10178.46,1
8223.07,1
148.46,1
826.51,1
1170.49,1
6495.9,1
2748.72,1
8792.06,1
5799.7,1
16964.2,1
16760.88,1
640.16,1
19476.13,1
7474.57,1
6106.19,1
2270.19,1
396.45,1
58.67,1
13451.04,1
7442.48,1
4013.79,1
19518.82,1
3328.54,1
1426.83,1
9770.36,1
12238.49,1
4181.44,1
9590.12,1
6800.86,1
12085.95,1
9484.35,1
8511.51,1
875.68,1
5482.32,1
5966.4,1
2333.56,1
2421.45,1
408.13,1
23041.2,1
9747.98,1
13241.83,1
7515.24,1
4234.93,1
10514.94,1
14352.75,1
3703.47,1
4232.19,1
323.07,1
12882.26,1
4842.72,1
1854.63,1
7276.46,1
9952.2,1
3295.6,1
7799.79,1
8666.63,1
1776.17,1
15186.36,1
3696.46,1
1834.86,1
14484.06,1
6031.42,1
13753.84,1
3273.84,1
724.73,1
7966.07,1
20223.02,1
979.19,1
15602.31,1
1786.3,1
3796.96,1
438.9,1
412.33,1
4209.9,1
5844.56,1
5623.87,1
611.6,1
12519.66,1
1655.44,1
9938.8,1
848.72,1
13390.29,1
7565.54,1
5003.94,1
5095.27,1
2088.1,1
13217.46,1
1817.5,1
12479.07,1
120.91,1
385.72,1
175.83,1
5998.14,1
366.38,1
3625.99,1
5658.66,1
15635.42,1
5897.82,1
3160.11,1
2919.58,1
4220.73,1
22104.44,1
1681.16,1
14605.0,1
4969.56,1
14009.01,1
3064.15,1
572.59,1
7225.75,1
13660.96,1
1152.83,1
3664.16,1
10220.55,1
12930.52,1
1836.2,1
1114.2,1
6473.57,1
1638.42,1
7604.09,1
1518.8,1
2984.38,1
8994.69,1
2319.51,1
1742.75,1
14719.23,1
12617.06,1
17149.48,1
9119.86,1
6078.03,1
5187.35,1
798.7,1
9663.57,1
3371.91,1
2030.38,1
12873.02,1
2136.67,1
1938.08,1
3555.98,1
6874.13,1
5086.63,1
5909.67,1
7481.69,1
375.71,1
23625.23,1
14679.84,1
5036.21,1
3269.94,1
140.06,1
11059.0,1
6961.44,1
14330.56,1
4807.51,1
2200.76,1
15803.25,1
5845.32,1
12102.97,1
1976.83,1
3901.52,1
10155.35,1
3271.91,1
9864.33,1
9974.59,1
4767.89,1
7281.48,1
3911.59,1
6695.42,1
2577.44,1
7180.82,1
14879.9,1
16200.76,1
2334.48,1
16802.95,1
2244.54,1
2301.57,1
8042.45,1
1355.22,1
8042.77,1
7663.37,1
2969.82,1
8899.87,1
4282.47,1
16466.95,1
272.93,1
1347.47,1
57.21,1
17285.24,1
7889.41,1
168.38,1
1787.9,1
3124.89,1
159.46,1
3060.5,1
159.19,1
1642.74,1
3392.76,1
5752.96,1
5107.67,1
5970.77,1
12581.1,1
9634.84,1
924.81,1
15653.5,1
2224.21,1
12402.12,1
12482.84,1
2529.37,1
2016.38,1
2507.42,1
612.61,1
10938.09,1
8931.7,1
13506.59,1
992.58,1
8884.41,1
1290.94,1
8052.66,1
7095.87,1
5245.73,1
2519.94,1
14692.39,1
4470.41,1
2587.4,1
11363.02,1
2674.2,1
955.48,1
2634.84,1
1623.35,1
6515.27,1
7041.9,1
1423.71,1
3973.05,1
3695.12,1
2064.02,1
21542.16,1
3041.11,1
169.59,1
739.65,1
591.83,1
612.62,1
307.07,1
5726.36,1
2978.92,1
5288.16,1
3712.18,1
6128.81,1
4176.6,1
596.63,1
506.99,1
18662.39,1
8054.45,1
2533.79,1
21065.06,1
21581.11,1
9736.69,1
10145.09,1
569.33,1
15855.54,1
6720.01,1
719.74,1
21528.79,1
4741.15,1
3985.24,1
812.59,1
12415.63,1
4318.35,1
4688.13,1
2566.7,1
9720.67,1
5098.62,1
6584.53,1
5243.69,1
11696.38,1
10781.84,1
14400.88,1
3079.52,1
2462.03,1
8491.7,1
13397.01,1
3784.6,1
10041.93,1
2558.81,1
2563.48,1
19112.52,1
2263.34,1
14532.74,1
8625.77,1
7253.25,1
8540.74,1
16801.93,1
4272.17,1
11606.71,1
2307.17,1
5576.56,1
10704.33,1
4138.75,1
7269.11,1
210.75,1
18567.03,1
4950.07,1
16756.88,1
1383.71,1
2631.48,1
4357.44,1
4625.99,1
18989.4,1
683.9,1
13902.07,1
1957.5,1
4641.99,1
435.91,1
2628.29,1
1817.82,1
2174.23,1
3116.4,1
2614.62,1
449.08,1
4688.18,1
1329.97,1
5648.37,1
9827.15,1
3209.42,1
2828.94,1
299.43,1
16745.65,1
9559.8,1
4483.5,1
2346.58,1
2910.59,1
366.65,1
12075.19,1
83.04,1
5519.82,1
11163.67,1
4116.43,1
8434.1,1
7729.97,1
7339.42,1
8143.35,1
14945.12,1
6346.56,1
8763.0,1
19721.77,1
3125.43,1
13168.42,1
2418.62,1
2925.14,1
6183.98,1
7197.24,1
2991.91,1
18249.88,1
4343.7,1
1314.34,1
7125.19,1
2375.53,1
3435.37,1
18700.78,1
17807.35,1
1914.15,1
4355.67,1
20168.26,1
8556.37,1
7051.25,1
6564.14,1
1928.41,1
5884.57,1
17360.17,1
1384.37,1
7159.91,1
17479.67,1
2761.98,1
5249.03,1
338.9,1
12881.4,1
4115.05,1
12674.46,1
4153.42,1
11022.67,1
1768.51,1
2490.63,1
29.74,1
9644.44,1
1763.11,1
16893.94,1
1836.11,1
5726.67,1
7400.17,1
8053.84,1
15898.46,1
7599.34,1
2419.63,1
813.48,1
7138.4,1
20073.29,1
16841.73,1
3694.1,1
2963.42,1
2656.16,1
6725.13,1
13002.71,1
2615.08,1
9233.23,1
1318.74,1
187.37,1
3259.07,1
10305.0,1
12351.53,1
3053.53,1
195.5,1
8126.89,1
7116.38,1
1419.06,1
1373.96,1
3701.84,1
13720.01,1
13920.45,1
5295.69,1
8276.73,1
3724.59,1
7215.57,1
4400.35,1
4590.4,1
4292.67,1
6309.08,1
492.87,1
3822.43,1
8215.06,1
2039.55,1
12800.68,1
6184.06,1
12280.91,1
12282.62,1
7793.3,1
414.75,1
7704.52,1
2885.52,1
13966.49,1
2018.29,1
11305.56,1
16269.21,1
13180.85,1
3626.85,1
463.04,1
6546.24,1
3307.3,1
4915.15,1
6835.28,1
2589.67,1
8648.38,1
13123.05,1
9008.82,1
4260.0,1
9568.33,1
4206.39,1
5263.44,1
1341.17,1
9343.21,1
1633.98,1
8305.22,1
3004.47,1
2475.15,1
189.03,1
1513.47,1
15058.21,1
13331.12,1
2950.48,1
9311.79,1
15266.54,1
13879.5,1
4053.97,1
8090.47,1
4397.91,1
20920.78,1
1677.56,1
16172.27,1
2937.19,1
3115.59,1
